sect_name,t,source,region,sect_group,gvc,traditional,traditional_jpn.x,traditional_jpn.y
12-Electrical and Optical Equipment,1970,wiodlr,AUS,Manufacturing,0.0583259574550931,0.0449384347572688,2.02166971467556,2.02166971467556
12-Electrical and Optical Equipment,1970,wiodlr,AUT,Manufacturing,1.16913559679482,0.961783951348313,2.02166971467556,2.02166971467556
12-Electrical and Optical Equipment,1970,wiodlr,BEL,Manufacturing,0.470307402212536,0.412554248038373,2.02166971467556,2.02166971467556
12-Electrical and Optical Equipment,1970,wiodlr,BRA,Manufacturing,0.0885872906582282,0.111105805837411,2.02166971467556,2.02166971467556
12-Electrical and Optical Equipment,1970,wiodlr,CAN,Manufacturing,0.428655729820712,0.347865047020564,2.02166971467556,2.02166971467556
12-Electrical and Optical Equipment,1970,wiodlr,CHN,Manufacturing,0.0649753825959882,0.0965356435134483,2.02166971467556,2.02166971467556
12-Electrical and Optical Equipment,1970,wiodlr,DEU,Manufacturing,1.36565736968917,1.45489081844716,2.02166971467556,2.02166971467556
12-Electrical and Optical Equipment,1970,wiodlr,DNK,Manufacturing,1.02874787809851,0.67443093521271,2.02166971467556,2.02166971467556
12-Electrical and Optical Equipment,1970,wiodlr,ESP,Manufacturing,0.503531749796684,0.285351493954431,2.02166971467556,2.02166971467556
12-Electrical and Optical Equipment,1970,wiodlr,FIN,Manufacturing,0.292683802477641,0.210273190442539,2.02166971467556,2.02166971467556
12-Electrical and Optical Equipment,1970,wiodlr,FRA,Manufacturing,0.792456756943954,0.761252181816939,2.02166971467556,2.02166971467556
12-Electrical and Optical Equipment,1970,wiodlr,GBR,Manufacturing,0.93654547441709,0.97721739408831,2.02166971467556,2.02166971467556
12-Electrical and Optical Equipment,1970,wiodlr,GRC,Manufacturing,0,0,2.02166971467556,2.02166971467556
12-Electrical and Optical Equipment,1970,wiodlr,HKG,Manufacturing,3.01347846831081,0.813779456873877,2.02166971467556,2.02166971467556
12-Electrical and Optical Equipment,1970,wiodlr,IND,Manufacturing,0.151922567800613,0.0818666315274518,2.02166971467556,2.02166971467556
12-Electrical and Optical Equipment,1970,wiodlr,IRL,Manufacturing,1.11690982296681,0.6407269144635,2.02166971467556,2.02166971467556
12-Electrical and Optical Equipment,1970,wiodlr,ITA,Manufacturing,1.14574716749684,1.20322135280064,2.02166971467556,2.02166971467556
12-Electrical and Optical Equipment,1970,wiodlr,JPN,Manufacturing,1.57802113108311,2.02166971467556,2.02166971467556,2.02166971467556
12-Electrical and Optical Equipment,1970,wiodlr,KOR,Manufacturing,1.48730300834044,0.654888466854083,2.02166971467556,2.02166971467556
12-Electrical and Optical Equipment,1970,wiodlr,MEX,Manufacturing,1.08244759089915,0.495806322361068,2.02166971467556,2.02166971467556
12-Electrical and Optical Equipment,1970,wiodlr,NLD,Manufacturing,1.3342429051833,1.00914321960929,2.02166971467556,2.02166971467556
12-Electrical and Optical Equipment,1970,wiodlr,PRT,Manufacturing,1.02088868606613,0.531534021577077,2.02166971467556,2.02166971467556
12-Electrical and Optical Equipment,1970,wiodlr,SWE,Manufacturing,0.962643945367638,0.950864542510893,2.02166971467556,2.02166971467556
12-Electrical and Optical Equipment,1970,wiodlr,TWN,Manufacturing,3.93099097303423,1.38025030085352,2.02166971467556,2.02166971467556
12-Electrical and Optical Equipment,1970,wiodlr,USA,Manufacturing,0.884032973173401,1.16653303602684,2.02166971467556,2.02166971467556
12-Electrical and Optical Equipment,1990,wiodlr,AUS,Manufacturing,0.115461064022597,0.0942359992878476,2.2981012749452,2.2981012749452
12-Electrical and Optical Equipment,1990,wiodlr,AUT,Manufacturing,0.860590429234551,0.946963259250088,2.2981012749452,2.2981012749452
12-Electrical and Optical Equipment,1990,wiodlr,BEL,Manufacturing,0.345930639393511,0.347443429328913,2.2981012749452,2.2981012749452
12-Electrical and Optical Equipment,1990,wiodlr,BRA,Manufacturing,0.256122388391172,0.209851668808171,2.2981012749452,2.2981012749452
12-Electrical and Optical Equipment,1990,wiodlr,CAN,Manufacturing,0.624673640121294,0.370417356426382,2.2981012749452,2.2981012749452
12-Electrical and Optical Equipment,1990,wiodlr,CHN,Manufacturing,0.918622073375941,0.880329509441891,2.2981012749452,2.2981012749452
12-Electrical and Optical Equipment,1990,wiodlr,DEU,Manufacturing,0.815537535193725,0.990853432452504,2.2981012749452,2.2981012749452
12-Electrical and Optical Equipment,1990,wiodlr,DNK,Manufacturing,0.607629169455791,0.543462575821495,2.2981012749452,2.2981012749452
12-Electrical and Optical Equipment,1990,wiodlr,ESP,Manufacturing,0.488390808413115,0.400775446125396,2.2981012749452,2.2981012749452
12-Electrical and Optical Equipment,1990,wiodlr,FIN,Manufacturing,0.46470080606613,0.597406389035161,2.2981012749452,2.2981012749452
12-Electrical and Optical Equipment,1990,wiodlr,FRA,Manufacturing,0.660166982620544,0.615886494623707,2.2981012749452,2.2981012749452
12-Electrical and Optical Equipment,1990,wiodlr,GBR,Manufacturing,0.928871403097278,0.964809862430558,2.2981012749452,2.2981012749452
12-Electrical and Optical Equipment,1990,wiodlr,GRC,Manufacturing,0,0,2.2981012749452,2.2981012749452
12-Electrical and Optical Equipment,1990,wiodlr,HKG,Manufacturing,2.17292647788035,0.859182360953049,2.2981012749452,2.2981012749452
12-Electrical and Optical Equipment,1990,wiodlr,IND,Manufacturing,0.179612903220882,0.115933974253588,2.2981012749452,2.2981012749452
12-Electrical and Optical Equipment,1990,wiodlr,IRL,Manufacturing,2.0315627792298,1.32132763270236,2.2981012749452,2.2981012749452
12-Electrical and Optical Equipment,1990,wiodlr,ITA,Manufacturing,0.710783137717221,0.639872863924625,2.2981012749452,2.2981012749452
12-Electrical and Optical Equipment,1990,wiodlr,JPN,Manufacturing,2.17174372200261,2.2981012749452,2.2981012749452,2.2981012749452
12-Electrical and Optical Equipment,1990,wiodlr,KOR,Manufacturing,1.84550659328214,1.47978585784688,2.2981012749452,2.2981012749452
12-Electrical and Optical Equipment,1990,wiodlr,MEX,Manufacturing,2.18397083846712,1.351698085208,2.2981012749452,2.2981012749452
12-Electrical and Optical Equipment,1990,wiodlr,NLD,Manufacturing,0.806552295359364,0.64567546415252,2.2981012749452,2.2981012749452
12-Electrical and Optical Equipment,1990,wiodlr,PRT,Manufacturing,0.813047827273953,0.422691169558605,2.2981012749452,2.2981012749452
12-Electrical and Optical Equipment,1990,wiodlr,SWE,Manufacturing,0.73432442961668,0.747906886518392,2.2981012749452,2.2981012749452
12-Electrical and Optical Equipment,1990,wiodlr,TWN,Manufacturing,2.34492961121836,1.66934644207854,2.2981012749452,2.2981012749452
12-Electrical and Optical Equipment,1990,wiodlr,USA,Manufacturing,1.23816485737591,1.12259072958995,2.2981012749452,2.2981012749452
12-Electrical and Optical Equipment,2000,wiodlr,AUS,Manufacturing,0.1185082258563,0.156404990475641,1.84003197264237,1.84003197264237
12-Electrical and Optical Equipment,2000,wiodlr,AUT,Manufacturing,0.552721912026593,0.583218001406733,1.84003197264237,1.84003197264237
12-Electrical and Optical Equipment,2000,wiodlr,BEL,Manufacturing,0.279990040445346,0.36145041901263,1.84003197264237,1.84003197264237
12-Electrical and Optical Equipment,2000,wiodlr,BRA,Manufacturing,0.219930976249067,0.205870956760113,1.84003197264237,1.84003197264237
12-Electrical and Optical Equipment,2000,wiodlr,CAN,Manufacturing,0.546065742733674,0.429307435724688,1.84003197264237,1.84003197264237
12-Electrical and Optical Equipment,2000,wiodlr,CHN,Manufacturing,1.64729194561891,1.46102679072244,1.84003197264237,1.84003197264237
12-Electrical and Optical Equipment,2000,wiodlr,DEU,Manufacturing,0.645035001187379,0.842313351597395,1.84003197264237,1.84003197264237
12-Electrical and Optical Equipment,2000,wiodlr,DNK,Manufacturing,0.528690710223042,0.580202952016707,1.84003197264237,1.84003197264237
12-Electrical and Optical Equipment,2000,wiodlr,ESP,Manufacturing,0.363684537336823,0.326864155678031,1.84003197264237,1.84003197264237
12-Electrical and Optical Equipment,2000,wiodlr,FIN,Manufacturing,0.8490626251552,1.37192837366816,1.84003197264237,1.84003197264237
12-Electrical and Optical Equipment,2000,wiodlr,FRA,Manufacturing,0.607088051417805,0.619441007835536,1.84003197264237,1.84003197264237
12-Electrical and Optical Equipment,2000,wiodlr,GBR,Manufacturing,0.871525190188758,0.847312403270994,1.84003197264237,1.84003197264237
12-Electrical and Optical Equipment,2000,wiodlr,GRC,Manufacturing,0,0,1.84003197264237,1.84003197264237
12-Electrical and Optical Equipment,2000,wiodlr,HKG,Manufacturing,1.38751185294454,0.428629419983993,1.84003197264237,1.84003197264237
12-Electrical and Optical Equipment,2000,wiodlr,IND,Manufacturing,0.196653566437313,0.15600693488907,1.84003197264237,1.84003197264237
12-Electrical and Optical Equipment,2000,wiodlr,IRL,Manufacturing,1.67214004131109,1.22220687032977,1.84003197264237,1.84003197264237
12-Electrical and Optical Equipment,2000,wiodlr,ITA,Manufacturing,0.466350508083418,0.468326976573716,1.84003197264237,1.84003197264237
12-Electrical and Optical Equipment,2000,wiodlr,JPN,Manufacturing,1.84365078734882,1.84003197264237,1.84003197264237,1.84003197264237
12-Electrical and Optical Equipment,2000,wiodlr,KOR,Manufacturing,1.74600162683269,1.81908021912753,1.84003197264237,1.84003197264237
12-Electrical and Optical Equipment,2000,wiodlr,MEX,Manufacturing,2.20980457205102,1.31012941081822,1.84003197264237,1.84003197264237
12-Electrical and Optical Equipment,2000,wiodlr,NLD,Manufacturing,0.46455306473686,0.538121106350996,1.84003197264237,1.84003197264237
12-Electrical and Optical Equipment,2000,wiodlr,PRT,Manufacturing,0.79625086701478,0.455027316328031,1.84003197264237,1.84003197264237
12-Electrical and Optical Equipment,2000,wiodlr,SWE,Manufacturing,0.869627229590732,0.942228950792478,1.84003197264237,1.84003197264237
12-Electrical and Optical Equipment,2000,wiodlr,TWN,Manufacturing,2.37854557551393,2.2773345892361,1.84003197264237,1.84003197264237
12-Electrical and Optical Equipment,2000,wiodlr,USA,Manufacturing,1.18879143488517,1.12781834643087,1.84003197264237,1.84003197264237
13-Transport Equipment,1970,wiodlr,AUS,Manufacturing,0.0300396885288575,0.0267117773983337,1.16468167427719,1.16468167427719
13-Transport Equipment,1970,wiodlr,AUT,Manufacturing,0.352718363708235,0.368898364824911,1.16468167427719,1.16468167427719
13-Transport Equipment,1970,wiodlr,BEL,Manufacturing,1.02933195383426,0.879389743987972,1.16468167427719,1.16468167427719
13-Transport Equipment,1970,wiodlr,BRA,Manufacturing,0.0152408229015237,0.0112518696922689,1.16468167427719,1.16468167427719
13-Transport Equipment,1970,wiodlr,CAN,Manufacturing,2.63478908447801,1.59267665236476,1.16468167427719,1.16468167427719
13-Transport Equipment,1970,wiodlr,CHN,Manufacturing,0.00857673306571478,0.016850077631793,1.16468167427719,1.16468167427719
13-Transport Equipment,1970,wiodlr,DEU,Manufacturing,1.1734619607591,1.78281166100268,1.16468167427719,1.16468167427719
13-Transport Equipment,1970,wiodlr,DNK,Manufacturing,0.357623333970694,0.248495105032506,1.16468167427719,1.16468167427719
13-Transport Equipment,1970,wiodlr,ESP,Manufacturing,0.235075902128613,0.213053657775298,1.16468167427719,1.16468167427719
13-Transport Equipment,1970,wiodlr,FIN,Manufacturing,0.279648183874625,0.273973315087175,1.16468167427719,1.16468167427719
13-Transport Equipment,1970,wiodlr,FRA,Manufacturing,0.881569194858957,1.05888268406921,1.16468167427719,1.16468167427719
13-Transport Equipment,1970,wiodlr,GBR,Manufacturing,0.871504486258412,0.998527027905052,1.16468167427719,1.16468167427719
13-Transport Equipment,1970,wiodlr,GRC,Manufacturing,0,0,1.16468167427719,1.16468167427719
13-Transport Equipment,1970,wiodlr,HKG,Manufacturing,0.131630105782743,0.0570296035622208,1.16468167427719,1.16468167427719
13-Transport Equipment,1970,wiodlr,IND,Manufacturing,0.0289181304014831,0.0152353930168393,1.16468167427719,1.16468167427719
13-Transport Equipment,1970,wiodlr,IRL,Manufacturing,0.218108103315964,0.10848886317557,1.16468167427719,1.16468167427719
13-Transport Equipment,1970,wiodlr,ITA,Manufacturing,0.596754951062131,0.816311304472072,1.16468167427719,1.16468167427719
13-Transport Equipment,1970,wiodlr,JPN,Manufacturing,0.493155952253907,1.16468167427719,1.16468167427719,1.16468167427719
13-Transport Equipment,1970,wiodlr,KOR,Manufacturing,0.0157257441960458,0.0230505434421453,1.16468167427719,1.16468167427719
13-Transport Equipment,1970,wiodlr,MEX,Manufacturing,0.254599866009663,0.157808599546398,1.16468167427719,1.16468167427719
13-Transport Equipment,1970,wiodlr,NLD,Manufacturing,0.327679539034107,0.289522428884931,1.16468167427719,1.16468167427719
13-Transport Equipment,1970,wiodlr,PRT,Manufacturing,0.096314077331441,0.0426278723462363,1.16468167427719,1.16468167427719
13-Transport Equipment,1970,wiodlr,SWE,Manufacturing,0.793950114750466,1.03616349543884,1.16468167427719,1.16468167427719
13-Transport Equipment,1970,wiodlr,TWN,Manufacturing,0.106973799924049,0.120821318271485,1.16468167427719,1.16468167427719
13-Transport Equipment,1970,wiodlr,USA,Manufacturing,1.64417763173068,1.07907045541,1.16468167427719,1.16468167427719
13-Transport Equipment,1990,wiodlr,AUS,Manufacturing,0.158915594382154,0.127592970266269,2.07126202745314,2.07126202745314
13-Transport Equipment,1990,wiodlr,AUT,Manufacturing,0.722945560407915,0.391746674055351,2.07126202745314,2.07126202745314
13-Transport Equipment,1990,wiodlr,BEL,Manufacturing,1.25516528672259,0.899363688561702,2.07126202745314,2.07126202745314
13-Transport Equipment,1990,wiodlr,BRA,Manufacturing,0.555185140277784,0.626802783133643,2.07126202745314,2.07126202745314
13-Transport Equipment,1990,wiodlr,CAN,Manufacturing,2.63984231010314,1.59777813401293,2.07126202745314,2.07126202745314
13-Transport Equipment,1990,wiodlr,CHN,Manufacturing,0.0595150148594066,0.0570603609564633,2.07126202745314,2.07126202745314
13-Transport Equipment,1990,wiodlr,DEU,Manufacturing,1.19068835408555,1.60147833176774,2.07126202745314,2.07126202745314
13-Transport Equipment,1990,wiodlr,DNK,Manufacturing,0.249612184592194,0.153665437714568,2.07126202745314,2.07126202745314
13-Transport Equipment,1990,wiodlr,ESP,Manufacturing,1.40689593461669,1.28789512379996,2.07126202745314,2.07126202745314
13-Transport Equipment,1990,wiodlr,FIN,Manufacturing,0.245413230882889,0.310938522393849,2.07126202745314,2.07126202745314
13-Transport Equipment,1990,wiodlr,FRA,Manufacturing,1.20651755222648,1.04993511334292,2.07126202745314,2.07126202745314
13-Transport Equipment,1990,wiodlr,GBR,Manufacturing,0.815155785176943,0.705709633613559,2.07126202745314,2.07126202745314
13-Transport Equipment,1990,wiodlr,GRC,Manufacturing,0,0,2.07126202745314,2.07126202745314
13-Transport Equipment,1990,wiodlr,HKG,Manufacturing,0.231986635919794,0.0911874348192247,2.07126202745314,2.07126202745314
13-Transport Equipment,1990,wiodlr,IND,Manufacturing,0.0954761628652917,0.0340321217533084,2.07126202745314,2.07126202745314
13-Transport Equipment,1990,wiodlr,IRL,Manufacturing,0.137791215559481,0.0730269371624624,2.07126202745314,2.07126202745314
13-Transport Equipment,1990,wiodlr,ITA,Manufacturing,0.606762062009258,0.587972056849331,2.07126202745314,2.07126202745314
13-Transport Equipment,1990,wiodlr,JPN,Manufacturing,1.18384060732346,2.07126202745314,2.07126202745314,2.07126202745314
13-Transport Equipment,1990,wiodlr,KOR,Manufacturing,0.309057314342834,0.395567716187432,2.07126202745314,2.07126202745314
13-Transport Equipment,1990,wiodlr,MEX,Manufacturing,1.53688538839041,0.967199499630844,2.07126202745314,2.07126202745314
13-Transport Equipment,1990,wiodlr,NLD,Manufacturing,0.445557793787962,0.303314776294225,2.07126202745314,2.07126202745314
13-Transport Equipment,1990,wiodlr,PRT,Manufacturing,0.996383251379105,0.471378317117788,2.07126202745314,2.07126202745314
13-Transport Equipment,1990,wiodlr,SWE,Manufacturing,1.25312072094235,1.04182142593789,2.07126202745314,2.07126202745314
13-Transport Equipment,1990,wiodlr,TWN,Manufacturing,0.21179368375865,0.174508807547148,2.07126202745314,2.07126202745314
13-Transport Equipment,1990,wiodlr,USA,Manufacturing,1.2130651363643,0.857536724849702,2.07126202745314,2.07126202745314
13-Transport Equipment,2000,wiodlr,AUS,Manufacturing,0.200692486059196,0.14702895426767,1.83800061216505,1.83800061216505
13-Transport Equipment,2000,wiodlr,AUT,Manufacturing,1.11203151615418,0.567098341330943,1.83800061216505,1.83800061216505
13-Transport Equipment,2000,wiodlr,BEL,Manufacturing,0.951215148887037,0.812204288079879,1.83800061216505,1.83800061216505
13-Transport Equipment,2000,wiodlr,BRA,Manufacturing,0.7873320350862,0.847432284650345,1.83800061216505,1.83800061216505
13-Transport Equipment,2000,wiodlr,CAN,Manufacturing,2.31738431206651,1.49537595674424,1.83800061216505,1.83800061216505
13-Transport Equipment,2000,wiodlr,CHN,Manufacturing,0.151724977448842,0.159915537720037,1.83800061216505,1.83800061216505
13-Transport Equipment,2000,wiodlr,DEU,Manufacturing,1.43347565219522,1.72048970205956,1.83800061216505,1.83800061216505
13-Transport Equipment,2000,wiodlr,DNK,Manufacturing,0.2054756361039,0.11465614966668,1.83800061216505,1.83800061216505
13-Transport Equipment,2000,wiodlr,ESP,Manufacturing,1.67966920524425,1.37675940870282,1.83800061216505,1.83800061216505
13-Transport Equipment,2000,wiodlr,FIN,Manufacturing,0.310985928409545,0.430721607231572,1.83800061216505,1.83800061216505
13-Transport Equipment,2000,wiodlr,FRA,Manufacturing,1.30507043969073,1.29298494482151,1.83800061216505,1.83800061216505
13-Transport Equipment,2000,wiodlr,GBR,Manufacturing,0.862755914431207,0.74330875207293,1.83800061216505,1.83800061216505
13-Transport Equipment,2000,wiodlr,GRC,Manufacturing,0,0,1.83800061216505,1.83800061216505
13-Transport Equipment,2000,wiodlr,HKG,Manufacturing,0.0701888312619,0.0185605892755469,1.83800061216505,1.83800061216505
13-Transport Equipment,2000,wiodlr,IND,Manufacturing,0.133609132774459,0.0738045574469567,1.83800061216505,1.83800061216505
13-Transport Equipment,2000,wiodlr,IRL,Manufacturing,0.0935772067115664,0.0735685587588282,1.83800061216505,1.83800061216505
13-Transport Equipment,2000,wiodlr,ITA,Manufacturing,0.699696427703794,0.617518656496621,1.83800061216505,1.83800061216505
13-Transport Equipment,2000,wiodlr,JPN,Manufacturing,0.887595520220726,1.83800061216505,1.83800061216505,1.83800061216505
13-Transport Equipment,2000,wiodlr,KOR,Manufacturing,0.48465107551816,0.908653760209228,1.83800061216505,1.83800061216505
13-Transport Equipment,2000,wiodlr,MEX,Manufacturing,1.66440250395631,1.70869139225249,1.83800061216505,1.83800061216505
13-Transport Equipment,2000,wiodlr,NLD,Manufacturing,0.357767493454125,0.337134954725862,1.83800061216505,1.83800061216505
13-Transport Equipment,2000,wiodlr,PRT,Manufacturing,1.12683290987534,0.828270156094103,1.83800061216505,1.83800061216505
13-Transport Equipment,2000,wiodlr,SWE,Manufacturing,1.02209318274991,0.945736867931333,1.83800061216505,1.83800061216505
13-Transport Equipment,2000,wiodlr,TWN,Manufacturing,0.182197535781787,0.190245041339619,1.83800061216505,1.83800061216505
13-Transport Equipment,2000,wiodlr,USA,Manufacturing,1.25540606737028,0.841039071843785,1.83800061216505,1.83800061216505
"11-Machinery, nec.",1970,wiodlr,AUS,Manufacturing,0.0639576756504114,0.0525623711414009,0.785958323004185,0.785958323004185
"11-Machinery, nec.",1970,wiodlr,AUT,Manufacturing,1.32426536788531,0.822818853233519,0.785958323004185,0.785958323004185
"11-Machinery, nec.",1970,wiodlr,BEL,Manufacturing,0.675230699449873,0.666528379382172,0.785958323004185,0.785958323004185
"11-Machinery, nec.",1970,wiodlr,BRA,Manufacturing,0.0819548415000583,0.0713812815497198,0.785958323004185,0.785958323004185
"11-Machinery, nec.",1970,wiodlr,CAN,Manufacturing,0.59303641024987,0.392202949984661,0.785958323004185,0.785958323004185
"11-Machinery, nec.",1970,wiodlr,CHN,Manufacturing,0.0329599583125755,0.0147122968562364,0.785958323004185,0.785958323004185
"11-Machinery, nec.",1970,wiodlr,DEU,Manufacturing,1.98487835502322,2.18367151161527,0.785958323004185,0.785958323004185
"11-Machinery, nec.",1970,wiodlr,DNK,Manufacturing,1.37565608831363,0.933057813828893,0.785958323004185,0.785958323004185
"11-Machinery, nec.",1970,wiodlr,ESP,Manufacturing,0.475426300442729,0.323227382505338,0.785958323004185,0.785958323004185
"11-Machinery, nec.",1970,wiodlr,FIN,Manufacturing,0.690544121359952,0.459214365996082,0.785958323004185,0.785958323004185
"11-Machinery, nec.",1970,wiodlr,FRA,Manufacturing,0.70212131843022,0.716004880342224,0.785958323004185,0.785958323004185
"11-Machinery, nec.",1970,wiodlr,GBR,Manufacturing,1.56166559292067,1.50450000641727,0.785958323004185,0.785958323004185
"11-Machinery, nec.",1970,wiodlr,GRC,Manufacturing,0.0495262614659803,0.0231561068287058,0.785958323004185,0.785958323004185
"11-Machinery, nec.",1970,wiodlr,HKG,Manufacturing,0.243017825147769,0.0714540231838594,0.785958323004185,0.785958323004185
"11-Machinery, nec.",1970,wiodlr,IND,Manufacturing,0.0943063593583932,0.0450633720652079,0.785958323004185,0.785958323004185
"11-Machinery, nec.",1970,wiodlr,IRL,Manufacturing,0.456363236464183,0.165245723692679,0.785958323004185,0.785958323004185
"11-Machinery, nec.",1970,wiodlr,ITA,Manufacturing,1.3937745463156,1.13741669103766,0.785958323004185,0.785958323004185
"11-Machinery, nec.",1970,wiodlr,JPN,Manufacturing,0.802789347580455,0.785958323004185,0.785958323004185,0.785958323004185
"11-Machinery, nec.",1970,wiodlr,KOR,Manufacturing,0.0334343134588094,0.0223854342783645,0.785958323004185,0.785958323004185
"11-Machinery, nec.",1970,wiodlr,MEX,Manufacturing,0.402242278042974,0.170663757889497,0.785958323004185,0.785958323004185
"11-Machinery, nec.",1970,wiodlr,NLD,Manufacturing,0.435788318208872,0.474152400078085,0.785958323004185,0.785958323004185
"11-Machinery, nec.",1970,wiodlr,PRT,Manufacturing,0.203463887139945,0.0915466055653277,0.785958323004185,0.785958323004185
"11-Machinery, nec.",1970,wiodlr,SWE,Manufacturing,1.48210506627516,1.23411143418744,0.785958323004185,0.785958323004185
"11-Machinery, nec.",1970,wiodlr,TWN,Manufacturing,0.718221304416217,0.239473938331726,0.785958323004185,0.785958323004185
"11-Machinery, nec.",1970,wiodlr,USA,Manufacturing,1.04790586620206,1.18802784859552,0.785958323004185,0.785958323004185
"11-Machinery, nec.",1990,wiodlr,AUS,Manufacturing,0.271454599462743,0.161831878371811,1.48808303056304,1.48808303056304
"11-Machinery, nec.",1990,wiodlr,AUT,Manufacturing,1.41296985637594,1.1708874357846,1.48808303056304,1.48808303056304
"11-Machinery, nec.",1990,wiodlr,BEL,Manufacturing,0.600760025621017,0.651453090859721,1.48808303056304,1.48808303056304
"11-Machinery, nec.",1990,wiodlr,BRA,Manufacturing,0.373832714322706,0.492144744177919,1.48808303056304,1.48808303056304
"11-Machinery, nec.",1990,wiodlr,CAN,Manufacturing,0.548801846486912,0.368954011593829,1.48808303056304,1.48808303056304
"11-Machinery, nec.",1990,wiodlr,CHN,Manufacturing,0.316252823442061,0.1526073275124,1.48808303056304,1.48808303056304
"11-Machinery, nec.",1990,wiodlr,DEU,Manufacturing,1.55882829751284,1.90918423301605,1.48808303056304,1.48808303056304
"11-Machinery, nec.",1990,wiodlr,DNK,Manufacturing,1.44713727200869,1.09074406283964,1.48808303056304,1.48808303056304
"11-Machinery, nec.",1990,wiodlr,ESP,Manufacturing,0.619805746059573,0.542773749646912,1.48808303056304,1.48808303056304
"11-Machinery, nec.",1990,wiodlr,FIN,Manufacturing,1.07314481638705,1.06558826658019,1.48808303056304,1.48808303056304
"11-Machinery, nec.",1990,wiodlr,FRA,Manufacturing,0.806959197394515,0.761439168760819,1.48808303056304,1.48808303056304
"11-Machinery, nec.",1990,wiodlr,GBR,Manufacturing,1.13176718790672,1.02916590747177,1.48808303056304,1.48808303056304
"11-Machinery, nec.",1990,wiodlr,GRC,Manufacturing,0.166182706515922,0.0860268637889631,1.48808303056304,1.48808303056304
"11-Machinery, nec.",1990,wiodlr,HKG,Manufacturing,0.838067999993231,0.301667380572702,1.48808303056304,1.48808303056304
"11-Machinery, nec.",1990,wiodlr,IND,Manufacturing,0.248942767344328,0.105133010480591,1.48808303056304,1.48808303056304
"11-Machinery, nec.",1990,wiodlr,IRL,Manufacturing,0.979049815852129,0.435159076599832,1.48808303056304,1.48808303056304
"11-Machinery, nec.",1990,wiodlr,ITA,Manufacturing,1.54022313757396,1.44628174914681,1.48808303056304,1.48808303056304
"11-Machinery, nec.",1990,wiodlr,JPN,Manufacturing,1.2636852050713,1.48808303056304,1.48808303056304,1.48808303056304
"11-Machinery, nec.",1990,wiodlr,KOR,Manufacturing,0.410312512697585,0.340566391974994,1.48808303056304,1.48808303056304
"11-Machinery, nec.",1990,wiodlr,MEX,Manufacturing,0.373001375761435,0.271958354933622,1.48808303056304,1.48808303056304
"11-Machinery, nec.",1990,wiodlr,NLD,Manufacturing,0.641735244755097,0.594491295948262,1.48808303056304,1.48808303056304
"11-Machinery, nec.",1990,wiodlr,PRT,Manufacturing,0.463127958518168,0.310925255274041,1.48808303056304,1.48808303056304
"11-Machinery, nec.",1990,wiodlr,SWE,Manufacturing,1.39874449186577,1.36029888006141,1.48808303056304,1.48808303056304
"11-Machinery, nec.",1990,wiodlr,TWN,Manufacturing,1.0832313828547,0.71789072542138,1.48808303056304,1.48808303056304
"11-Machinery, nec.",1990,wiodlr,USA,Manufacturing,1.07302124683729,0.968290753836934,1.48808303056304,1.48808303056304
"11-Machinery, nec.",2000,wiodlr,AUS,Manufacturing,0.316036378076478,0.202472493275618,1.85286098719128,1.85286098719128
"11-Machinery, nec.",2000,wiodlr,AUT,Manufacturing,1.25664029991662,1.0456116654031,1.85286098719128,1.85286098719128
"11-Machinery, nec.",2000,wiodlr,BEL,Manufacturing,0.687131286473726,0.645560571452566,1.85286098719128,1.85286098719128
"11-Machinery, nec.",2000,wiodlr,BRA,Manufacturing,0.483357278419124,0.428382401246934,1.85286098719128,1.85286098719128
"11-Machinery, nec.",2000,wiodlr,CAN,Manufacturing,0.713358430087053,0.529857859423595,1.85286098719128,1.85286098719128
"11-Machinery, nec.",2000,wiodlr,CHN,Manufacturing,0.596503350839892,0.498761617983957,1.85286098719128,1.85286098719128
"11-Machinery, nec.",2000,wiodlr,DEU,Manufacturing,1.48226813056815,1.63784163485303,1.85286098719128,1.85286098719128
"11-Machinery, nec.",2000,wiodlr,DNK,Manufacturing,1.28183790005627,0.941437587794977,1.85286098719128,1.85286098719128
"11-Machinery, nec.",2000,wiodlr,ESP,Manufacturing,0.60395367358351,0.51625815312156,1.85286098719128,1.85286098719128
"11-Machinery, nec.",2000,wiodlr,FIN,Manufacturing,1.0105815443969,0.9218592518612,1.85286098719128,1.85286098719128
"11-Machinery, nec.",2000,wiodlr,FRA,Manufacturing,0.884970464011588,0.772593101651377,1.85286098719128,1.85286098719128
"11-Machinery, nec.",2000,wiodlr,GBR,Manufacturing,0.978734448040587,0.837842166371176,1.85286098719128,1.85286098719128
"11-Machinery, nec.",2000,wiodlr,GRC,Manufacturing,0.302773324961302,0.184315577006885,1.85286098719128,1.85286098719128
"11-Machinery, nec.",2000,wiodlr,HKG,Manufacturing,0.652571071536547,0.160391008501748,1.85286098719128,1.85286098719128
"11-Machinery, nec.",2000,wiodlr,IND,Manufacturing,0.368865700669097,0.177809026279149,1.85286098719128,1.85286098719128
"11-Machinery, nec.",2000,wiodlr,IRL,Manufacturing,0.356213259408105,0.188430653502495,1.85286098719128,1.85286098719128
"11-Machinery, nec.",2000,wiodlr,ITA,Manufacturing,1.78021503713944,1.64626565180158,1.85286098719128,1.85286098719128
"11-Machinery, nec.",2000,wiodlr,JPN,Manufacturing,1.40015560913959,1.85286098719128,1.85286098719128,1.85286098719128
"11-Machinery, nec.",2000,wiodlr,KOR,Manufacturing,0.70570550638593,0.810104674171113,1.85286098719128,1.85286098719128
"11-Machinery, nec.",2000,wiodlr,MEX,Manufacturing,0.324523596786151,0.278124803685916,1.85286098719128,1.85286098719128
"11-Machinery, nec.",2000,wiodlr,NLD,Manufacturing,0.723176382165236,0.655590759000166,1.85286098719128,1.85286098719128
"11-Machinery, nec.",2000,wiodlr,PRT,Manufacturing,0.634100438379256,0.501898056289421,1.85286098719128,1.85286098719128
"11-Machinery, nec.",2000,wiodlr,SWE,Manufacturing,1.30830952037397,1.22467738716661,1.85286098719128,1.85286098719128
"11-Machinery, nec.",2000,wiodlr,TWN,Manufacturing,1.0726982195691,0.924642716061152,1.85286098719128,1.85286098719128
"11-Machinery, nec.",2000,wiodlr,USA,Manufacturing,1.21863359042788,1.14107643583662,1.85286098719128,1.85286098719128
10-Basic Metals and Fabricated Metal,1970,wiodlr,AUS,Manufacturing,1.47399578729203,1.40748836002509,2.19207589342667,2.19207589342667
10-Basic Metals and Fabricated Metal,1970,wiodlr,AUT,Manufacturing,1.36829100925082,1.15834788292399,2.19207589342667,2.19207589342667
10-Basic Metals and Fabricated Metal,1970,wiodlr,BEL,Manufacturing,1.6781693116582,1.92833955482881,2.19207589342667,2.19207589342667
10-Basic Metals and Fabricated Metal,1970,wiodlr,BRA,Manufacturing,1.21173679722569,0.903078204153391,2.19207589342667,2.19207589342667
10-Basic Metals and Fabricated Metal,1970,wiodlr,CAN,Manufacturing,1.28835683301154,1.36617491647089,2.19207589342667,2.19207589342667
10-Basic Metals and Fabricated Metal,1970,wiodlr,CHN,Manufacturing,0.187776406831739,0.140680922707315,2.19207589342667,2.19207589342667
10-Basic Metals and Fabricated Metal,1970,wiodlr,DEU,Manufacturing,0.951282337025839,0.935407845569319,2.19207589342667,2.19207589342667
10-Basic Metals and Fabricated Metal,1970,wiodlr,DNK,Manufacturing,0.334774010767128,0.281748496339942,2.19207589342667,2.19207589342667
10-Basic Metals and Fabricated Metal,1970,wiodlr,ESP,Manufacturing,0.556735995322103,0.42402235038548,2.19207589342667,2.19207589342667
10-Basic Metals and Fabricated Metal,1970,wiodlr,FIN,Manufacturing,0.764587775520739,0.459312017101137,2.19207589342667,2.19207589342667
10-Basic Metals and Fabricated Metal,1970,wiodlr,FRA,Manufacturing,1.10657776215589,0.929118896482295,2.19207589342667,2.19207589342667
10-Basic Metals and Fabricated Metal,1970,wiodlr,GBR,Manufacturing,0.890147049735549,1.01688439418176,2.19207589342667,2.19207589342667
10-Basic Metals and Fabricated Metal,1970,wiodlr,GRC,Manufacturing,1.68428967134309,1.02525830059758,2.19207589342667,2.19207589342667
10-Basic Metals and Fabricated Metal,1970,wiodlr,HKG,Manufacturing,0.214206517422246,0.221610980306274,2.19207589342667,2.19207589342667
10-Basic Metals and Fabricated Metal,1970,wiodlr,IND,Manufacturing,1.171646953115,0.933519375355757,2.19207589342667,2.19207589342667
10-Basic Metals and Fabricated Metal,1970,wiodlr,IRL,Manufacturing,0.374497214702998,0.300368740302881,2.19207589342667,2.19207589342667
10-Basic Metals and Fabricated Metal,1970,wiodlr,ITA,Manufacturing,0.426508749923087,0.465760420555608,2.19207589342667,2.19207589342667
10-Basic Metals and Fabricated Metal,1970,wiodlr,JPN,Manufacturing,1.87155383300862,2.19207589342667,2.19207589342667,2.19207589342667
10-Basic Metals and Fabricated Metal,1970,wiodlr,KOR,Manufacturing,0.358598051474402,0.219650802089159,2.19207589342667,2.19207589342667
10-Basic Metals and Fabricated Metal,1970,wiodlr,MEX,Manufacturing,0.422990952157455,0.334451156882305,2.19207589342667,2.19207589342667
10-Basic Metals and Fabricated Metal,1970,wiodlr,NLD,Manufacturing,0.598429188239961,0.680636020189702,2.19207589342667,2.19207589342667
10-Basic Metals and Fabricated Metal,1970,wiodlr,PRT,Manufacturing,0.202604433688761,0.184296073000836,2.19207589342667,2.19207589342667
10-Basic Metals and Fabricated Metal,1970,wiodlr,SWE,Manufacturing,1.61226588823473,1.47998031912801,2.19207589342667,2.19207589342667
10-Basic Metals and Fabricated Metal,1970,wiodlr,TWN,Manufacturing,0.539944817890378,0.439719674798712,2.19207589342667,2.19207589342667
10-Basic Metals and Fabricated Metal,1970,wiodlr,USA,Manufacturing,0.798668192663746,0.71838087889726,2.19207589342667,2.19207589342667
10-Basic Metals and Fabricated Metal,1990,wiodlr,AUS,Manufacturing,1.97961953597004,2.20902543609964,0.889198579456581,0.889198579456581
10-Basic Metals and Fabricated Metal,1990,wiodlr,AUT,Manufacturing,1.66103612434328,1.60332952862791,0.889198579456581,0.889198579456581
10-Basic Metals and Fabricated Metal,1990,wiodlr,BEL,Manufacturing,1.43773509395846,1.79212353974198,0.889198579456581,0.889198579456581
10-Basic Metals and Fabricated Metal,1990,wiodlr,BRA,Manufacturing,2.07888577222946,2.38810336891933,0.889198579456581,0.889198579456581
10-Basic Metals and Fabricated Metal,1990,wiodlr,CAN,Manufacturing,1.09467200316108,1.41836489832631,0.889198579456581,0.889198579456581
10-Basic Metals and Fabricated Metal,1990,wiodlr,CHN,Manufacturing,1.01718063698384,0.906071303698029,0.889198579456581,0.889198579456581
10-Basic Metals and Fabricated Metal,1990,wiodlr,DEU,Manufacturing,1.08173747950905,1.0379221400034,0.889198579456581,0.889198579456581
10-Basic Metals and Fabricated Metal,1990,wiodlr,DNK,Manufacturing,0.7068041866427,0.572178292449975,0.889198579456581,0.889198579456581
10-Basic Metals and Fabricated Metal,1990,wiodlr,ESP,Manufacturing,1.05960562553314,0.971121386562271,0.889198579456581,0.889198579456581
10-Basic Metals and Fabricated Metal,1990,wiodlr,FIN,Manufacturing,1.32960665287906,1.1674328197307,0.889198579456581,0.889198579456581
10-Basic Metals and Fabricated Metal,1990,wiodlr,FRA,Manufacturing,1.08939106226525,1.06617332207877,0.889198579456581,0.889198579456581
10-Basic Metals and Fabricated Metal,1990,wiodlr,GBR,Manufacturing,0.984319300978989,1.04406131047138,0.889198579456581,0.889198579456581
10-Basic Metals and Fabricated Metal,1990,wiodlr,GRC,Manufacturing,2.0521111853699,1.23110727318237,0.889198579456581,0.889198579456581
10-Basic Metals and Fabricated Metal,1990,wiodlr,HKG,Manufacturing,0.285726087469633,0.286013191568258,0.889198579456581,0.889198579456581
10-Basic Metals and Fabricated Metal,1990,wiodlr,IND,Manufacturing,0.382916732876085,0.315484406656759,0.889198579456581,0.889198579456581
10-Basic Metals and Fabricated Metal,1990,wiodlr,IRL,Manufacturing,0.513260294162845,0.425175978149289,0.889198579456581,0.889198579456581
10-Basic Metals and Fabricated Metal,1990,wiodlr,ITA,Manufacturing,1.06591526879885,0.973756289750235,0.889198579456581,0.889198579456581
10-Basic Metals and Fabricated Metal,1990,wiodlr,JPN,Manufacturing,1.03552091300918,0.889198579456581,0.889198579456581,0.889198579456581
10-Basic Metals and Fabricated Metal,1990,wiodlr,KOR,Manufacturing,1.10374670006527,1.29490242674142,0.889198579456581,0.889198579456581
10-Basic Metals and Fabricated Metal,1990,wiodlr,MEX,Manufacturing,0.610989103853155,0.897279370036229,0.889198579456581,0.889198579456581
10-Basic Metals and Fabricated Metal,1990,wiodlr,NLD,Manufacturing,0.793247037818566,0.848319426812713,0.889198579456581,0.889198579456581
10-Basic Metals and Fabricated Metal,1990,wiodlr,PRT,Manufacturing,0.394865614423814,0.495690895458742,0.889198579456581,0.889198579456581
10-Basic Metals and Fabricated Metal,1990,wiodlr,SWE,Manufacturing,1.30514011125863,1.3637274508645,0.889198579456581,0.889198579456581
10-Basic Metals and Fabricated Metal,1990,wiodlr,TWN,Manufacturing,0.82266380620381,1.1538250939621,0.889198579456581,0.889198579456581
10-Basic Metals and Fabricated Metal,1990,wiodlr,USA,Manufacturing,0.62601042185916,0.597500536651684,0.889198579456581,0.889198579456581
10-Basic Metals and Fabricated Metal,2000,wiodlr,AUS,Manufacturing,2.46639898443939,1.86349656297388,0.90948395502213,0.90948395502213
10-Basic Metals and Fabricated Metal,2000,wiodlr,AUT,Manufacturing,1.73382542688476,1.49272901952573,0.90948395502213,0.90948395502213
10-Basic Metals and Fabricated Metal,2000,wiodlr,BEL,Manufacturing,1.52487344062828,1.42185102315932,0.90948395502213,0.90948395502213
10-Basic Metals and Fabricated Metal,2000,wiodlr,BRA,Manufacturing,1.86441153576961,1.89836601628314,0.90948395502213,0.90948395502213
10-Basic Metals and Fabricated Metal,2000,wiodlr,CAN,Manufacturing,0.993209000316951,1.33218921089347,0.90948395502213,0.90948395502213
10-Basic Metals and Fabricated Metal,2000,wiodlr,CHN,Manufacturing,0.982956380524021,1.09984184281815,0.90948395502213,0.90948395502213
10-Basic Metals and Fabricated Metal,2000,wiodlr,DEU,Manufacturing,1.35890620686172,1.26850959014199,0.90948395502213,0.90948395502213
10-Basic Metals and Fabricated Metal,2000,wiodlr,DNK,Manufacturing,0.78561355839333,0.587824025322936,0.90948395502213,0.90948395502213
10-Basic Metals and Fabricated Metal,2000,wiodlr,ESP,Manufacturing,1.10372697177617,0.881535280860346,0.90948395502213,0.90948395502213
10-Basic Metals and Fabricated Metal,2000,wiodlr,FIN,Manufacturing,1.49454891777347,1.00393383906702,0.90948395502213,0.90948395502213
10-Basic Metals and Fabricated Metal,2000,wiodlr,FRA,Manufacturing,1.05425277657026,0.913694054411102,0.90948395502213,0.90948395502213
10-Basic Metals and Fabricated Metal,2000,wiodlr,GBR,Manufacturing,0.814485593453586,0.836705463562348,0.90948395502213,0.90948395502213
10-Basic Metals and Fabricated Metal,2000,wiodlr,GRC,Manufacturing,2.73564252892134,1.44359564838735,0.90948395502213,0.90948395502213
10-Basic Metals and Fabricated Metal,2000,wiodlr,HKG,Manufacturing,0.392828722640763,0.196710926094408,0.90948395502213,0.90948395502213
10-Basic Metals and Fabricated Metal,2000,wiodlr,IND,Manufacturing,1.08144813523098,0.843829380737085,0.90948395502213,0.90948395502213
10-Basic Metals and Fabricated Metal,2000,wiodlr,IRL,Manufacturing,0.22310064451185,0.19867522798511,0.90948395502213,0.90948395502213
10-Basic Metals and Fabricated Metal,2000,wiodlr,ITA,Manufacturing,1.30090011907147,1.14120950310732,0.90948395502213,0.90948395502213
10-Basic Metals and Fabricated Metal,2000,wiodlr,JPN,Manufacturing,0.959440692276403,0.90948395502213,0.90948395502213,0.90948395502213
10-Basic Metals and Fabricated Metal,2000,wiodlr,KOR,Manufacturing,0.880162159015234,1.21709859735896,0.90948395502213,0.90948395502213
10-Basic Metals and Fabricated Metal,2000,wiodlr,MEX,Manufacturing,0.508992273101905,0.82537981759317,0.90948395502213,0.90948395502213
10-Basic Metals and Fabricated Metal,2000,wiodlr,NLD,Manufacturing,0.869376598605233,0.780380764421866,0.90948395502213,0.90948395502213
10-Basic Metals and Fabricated Metal,2000,wiodlr,PRT,Manufacturing,0.738053458994297,0.711573721357984,0.90948395502213,0.90948395502213
10-Basic Metals and Fabricated Metal,2000,wiodlr,SWE,Manufacturing,1.29430859277599,1.25812949030736,0.90948395502213,0.90948395502213
10-Basic Metals and Fabricated Metal,2000,wiodlr,TWN,Manufacturing,1.05116819520782,1.70165926131915,0.90948395502213,0.90948395502213
10-Basic Metals and Fabricated Metal,2000,wiodlr,USA,Manufacturing,0.639354423172159,0.656446203089301,0.90948395502213,0.90948395502213
"4-Textiles, Textile, Leather and Footwear",1970,wiodlr,AUS,Manufacturing,0.312303178719691,0.225049893777889,1.63073099881827,1.63073099881827
"4-Textiles, Textile, Leather and Footwear",1970,wiodlr,AUT,Manufacturing,1.32035804998054,1.68959078419806,1.63073099881827,1.63073099881827
"4-Textiles, Textile, Leather and Footwear",1970,wiodlr,BEL,Manufacturing,1.45050458177359,1.82030359366612,1.63073099881827,1.63073099881827
"4-Textiles, Textile, Leather and Footwear",1970,wiodlr,BRA,Manufacturing,0.207291514532388,0.265309563025201,1.63073099881827,1.63073099881827
"4-Textiles, Textile, Leather and Footwear",1970,wiodlr,CAN,Manufacturing,0.162924795770205,0.165916520819341,1.63073099881827,1.63073099881827
"4-Textiles, Textile, Leather and Footwear",1970,wiodlr,CHN,Manufacturing,1.5721140670223,2.30706504202216,1.63073099881827,1.63073099881827
"4-Textiles, Textile, Leather and Footwear",1970,wiodlr,DEU,Manufacturing,0.766392566736746,0.672267719713098,1.63073099881827,1.63073099881827
"4-Textiles, Textile, Leather and Footwear",1970,wiodlr,DNK,Manufacturing,0.884553941889114,0.705633263591361,1.63073099881827,1.63073099881827
"4-Textiles, Textile, Leather and Footwear",1970,wiodlr,ESP,Manufacturing,0.843305115827056,1.14504436146219,1.63073099881827,1.63073099881827
"4-Textiles, Textile, Leather and Footwear",1970,wiodlr,FIN,Manufacturing,0.663118202899942,0.824310610699028,1.63073099881827,1.63073099881827
"4-Textiles, Textile, Leather and Footwear",1970,wiodlr,FRA,Manufacturing,1.14672515898462,1.22539324057798,1.63073099881827,1.63073099881827
"4-Textiles, Textile, Leather and Footwear",1970,wiodlr,GBR,Manufacturing,0.977738187903804,1.13052174717776,1.63073099881827,1.63073099881827
"4-Textiles, Textile, Leather and Footwear",1970,wiodlr,GRC,Manufacturing,2.23707743018118,2.00610224028405,1.63073099881827,1.63073099881827
"4-Textiles, Textile, Leather and Footwear",1970,wiodlr,HKG,Manufacturing,5.11572107239192,5.185408098624,1.63073099881827,1.63073099881827
"4-Textiles, Textile, Leather and Footwear",1970,wiodlr,IND,Manufacturing,3.41661652994206,3.22194830764703,1.63073099881827,1.63073099881827
"4-Textiles, Textile, Leather and Footwear",1970,wiodlr,IRL,Manufacturing,1.31687587969229,0.969710600812402,1.63073099881827,1.63073099881827
"4-Textiles, Textile, Leather and Footwear",1970,wiodlr,ITA,Manufacturing,1.95085860809301,2.93950734481269,1.63073099881827,1.63073099881827
"4-Textiles, Textile, Leather and Footwear",1970,wiodlr,JPN,Manufacturing,1.14338330843284,1.63073099881827,1.63073099881827,1.63073099881827
"4-Textiles, Textile, Leather and Footwear",1970,wiodlr,KOR,Manufacturing,4.26026971579793,4.99166939670975,1.63073099881827,1.63073099881827
"4-Textiles, Textile, Leather and Footwear",1970,wiodlr,MEX,Manufacturing,0.653289293066943,0.980800400947422,1.63073099881827,1.63073099881827
"4-Textiles, Textile, Leather and Footwear",1970,wiodlr,NLD,Manufacturing,1.24471832995714,0.600086711193563,1.63073099881827,1.63073099881827
"4-Textiles, Textile, Leather and Footwear",1970,wiodlr,PRT,Manufacturing,2.78997312748232,2.60035988820068,1.63073099881827,1.63073099881827
"4-Textiles, Textile, Leather and Footwear",1970,wiodlr,SWE,Manufacturing,0.291126563577759,0.268978559050743,1.63073099881827,1.63073099881827
"4-Textiles, Textile, Leather and Footwear",1970,wiodlr,TWN,Manufacturing,1.10710701517914,2.28676204594308,1.63073099881827,1.63073099881827
"4-Textiles, Textile, Leather and Footwear",1970,wiodlr,USA,Manufacturing,0.289439249329377,0.306818456957639,1.63073099881827,1.63073099881827
"4-Textiles, Textile, Leather and Footwear",1990,wiodlr,AUS,Manufacturing,0.524366455319648,0.295866334108692,0.236135022714437,0.236135022714437
"4-Textiles, Textile, Leather and Footwear",1990,wiodlr,AUT,Manufacturing,0.952200695482096,1.04707292532831,0.236135022714437,0.236135022714437
"4-Textiles, Textile, Leather and Footwear",1990,wiodlr,BEL,Manufacturing,1.04728781454581,0.864135420979339,0.236135022714437,0.236135022714437
"4-Textiles, Textile, Leather and Footwear",1990,wiodlr,BRA,Manufacturing,0.781046558499699,1.28394242297745,0.236135022714437,0.236135022714437
"4-Textiles, Textile, Leather and Footwear",1990,wiodlr,CAN,Manufacturing,0.185952470437574,0.181610197850143,0.236135022714437,0.236135022714437
"4-Textiles, Textile, Leather and Footwear",1990,wiodlr,CHN,Manufacturing,4.35163746522799,5.74835799779353,0.236135022714437,0.236135022714437
"4-Textiles, Textile, Leather and Footwear",1990,wiodlr,DEU,Manufacturing,0.87823947066818,0.657183641038652,0.236135022714437,0.236135022714437
"4-Textiles, Textile, Leather and Footwear",1990,wiodlr,DNK,Manufacturing,0.712597780436641,0.575321699307204,0.236135022714437,0.236135022714437
"4-Textiles, Textile, Leather and Footwear",1990,wiodlr,ESP,Manufacturing,0.804337089141046,0.80265661353738,0.236135022714437,0.236135022714437
"4-Textiles, Textile, Leather and Footwear",1990,wiodlr,FIN,Manufacturing,0.42623032979415,0.42288994566158,0.236135022714437,0.236135022714437
"4-Textiles, Textile, Leather and Footwear",1990,wiodlr,FRA,Manufacturing,0.797559618397032,0.671384087536794,0.236135022714437,0.236135022714437
"4-Textiles, Textile, Leather and Footwear",1990,wiodlr,GBR,Manufacturing,0.651076195078681,0.648906024370953,0.236135022714437,0.236135022714437
"4-Textiles, Textile, Leather and Footwear",1990,wiodlr,GRC,Manufacturing,3.46863445717544,3.84933718192317,0.236135022714437,0.236135022714437
"4-Textiles, Textile, Leather and Footwear",1990,wiodlr,HKG,Manufacturing,3.9554818475171,3.62416292185446,0.236135022714437,0.236135022714437
"4-Textiles, Textile, Leather and Footwear",1990,wiodlr,IND,Manufacturing,3.53303400717315,5.13370656692433,0.236135022714437,0.236135022714437
"4-Textiles, Textile, Leather and Footwear",1990,wiodlr,IRL,Manufacturing,0.675176461361412,0.515017834886614,0.236135022714437,0.236135022714437
"4-Textiles, Textile, Leather and Footwear",1990,wiodlr,ITA,Manufacturing,2.0130532241185,2.4623840964411,0.236135022714437,0.236135022714437
"4-Textiles, Textile, Leather and Footwear",1990,wiodlr,JPN,Manufacturing,0.523771653840072,0.236135022714437,0.236135022714437,0.236135022714437
"4-Textiles, Textile, Leather and Footwear",1990,wiodlr,KOR,Manufacturing,3.49170620906985,4.59453301510476,0.236135022714437,0.236135022714437
"4-Textiles, Textile, Leather and Footwear",1990,wiodlr,MEX,Manufacturing,0.415732073136647,0.713871020549248,0.236135022714437,0.236135022714437
"4-Textiles, Textile, Leather and Footwear",1990,wiodlr,NLD,Manufacturing,0.499317354661394,0.348357045570766,0.236135022714437,0.236135022714437
"4-Textiles, Textile, Leather and Footwear",1990,wiodlr,PRT,Manufacturing,3.49433655974351,4.86950851623963,0.236135022714437,0.236135022714437
"4-Textiles, Textile, Leather and Footwear",1990,wiodlr,SWE,Manufacturing,0.196736292492707,0.166523190594772,0.236135022714437,0.236135022714437
"4-Textiles, Textile, Leather and Footwear",1990,wiodlr,TWN,Manufacturing,1.91800842199712,2.786783910017,0.236135022714437,0.236135022714437
"4-Textiles, Textile, Leather and Footwear",1990,wiodlr,USA,Manufacturing,0.332664056945676,0.29741631377566,0.236135022714437,0.236135022714437
"4-Textiles, Textile, Leather and Footwear",2000,wiodlr,AUS,Manufacturing,0.640693545661622,0.319695261861554,0.175259405784045,0.175259405784045
"4-Textiles, Textile, Leather and Footwear",2000,wiodlr,AUT,Manufacturing,0.917183735631286,0.744665196324275,0.175259405784045,0.175259405784045
"4-Textiles, Textile, Leather and Footwear",2000,wiodlr,BEL,Manufacturing,1.03637665763431,0.880290317756006,0.175259405784045,0.175259405784045
"4-Textiles, Textile, Leather and Footwear",2000,wiodlr,BRA,Manufacturing,0.771528977628456,1.07128144507479,0.175259405784045,0.175259405784045
"4-Textiles, Textile, Leather and Footwear",2000,wiodlr,CAN,Manufacturing,0.417866479577037,0.375485761975998,0.175259405784045,0.175259405784045
"4-Textiles, Textile, Leather and Footwear",2000,wiodlr,CHN,Manufacturing,3.15581297704996,4.52479300066627,0.175259405784045,0.175259405784045
"4-Textiles, Textile, Leather and Footwear",2000,wiodlr,DEU,Manufacturing,0.780109404548978,0.498582695177959,0.175259405784045,0.175259405784045
"4-Textiles, Textile, Leather and Footwear",2000,wiodlr,DNK,Manufacturing,0.827920899566838,0.622571725106749,0.175259405784045,0.175259405784045
"4-Textiles, Textile, Leather and Footwear",2000,wiodlr,ESP,Manufacturing,0.990201426788479,0.791179389391317,0.175259405784045,0.175259405784045
"4-Textiles, Textile, Leather and Footwear",2000,wiodlr,FIN,Manufacturing,0.307729952887873,0.199101168351797,0.175259405784045,0.175259405784045
"4-Textiles, Textile, Leather and Footwear",2000,wiodlr,FRA,Manufacturing,0.79377479278026,0.628793545899548,0.175259405784045,0.175259405784045
"4-Textiles, Textile, Leather and Footwear",2000,wiodlr,GBR,Manufacturing,0.533969787334232,0.507684722279822,0.175259405784045,0.175259405784045
"4-Textiles, Textile, Leather and Footwear",2000,wiodlr,GRC,Manufacturing,3.00261530839023,2.78528144111873,0.175259405784045,0.175259405784045
"4-Textiles, Textile, Leather and Footwear",2000,wiodlr,HKG,Manufacturing,3.95852033115142,2.07121955003909,0.175259405784045,0.175259405784045
"4-Textiles, Textile, Leather and Footwear",2000,wiodlr,IND,Manufacturing,3.78314411588122,4.65951635081366,0.175259405784045,0.175259405784045
"4-Textiles, Textile, Leather and Footwear",2000,wiodlr,IRL,Manufacturing,0.17505528284262,0.171451931579613,0.175259405784045,0.175259405784045
"4-Textiles, Textile, Leather and Footwear",2000,wiodlr,ITA,Manufacturing,2.25819156801159,2.36812404325911,0.175259405784045,0.175259405784045
"4-Textiles, Textile, Leather and Footwear",2000,wiodlr,JPN,Manufacturing,0.387682904649861,0.175259405784045,0.175259405784045,0.175259405784045
"4-Textiles, Textile, Leather and Footwear",2000,wiodlr,KOR,Manufacturing,1.78641764011829,1.67156361775463,0.175259405784045,0.175259405784045
"4-Textiles, Textile, Leather and Footwear",2000,wiodlr,MEX,Manufacturing,1.09296333166014,1.67943808822102,0.175259405784045,0.175259405784045
"4-Textiles, Textile, Leather and Footwear",2000,wiodlr,NLD,Manufacturing,0.41506493624899,0.306706998437652,0.175259405784045,0.175259405784045
"4-Textiles, Textile, Leather and Footwear",2000,wiodlr,PRT,Manufacturing,2.93453618604928,3.94174348035613,0.175259405784045,0.175259405784045
"4-Textiles, Textile, Leather and Footwear",2000,wiodlr,SWE,Manufacturing,0.217305263343644,0.238018105210104,0.175259405784045,0.175259405784045
"4-Textiles, Textile, Leather and Footwear",2000,wiodlr,TWN,Manufacturing,1.59564674579239,1.51434242795542,0.175259405784045,0.175259405784045
"4-Textiles, Textile, Leather and Footwear",2000,wiodlr,USA,Manufacturing,0.513590353930474,0.348127725660572,0.175259405784045,0.175259405784045
