source,region,t,sect_name,sect_group,gvc,traditional,period,traditional_med
wiodlr,JPN,1965,"1-Agriculture, Hunting, Forestry and Fishing","Agriculture, forestry and fishing",0.235359725172443,0.194256643762152,1965-1974,0.0500962090436171
wiodlr,JPN,1965,10-Basic Metals and Fabricated Metal,Manufacturing,1.87411191712811,2.2457441099235,1965-1974,1.20346367122633
wiodlr,JPN,1965,"11-Machinery, nec.",Manufacturing,0.736896109104641,0.739994395627128,1965-1974,1.38445637083887
wiodlr,JPN,1965,12-Electrical and Optical Equipment,Manufacturing,1.26007535954317,1.89499778040803,1965-1974,2.11542184948025
wiodlr,JPN,1965,13-Transport Equipment,Manufacturing,0.447041022001782,0.842327709028487,1965-1974,2.01761212455359
wiodlr,JPN,1965,"14-Manufacturing, nec.; Recycling",Manufacturing,1.98810886208929,1.58700015925313,1965-1974,0.540781372197159
wiodlr,JPN,1965,"3-Food, Beverages and Tobacco",Manufacturing,0.529129523683478,0.4049041349012,1965-1974,0.138245662622748
wiodlr,JPN,1965,"4-Textiles, Textile, Leather and Footwear",Manufacturing,1.53417082879139,2.3773590568111,1965-1974,0.446966839212932
wiodlr,JPN,1965,"5-Pulp, Paper, Paper, Printing and Publishing",Manufacturing,0.48047730623098,0.270135438746146,1965-1974,0.196687213007652
wiodlr,JPN,1965,"6-Coke, Refined Petroleum and Nuclear Fuel",Manufacturing,0.443071234447026,0.363649643297183,1965-1974,0.178334543149209
wiodlr,JPN,1965,7-Chemicals and Chemical Products,Manufacturing,0.78430527274595,0.926585833922169,1965-1974,0.819482976149523
wiodlr,JPN,1965,8-Rubber and Plastics,Manufacturing,1.20419570105273,1.18007450911216,1965-1974,0.909833430381939
wiodlr,JPN,1965,9-Other Non-Metallic Mineral,Manufacturing,2.14894785588611,1.69087859679448,1965-1974,0.811702527988084
wiodlr,JPN,1966,"1-Agriculture, Hunting, Forestry and Fishing","Agriculture, forestry and fishing",0.25118487696924,0.190059450275867,1965-1974,0.0500962090436171
wiodlr,JPN,1966,10-Basic Metals and Fabricated Metal,Manufacturing,1.74671377615552,2.1523978905027,1965-1974,1.20346367122633
wiodlr,JPN,1966,"11-Machinery, nec.",Manufacturing,0.757117817063012,0.786150341380357,1965-1974,1.38445637083887
wiodlr,JPN,1966,12-Electrical and Optical Equipment,Manufacturing,1.43519514059884,2.03527049194348,1965-1974,2.11542184948025
wiodlr,JPN,1966,13-Transport Equipment,Manufacturing,0.409621907107007,0.822774720019622,1965-1974,2.01761212455359
wiodlr,JPN,1966,"14-Manufacturing, nec.; Recycling",Manufacturing,2.04404706412379,1.55570701829613,1965-1974,0.540781372197159
wiodlr,JPN,1966,"3-Food, Beverages and Tobacco",Manufacturing,0.512328651593254,0.38408575548943,1965-1974,0.138245662622748
wiodlr,JPN,1966,"4-Textiles, Textile, Leather and Footwear",Manufacturing,1.49281602630333,2.28525547018956,1965-1974,0.446966839212932
wiodlr,JPN,1966,"5-Pulp, Paper, Paper, Printing and Publishing",Manufacturing,0.510432225359682,0.28319808062124,1965-1974,0.196687213007652
wiodlr,JPN,1966,"6-Coke, Refined Petroleum and Nuclear Fuel",Manufacturing,0.267302357932067,0.217763085704781,1965-1974,0.178334543149209
wiodlr,JPN,1966,7-Chemicals and Chemical Products,Manufacturing,0.888556912227384,1.00821286190398,1965-1974,0.819482976149523
wiodlr,JPN,1966,8-Rubber and Plastics,Manufacturing,1.34353150593282,1.28153986247557,1965-1974,0.909833430381939
wiodlr,JPN,1966,9-Other Non-Metallic Mineral,Manufacturing,2.08072538833589,1.60785754689279,1965-1974,0.811702527988084
wiodlr,JPN,1967,"1-Agriculture, Hunting, Forestry and Fishing","Agriculture, forestry and fishing",0.24248004669841,0.190668636852998,1965-1974,0.0500962090436171
wiodlr,JPN,1967,10-Basic Metals and Fabricated Metal,Manufacturing,1.69229436897304,2.07656999332165,1965-1974,1.20346367122633
wiodlr,JPN,1967,"11-Machinery, nec.",Manufacturing,0.839097229350687,0.842372638842158,1965-1974,1.38445637083887
wiodlr,JPN,1967,12-Electrical and Optical Equipment,Manufacturing,1.53356913329337,2.10800632458737,1965-1974,2.11542184948025
wiodlr,JPN,1967,13-Transport Equipment,Manufacturing,0.420961338039302,0.805665258161927,1965-1974,2.01761212455359
wiodlr,JPN,1967,"14-Manufacturing, nec.; Recycling",Manufacturing,1.98304311038778,1.50068253815342,1965-1974,0.540781372197159
wiodlr,JPN,1967,"3-Food, Beverages and Tobacco",Manufacturing,0.444456862538361,0.389963795459957,1965-1974,0.138245662622748
wiodlr,JPN,1967,"4-Textiles, Textile, Leather and Footwear",Manufacturing,1.52803996338186,2.24493745135862,1965-1974,0.446966839212932
wiodlr,JPN,1967,"5-Pulp, Paper, Paper, Printing and Publishing",Manufacturing,0.555265135045412,0.276679586345969,1965-1974,0.196687213007652
wiodlr,JPN,1967,"6-Coke, Refined Petroleum and Nuclear Fuel",Manufacturing,0.271971724437759,0.214551360898512,1965-1974,0.178334543149209
wiodlr,JPN,1967,7-Chemicals and Chemical Products,Manufacturing,0.838029084546736,0.982325453431037,1965-1974,0.819482976149523
wiodlr,JPN,1967,8-Rubber and Plastics,Manufacturing,1.17542326434064,1.25853710846586,1965-1974,0.909833430381939
wiodlr,JPN,1967,9-Other Non-Metallic Mineral,Manufacturing,2.16118483998355,1.65328676530046,1965-1974,0.811702527988084
wiodlr,JPN,1968,"1-Agriculture, Hunting, Forestry and Fishing","Agriculture, forestry and fishing",0.255998037194004,0.175395676819239,1965-1974,0.0500962090436171
wiodlr,JPN,1968,10-Basic Metals and Fabricated Metal,Manufacturing,1.74620231356837,2.11157637841752,1965-1974,1.20346367122633
wiodlr,JPN,1968,"11-Machinery, nec.",Manufacturing,0.827463359580387,0.879670662793661,1965-1974,1.38445637083887
wiodlr,JPN,1968,12-Electrical and Optical Equipment,Manufacturing,1.61389250076748,2.1831277897135,1965-1974,2.11542184948025
wiodlr,JPN,1968,13-Transport Equipment,Manufacturing,0.399596816502221,0.819122754068395,1965-1974,2.01761212455359
wiodlr,JPN,1968,"14-Manufacturing, nec.; Recycling",Manufacturing,1.83646940062877,1.40656414155842,1965-1974,0.540781372197159
wiodlr,JPN,1968,"3-Food, Beverages and Tobacco",Manufacturing,0.421171687125541,0.373867535625274,1965-1974,0.138245662622748
wiodlr,JPN,1968,"4-Textiles, Textile, Leather and Footwear",Manufacturing,1.42184165603812,2.05537319605064,1965-1974,0.446966839212932
wiodlr,JPN,1968,"5-Pulp, Paper, Paper, Printing and Publishing",Manufacturing,0.561362325605328,0.278141990226147,1965-1974,0.196687213007652
wiodlr,JPN,1968,"6-Coke, Refined Petroleum and Nuclear Fuel",Manufacturing,0.235532209715445,0.174120017555354,1965-1974,0.178334543149209
wiodlr,JPN,1968,7-Chemicals and Chemical Products,Manufacturing,0.759383048265698,0.883787454775669,1965-1974,0.819482976149523
wiodlr,JPN,1968,8-Rubber and Plastics,Manufacturing,1.15672417980953,1.27335938057448,1965-1974,0.909833430381939
wiodlr,JPN,1968,9-Other Non-Metallic Mineral,Manufacturing,2.0529895894312,1.57481029463397,1965-1974,0.811702527988084
wiodlr,JPN,1969,"1-Agriculture, Hunting, Forestry and Fishing","Agriculture, forestry and fishing",0.251232766499185,0.184799311983928,1965-1974,0.0500962090436171
wiodlr,JPN,1969,10-Basic Metals and Fabricated Metal,Manufacturing,1.69808180964942,2.10910488306697,1965-1974,1.20346367122633
wiodlr,JPN,1969,"11-Machinery, nec.",Manufacturing,0.81429764000738,0.829051021501645,1965-1974,1.38445637083887
wiodlr,JPN,1969,12-Electrical and Optical Equipment,Manufacturing,1.73677819770586,2.1843762984755,1965-1974,2.11542184948025
wiodlr,JPN,1969,13-Transport Equipment,Manufacturing,0.392689580156233,0.901396511408856,1965-1974,2.01761212455359
wiodlr,JPN,1969,"14-Manufacturing, nec.; Recycling",Manufacturing,1.60935848127235,1.30901333805057,1965-1974,0.540781372197159
wiodlr,JPN,1969,"3-Food, Beverages and Tobacco",Manufacturing,0.426177195935021,0.341593626528228,1965-1974,0.138245662622748
wiodlr,JPN,1969,"4-Textiles, Textile, Leather and Footwear",Manufacturing,1.26081145901949,1.88171218512842,1965-1974,0.446966839212932
wiodlr,JPN,1969,"5-Pulp, Paper, Paper, Printing and Publishing",Manufacturing,0.592999027097128,0.268233034808963,1965-1974,0.196687213007652
wiodlr,JPN,1969,"6-Coke, Refined Petroleum and Nuclear Fuel",Manufacturing,0.224168021323637,0.164625891111933,1965-1974,0.178334543149209
wiodlr,JPN,1969,7-Chemicals and Chemical Products,Manufacturing,0.741741119466937,0.816700182426654,1965-1974,0.819482976149523
wiodlr,JPN,1969,8-Rubber and Plastics,Manufacturing,1.21195375988296,1.3754462118795,1965-1974,0.909833430381939
wiodlr,JPN,1969,9-Other Non-Metallic Mineral,Manufacturing,2.05257550469008,1.56825291588565,1965-1974,0.811702527988084
wiodlr,JPN,1970,"1-Agriculture, Hunting, Forestry and Fishing","Agriculture, forestry and fishing",0.214661560647589,0.160011923327249,1965-1974,0.0500962090436171
wiodlr,JPN,1970,10-Basic Metals and Fabricated Metal,Manufacturing,1.87155383300862,2.19207589342667,1965-1974,1.20346367122633
wiodlr,JPN,1970,"11-Machinery, nec.",Manufacturing,0.802789347580455,0.785958323004185,1965-1974,1.38445637083887
wiodlr,JPN,1970,12-Electrical and Optical Equipment,Manufacturing,1.57802113108311,2.02166971467556,1965-1974,2.11542184948025
wiodlr,JPN,1970,13-Transport Equipment,Manufacturing,0.493155952253907,1.16468167427719,1965-1974,2.01761212455359
wiodlr,JPN,1970,"14-Manufacturing, nec.; Recycling",Manufacturing,1.43405467432549,1.22431929170163,1965-1974,0.540781372197159
wiodlr,JPN,1970,"3-Food, Beverages and Tobacco",Manufacturing,0.434822782004011,0.341294209821139,1965-1974,0.138245662622748
wiodlr,JPN,1970,"4-Textiles, Textile, Leather and Footwear",Manufacturing,1.14338330843284,1.63073099881827,1965-1974,0.446966839212932
wiodlr,JPN,1970,"5-Pulp, Paper, Paper, Printing and Publishing",Manufacturing,0.589092076178871,0.267367362266367,1965-1974,0.196687213007652
wiodlr,JPN,1970,"6-Coke, Refined Petroleum and Nuclear Fuel",Manufacturing,0.131749924574771,0.103702121155034,1965-1974,0.178334543149209
wiodlr,JPN,1970,7-Chemicals and Chemical Products,Manufacturing,0.744318377918194,0.78022359937172,1965-1974,0.819482976149523
wiodlr,JPN,1970,8-Rubber and Plastics,Manufacturing,1.17185106432168,1.32242421273201,1965-1974,0.909833430381939
wiodlr,JPN,1970,9-Other Non-Metallic Mineral,Manufacturing,1.58953575225585,1.23292791666003,1965-1974,0.811702527988084
wiodlr,JPN,1971,"1-Agriculture, Hunting, Forestry and Fishing","Agriculture, forestry and fishing",0.191509865094782,0.143578911938892,1965-1974,0.0500962090436171
wiodlr,JPN,1971,10-Basic Metals and Fabricated Metal,Manufacturing,2.00276881773598,2.19523419919364,1965-1974,1.20346367122633
wiodlr,JPN,1971,"11-Machinery, nec.",Manufacturing,0.800135794719432,0.791977845542552,1965-1974,1.38445637083887
wiodlr,JPN,1971,12-Electrical and Optical Equipment,Manufacturing,1.55075511497288,2.00251757424164,1965-1974,2.11542184948025
wiodlr,JPN,1971,13-Transport Equipment,Manufacturing,0.593786831516382,1.434010248531,1965-1974,2.01761212455359
wiodlr,JPN,1971,"14-Manufacturing, nec.; Recycling",Manufacturing,1.17053638520237,1.00234988446075,1965-1974,0.540781372197159
wiodlr,JPN,1971,"3-Food, Beverages and Tobacco",Manufacturing,0.421562221905575,0.305248790481601,1965-1974,0.138245662622748
wiodlr,JPN,1971,"4-Textiles, Textile, Leather and Footwear",Manufacturing,1.12783751133899,1.43726282406241,1965-1974,0.446966839212932
wiodlr,JPN,1971,"5-Pulp, Paper, Paper, Printing and Publishing",Manufacturing,0.597252955862925,0.260892286979242,1965-1974,0.196687213007652
wiodlr,JPN,1971,"6-Coke, Refined Petroleum and Nuclear Fuel",Manufacturing,0.143311507651729,0.112319572977534,1965-1974,0.178334543149209
wiodlr,JPN,1971,7-Chemicals and Chemical Products,Manufacturing,0.799526542337749,0.822265769872392,1965-1974,0.819482976149523
wiodlr,JPN,1971,8-Rubber and Plastics,Manufacturing,1.01996693355705,1.12790610526789,1965-1974,0.909833430381939
wiodlr,JPN,1971,9-Other Non-Metallic Mineral,Manufacturing,1.31186286558495,1.0587945813854,1965-1974,0.811702527988084
wiodlr,JPN,1972,"1-Agriculture, Hunting, Forestry and Fishing","Agriculture, forestry and fishing",0.133986683145765,0.102068808936618,1965-1974,0.0500962090436171
wiodlr,JPN,1972,10-Basic Metals and Fabricated Metal,Manufacturing,1.84166912997044,1.96963181916338,1965-1974,1.20346367122633
wiodlr,JPN,1972,"11-Machinery, nec.",Manufacturing,0.873428211068493,0.814121398468594,1965-1974,1.38445637083887
wiodlr,JPN,1972,12-Electrical and Optical Equipment,Manufacturing,1.79763423999415,2.2065261702589,1965-1974,2.11542184948025
wiodlr,JPN,1972,13-Transport Equipment,Manufacturing,0.623300084777371,1.57009864442445,1965-1974,2.01761212455359
wiodlr,JPN,1972,"14-Manufacturing, nec.; Recycling",Manufacturing,1.07983039672327,0.886169047559772,1965-1974,0.540781372197159
wiodlr,JPN,1972,"3-Food, Beverages and Tobacco",Manufacturing,0.334942829420208,0.265482707483336,1965-1974,0.138245662622748
wiodlr,JPN,1972,"4-Textiles, Textile, Leather and Footwear",Manufacturing,1.07871429403167,1.21129958736989,1965-1974,0.446966839212932
wiodlr,JPN,1972,"5-Pulp, Paper, Paper, Printing and Publishing",Manufacturing,0.577158806898751,0.266429892272396,1965-1974,0.196687213007652
wiodlr,JPN,1972,"6-Coke, Refined Petroleum and Nuclear Fuel",Manufacturing,0.177506686757016,0.141609039925192,1965-1974,0.178334543149209
wiodlr,JPN,1972,7-Chemicals and Chemical Products,Manufacturing,0.866845905902548,0.835356809846376,1965-1974,0.819482976149523
wiodlr,JPN,1972,8-Rubber and Plastics,Manufacturing,1.10155338711267,1.21267890351142,1965-1974,0.909833430381939
wiodlr,JPN,1972,9-Other Non-Metallic Mineral,Manufacturing,1.50915951339405,1.19589072454179,1965-1974,0.811702527988084
wiodlr,JPN,1973,"1-Agriculture, Hunting, Forestry and Fishing","Agriculture, forestry and fishing",0.124579652324004,0.0805238439566141,1965-1974,0.0500962090436171
wiodlr,JPN,1973,10-Basic Metals and Fabricated Metal,Manufacturing,1.87911295911023,2.0458949305084,1965-1974,1.20346367122633
wiodlr,JPN,1973,"11-Machinery, nec.",Manufacturing,0.982162335093288,0.922648445129903,1965-1974,1.38445637083887
wiodlr,JPN,1973,12-Electrical and Optical Equipment,Manufacturing,1.88737624034592,2.31407494065154,1965-1974,2.11542184948025
wiodlr,JPN,1973,13-Transport Equipment,Manufacturing,0.651309044138361,1.615554376395,1965-1974,2.01761212455359
wiodlr,JPN,1973,"14-Manufacturing, nec.; Recycling",Manufacturing,0.894824250674373,0.717342101833011,1965-1974,0.540781372197159
wiodlr,JPN,1973,"3-Food, Beverages and Tobacco",Manufacturing,0.34674554734817,0.241739899557177,1965-1974,0.138245662622748
wiodlr,JPN,1973,"4-Textiles, Textile, Leather and Footwear",Manufacturing,0.967367179318779,0.97963484124245,1965-1974,0.446966839212932
wiodlr,JPN,1973,"5-Pulp, Paper, Paper, Printing and Publishing",Manufacturing,0.555318913213857,0.270084593368363,1965-1974,0.196687213007652
wiodlr,JPN,1973,"6-Coke, Refined Petroleum and Nuclear Fuel",Manufacturing,0.164097054977104,0.139879179383417,1965-1974,0.178334543149209
wiodlr,JPN,1973,7-Chemicals and Chemical Products,Manufacturing,0.867416509234564,0.804185463743756,1965-1974,0.819482976149523
wiodlr,JPN,1973,8-Rubber and Plastics,Manufacturing,0.922853766468042,1.00311853412814,1965-1974,0.909833430381939
wiodlr,JPN,1973,9-Other Non-Metallic Mineral,Manufacturing,1.46078504748695,1.16497151459041,1965-1974,0.811702527988084
wiodlr,JPN,1974,"1-Agriculture, Hunting, Forestry and Fishing","Agriculture, forestry and fishing",0.0948052314819726,0.0668399458295455,1965-1974,0.0500962090436171
wiodlr,JPN,1974,10-Basic Metals and Fabricated Metal,Manufacturing,2.18037739476083,2.2829349002464,1965-1974,1.20346367122633
wiodlr,JPN,1974,"11-Machinery, nec.",Manufacturing,0.947583454165341,0.969508678481748,1965-1974,1.38445637083887
wiodlr,JPN,1974,12-Electrical and Optical Equipment,Manufacturing,1.58082738441639,1.88713805754775,1965-1974,2.11542184948025
wiodlr,JPN,1974,13-Transport Equipment,Manufacturing,0.900851710386751,1.84416293706736,1965-1974,2.01761212455359
wiodlr,JPN,1974,"14-Manufacturing, nec.; Recycling",Manufacturing,0.745771025527724,0.681777730818826,1965-1974,0.540781372197159
wiodlr,JPN,1974,"3-Food, Beverages and Tobacco",Manufacturing,0.31303782707639,0.23571631100175,1965-1974,0.138245662622748
wiodlr,JPN,1974,"4-Textiles, Textile, Leather and Footwear",Manufacturing,0.795152151699421,0.815536464080766,1965-1974,0.446966839212932
wiodlr,JPN,1974,"5-Pulp, Paper, Paper, Printing and Publishing",Manufacturing,0.499026594442877,0.321026301023633,1965-1974,0.196687213007652
wiodlr,JPN,1974,"6-Coke, Refined Petroleum and Nuclear Fuel",Manufacturing,0.191392073312683,0.103242372529698,1965-1974,0.178334543149209
wiodlr,JPN,1974,7-Chemicals and Chemical Products,Manufacturing,0.819730805348454,0.795928283237054,1965-1974,0.819482976149523
wiodlr,JPN,1974,8-Rubber and Plastics,Manufacturing,0.781672912676078,0.912975131158248,1965-1974,0.909833430381939
wiodlr,JPN,1974,9-Other Non-Metallic Mineral,Manufacturing,1.18428710578689,0.854865697840328,1965-1974,0.811702527988084
wiodlr,JPN,1975,"1-Agriculture, Hunting, Forestry and Fishing","Agriculture, forestry and fishing",0.0648378800642205,0.0501914636083365,1975-1984,0.0500962090436171
wiodlr,JPN,1975,10-Basic Metals and Fabricated Metal,Manufacturing,2.32031352459187,2.42031449602378,1975-1984,1.20346367122633
wiodlr,JPN,1975,"11-Machinery, nec.",Manufacturing,0.945186993159273,0.98884730010741,1975-1984,1.38445637083887
wiodlr,JPN,1975,12-Electrical and Optical Equipment,Manufacturing,1.60068009484923,1.97432259624554,1975-1984,2.11542184948025
wiodlr,JPN,1975,13-Transport Equipment,Manufacturing,0.711153821046174,1.83244632832755,1975-1984,2.01761212455359
wiodlr,JPN,1975,"14-Manufacturing, nec.; Recycling",Manufacturing,0.62981227418084,0.672712264985328,1975-1984,0.540781372197159
wiodlr,JPN,1975,"3-Food, Beverages and Tobacco",Manufacturing,0.255201015146668,0.19268582115844,1975-1984,0.138245662622748
wiodlr,JPN,1975,"4-Textiles, Textile, Leather and Footwear",Manufacturing,0.825491687563187,0.723770353300348,1975-1984,0.446966839212932
wiodlr,JPN,1975,"5-Pulp, Paper, Paper, Printing and Publishing",Manufacturing,0.4510394106082,0.308008683816816,1975-1984,0.196687213007652
wiodlr,JPN,1975,"6-Coke, Refined Petroleum and Nuclear Fuel",Manufacturing,0.356100414416955,0.182549068743064,1975-1984,0.178334543149209
wiodlr,JPN,1975,7-Chemicals and Chemical Products,Manufacturing,0.882604413945853,0.939695109690388,1975-1984,0.819482976149523
wiodlr,JPN,1975,8-Rubber and Plastics,Manufacturing,0.677924885215976,0.802167632984888,1975-1984,0.909833430381939
wiodlr,JPN,1975,9-Other Non-Metallic Mineral,Manufacturing,1.11945586936151,0.8186350816727,1975-1984,0.811702527988084
wiodlr,JPN,1976,"1-Agriculture, Hunting, Forestry and Fishing","Agriculture, forestry and fishing",0.0663926040362877,0.0480050051298036,1975-1984,0.0500962090436171
wiodlr,JPN,1976,10-Basic Metals and Fabricated Metal,Manufacturing,2.06943347555011,2.06084866557055,1975-1984,1.20346367122633
wiodlr,JPN,1976,"11-Machinery, nec.",Manufacturing,1.0305247550702,0.990405736287564,1975-1984,1.38445637083887
wiodlr,JPN,1976,12-Electrical and Optical Equipment,Manufacturing,1.93863320002494,2.26475265769152,1975-1984,2.11542184948025
wiodlr,JPN,1976,13-Transport Equipment,Manufacturing,0.799789915141168,2.00231754884582,1975-1984,2.01761212455359
wiodlr,JPN,1976,"14-Manufacturing, nec.; Recycling",Manufacturing,0.656073861946046,0.645247102225593,1975-1984,0.540781372197159
wiodlr,JPN,1976,"3-Food, Beverages and Tobacco",Manufacturing,0.24151434627765,0.184364003937496,1975-1984,0.138245662622748
wiodlr,JPN,1976,"4-Textiles, Textile, Leather and Footwear",Manufacturing,0.890736883904519,0.689599658979979,1975-1984,0.446966839212932
wiodlr,JPN,1976,"5-Pulp, Paper, Paper, Printing and Publishing",Manufacturing,0.486715416137079,0.251003025904468,1975-1984,0.196687213007652
wiodlr,JPN,1976,"6-Coke, Refined Petroleum and Nuclear Fuel",Manufacturing,0.124611342369943,0.0739073616555253,1975-1984,0.178334543149209
wiodlr,JPN,1976,7-Chemicals and Chemical Products,Manufacturing,0.795583840403258,0.720242709691972,1975-1984,0.819482976149523
wiodlr,JPN,1976,8-Rubber and Plastics,Manufacturing,0.712832025035638,0.800254272854769,1975-1984,0.909833430381939
wiodlr,JPN,1976,9-Other Non-Metallic Mineral,Manufacturing,1.15674650733173,0.854451744921282,1975-1984,0.811702527988084
wiodlr,JPN,1977,"1-Agriculture, Hunting, Forestry and Fishing","Agriculture, forestry and fishing",0.064162788463095,0.0364743529469889,1975-1984,0.0500962090436171
wiodlr,JPN,1977,10-Basic Metals and Fabricated Metal,Manufacturing,1.99178844726765,1.91989867758257,1975-1984,1.20346367122633
wiodlr,JPN,1977,"11-Machinery, nec.",Manufacturing,1.16912444937372,1.1006346629503,1975-1984,1.38445637083887
wiodlr,JPN,1977,12-Electrical and Optical Equipment,Manufacturing,1.95511751291963,2.12283737437313,1975-1984,2.11542184948025
wiodlr,JPN,1977,13-Transport Equipment,Manufacturing,0.846893403342976,2.05054732431469,1975-1984,2.01761212455359
wiodlr,JPN,1977,"14-Manufacturing, nec.; Recycling",Manufacturing,0.638849675675951,0.634365096087347,1975-1984,0.540781372197159
wiodlr,JPN,1977,"3-Food, Beverages and Tobacco",Manufacturing,0.194347769460014,0.145187965931895,1975-1984,0.138245662622748
wiodlr,JPN,1977,"4-Textiles, Textile, Leather and Footwear",Manufacturing,0.894360917512911,0.628484020339322,1975-1984,0.446966839212932
wiodlr,JPN,1977,"5-Pulp, Paper, Paper, Printing and Publishing",Manufacturing,0.353762879246655,0.181050095060022,1975-1984,0.196687213007652
wiodlr,JPN,1977,"6-Coke, Refined Petroleum and Nuclear Fuel",Manufacturing,0.118014901286553,0.0654506217948716,1975-1984,0.178334543149209
wiodlr,JPN,1977,7-Chemicals and Chemical Products,Manufacturing,0.829967414658943,0.730125437445281,1975-1984,0.819482976149523
wiodlr,JPN,1977,8-Rubber and Plastics,Manufacturing,0.721615324023829,0.81657509519642,1975-1984,0.909833430381939
wiodlr,JPN,1977,9-Other Non-Metallic Mineral,Manufacturing,1.24503321383269,0.871298571319073,1975-1984,0.811702527988084
wiodlr,JPN,1978,"1-Agriculture, Hunting, Forestry and Fishing","Agriculture, forestry and fishing",0.0816193857815498,0.0494008682575766,1975-1984,0.0500962090436171
wiodlr,JPN,1978,10-Basic Metals and Fabricated Metal,Manufacturing,1.72709745096894,1.79240376850092,1975-1984,1.20346367122633
wiodlr,JPN,1978,"11-Machinery, nec.",Manufacturing,1.33160199780085,1.29816982861252,1975-1984,1.38445637083887
wiodlr,JPN,1978,12-Electrical and Optical Equipment,Manufacturing,1.87224915011543,1.9799838005776,1975-1984,2.11542184948025
wiodlr,JPN,1978,13-Transport Equipment,Manufacturing,1.17396740748869,2.16282671491864,1975-1984,2.01761212455359
wiodlr,JPN,1978,"14-Manufacturing, nec.; Recycling",Manufacturing,0.449381668137069,0.524302415913929,1975-1984,0.540781372197159
wiodlr,JPN,1978,"3-Food, Beverages and Tobacco",Manufacturing,0.18494425027335,0.139908612148181,1975-1984,0.138245662622748
wiodlr,JPN,1978,"4-Textiles, Textile, Leather and Footwear",Manufacturing,0.870878918250591,0.579231870839371,1975-1984,0.446966839212932
wiodlr,JPN,1978,"5-Pulp, Paper, Paper, Printing and Publishing",Manufacturing,0.334901826045628,0.184427477093237,1975-1984,0.196687213007652
wiodlr,JPN,1978,"6-Coke, Refined Petroleum and Nuclear Fuel",Manufacturing,0.178784777436806,0.12075136329066,1975-1984,0.178334543149209
wiodlr,JPN,1978,7-Chemicals and Chemical Products,Manufacturing,0.841424877707995,0.732078513652779,1975-1984,0.819482976149523
wiodlr,JPN,1978,8-Rubber and Plastics,Manufacturing,0.637587094728192,0.729822204425222,1975-1984,0.909833430381939
wiodlr,JPN,1978,9-Other Non-Metallic Mineral,Manufacturing,1.15610148368757,0.847430473663103,1975-1984,0.811702527988084
wiodlr,JPN,1979,"1-Agriculture, Hunting, Forestry and Fishing","Agriculture, forestry and fishing",0.105551594584972,0.069554759813663,1975-1984,0.0500962090436171
wiodlr,JPN,1979,10-Basic Metals and Fabricated Metal,Manufacturing,1.69922545842318,1.74576399599992,1975-1984,1.20346367122633
wiodlr,JPN,1979,"11-Machinery, nec.",Manufacturing,1.32593172498204,1.32404990555243,1975-1984,1.38445637083887
wiodlr,JPN,1979,12-Electrical and Optical Equipment,Manufacturing,2.05317851697722,2.08682513469866,1975-1984,2.11542184948025
wiodlr,JPN,1979,13-Transport Equipment,Manufacturing,1.16486369463556,2.24894196543596,1975-1984,2.01761212455359
wiodlr,JPN,1979,"14-Manufacturing, nec.; Recycling",Manufacturing,0.482517111457289,0.478220260827774,1975-1984,0.540781372197159
wiodlr,JPN,1979,"3-Food, Beverages and Tobacco",Manufacturing,0.206715678052752,0.137710676909495,1975-1984,0.138245662622748
wiodlr,JPN,1979,"4-Textiles, Textile, Leather and Footwear",Manufacturing,0.718719975700914,0.43830688145267,1975-1984,0.446966839212932
wiodlr,JPN,1979,"5-Pulp, Paper, Paper, Printing and Publishing",Manufacturing,0.36860579617427,0.22027282460941,1975-1984,0.196687213007652
wiodlr,JPN,1979,"6-Coke, Refined Petroleum and Nuclear Fuel",Manufacturing,0.284991706811022,0.15111302518733,1975-1984,0.178334543149209
wiodlr,JPN,1979,7-Chemicals and Chemical Products,Manufacturing,0.817759056657539,0.729107891016429,1975-1984,0.819482976149523
wiodlr,JPN,1979,8-Rubber and Plastics,Manufacturing,0.705193909627093,0.781948057475921,1975-1984,0.909833430381939
wiodlr,JPN,1979,9-Other Non-Metallic Mineral,Manufacturing,1.22887232929652,0.837414460278714,1975-1984,0.811702527988084
wiodlr,JPN,1980,"1-Agriculture, Hunting, Forestry and Fishing","Agriculture, forestry and fishing",0.100711418016789,0.0549122708939209,1975-1984,0.0500962090436171
wiodlr,JPN,1980,10-Basic Metals and Fabricated Metal,Manufacturing,1.62815454521995,1.46399836870204,1975-1984,1.20346367122633
wiodlr,JPN,1980,"11-Machinery, nec.",Manufacturing,1.30247698589353,1.27673812841049,1975-1984,1.38445637083887
wiodlr,JPN,1980,12-Electrical and Optical Equipment,Manufacturing,2.07823266790322,2.00893948016182,1975-1984,2.11542184948025
wiodlr,JPN,1980,13-Transport Equipment,Manufacturing,1.39384093241775,2.4389871494997,1975-1984,2.01761212455359
wiodlr,JPN,1980,"14-Manufacturing, nec.; Recycling",Manufacturing,0.546332291047704,0.574444215176714,1975-1984,0.540781372197159
wiodlr,JPN,1980,"3-Food, Beverages and Tobacco",Manufacturing,0.206974957740299,0.147272665694678,1975-1984,0.138245662622748
wiodlr,JPN,1980,"4-Textiles, Textile, Leather and Footwear",Manufacturing,0.709098156148898,0.455626796973193,1975-1984,0.446966839212932
wiodlr,JPN,1980,"5-Pulp, Paper, Paper, Printing and Publishing",Manufacturing,0.310895365120706,0.201025630264549,1975-1984,0.196687213007652
wiodlr,JPN,1980,"6-Coke, Refined Petroleum and Nuclear Fuel",Manufacturing,0.181616143407656,0.078965956925615,1975-1984,0.178334543149209
wiodlr,JPN,1980,7-Chemicals and Chemical Products,Manufacturing,0.78656097380548,0.637520240451445,1975-1984,0.819482976149523
wiodlr,JPN,1980,8-Rubber and Plastics,Manufacturing,0.661725985933609,0.723457958300655,1975-1984,0.909833430381939
wiodlr,JPN,1980,9-Other Non-Metallic Mineral,Manufacturing,1.21590733117106,0.773530934798656,1975-1984,0.811702527988084
wiodlr,JPN,1981,"1-Agriculture, Hunting, Forestry and Fishing","Agriculture, forestry and fishing",0.130349399073236,0.0769737937215548,1975-1984,0.0500962090436171
wiodlr,JPN,1981,10-Basic Metals and Fabricated Metal,Manufacturing,1.55962142434732,1.35292992967287,1975-1984,1.20346367122633
wiodlr,JPN,1981,"11-Machinery, nec.",Manufacturing,1.32323766546858,1.30506756479666,1975-1984,1.38445637083887
wiodlr,JPN,1981,12-Electrical and Optical Equipment,Manufacturing,2.17955798333677,2.06015718117011,1975-1984,2.11542184948025
wiodlr,JPN,1981,13-Transport Equipment,Manufacturing,1.24559733474813,2.29829753327313,1975-1984,2.01761212455359
wiodlr,JPN,1981,"14-Manufacturing, nec.; Recycling",Manufacturing,0.612411920429814,0.642108699453935,1975-1984,0.540781372197159
wiodlr,JPN,1981,"3-Food, Beverages and Tobacco",Manufacturing,0.185696531853624,0.135709011321343,1975-1984,0.138245662622748
wiodlr,JPN,1981,"4-Textiles, Textile, Leather and Footwear",Manufacturing,0.807880260987982,0.529498066815673,1975-1984,0.446966839212932
wiodlr,JPN,1981,"5-Pulp, Paper, Paper, Printing and Publishing",Manufacturing,0.280807379762946,0.179359368984889,1975-1984,0.196687213007652
wiodlr,JPN,1981,"6-Coke, Refined Petroleum and Nuclear Fuel",Manufacturing,0.150595401078686,0.0599711140056799,1975-1984,0.178334543149209
wiodlr,JPN,1981,7-Chemicals and Chemical Products,Manufacturing,0.741679305785971,0.624546372371164,1975-1984,0.819482976149523
wiodlr,JPN,1981,8-Rubber and Plastics,Manufacturing,0.657023605631058,0.737871035465893,1975-1984,0.909833430381939
wiodlr,JPN,1981,9-Other Non-Metallic Mineral,Manufacturing,1.27767864139027,0.826587466844606,1975-1984,0.811702527988084
wiodlr,JPN,1982,"1-Agriculture, Hunting, Forestry and Fishing","Agriculture, forestry and fishing",0.0649812556231315,0.0389381570699381,1975-1984,0.0500962090436171
wiodlr,JPN,1982,10-Basic Metals and Fabricated Metal,Manufacturing,1.47234781801292,1.2985197391465,1975-1984,1.20346367122633
wiodlr,JPN,1982,"11-Machinery, nec.",Manufacturing,1.3454622604078,1.38123933972183,1975-1984,1.38445637083887
wiodlr,JPN,1982,12-Electrical and Optical Equipment,Manufacturing,2.17524424742873,2.09294941556621,1975-1984,2.11542184948025
wiodlr,JPN,1982,13-Transport Equipment,Manufacturing,1.21610113355436,2.32051397028644,1975-1984,2.01761212455359
wiodlr,JPN,1982,"14-Manufacturing, nec.; Recycling",Manufacturing,0.636517719274429,0.608724439473484,1975-1984,0.540781372197159
wiodlr,JPN,1982,"3-Food, Beverages and Tobacco",Manufacturing,0.164113979378176,0.125263607876458,1975-1984,0.138245662622748
wiodlr,JPN,1982,"4-Textiles, Textile, Leather and Footwear",Manufacturing,0.821683580425972,0.469292543817335,1975-1984,0.446966839212932
wiodlr,JPN,1982,"5-Pulp, Paper, Paper, Printing and Publishing",Manufacturing,0.301719398057737,0.207761585122991,1975-1984,0.196687213007652
wiodlr,JPN,1982,"6-Coke, Refined Petroleum and Nuclear Fuel",Manufacturing,0.144485254052216,0.0528477353436156,1975-1984,0.178334543149209
wiodlr,JPN,1982,7-Chemicals and Chemical Products,Manufacturing,0.823215385001925,0.712611117734559,1975-1984,0.819482976149523
wiodlr,JPN,1982,8-Rubber and Plastics,Manufacturing,0.626645832827763,0.739018603081051,1975-1984,0.909833430381939
wiodlr,JPN,1982,9-Other Non-Metallic Mineral,Manufacturing,1.3468066805518,0.819378721966485,1975-1984,0.811702527988084
wiodlr,JPN,1983,"1-Agriculture, Hunting, Forestry and Fishing","Agriculture, forestry and fishing",0.0746093305116827,0.0441559111855914,1975-1984,0.0500962090436171
wiodlr,JPN,1983,10-Basic Metals and Fabricated Metal,Manufacturing,1.32018458843004,1.10840760330615,1975-1984,1.20346367122633
wiodlr,JPN,1983,"11-Machinery, nec.",Manufacturing,1.42669616431113,1.45479626447989,1975-1984,1.38445637083887
wiodlr,JPN,1983,12-Electrical and Optical Equipment,Manufacturing,2.18003580861965,2.07610374230394,1975-1984,2.11542184948025
wiodlr,JPN,1983,13-Transport Equipment,Manufacturing,1.12465563108843,2.16327387235348,1975-1984,2.01761212455359
wiodlr,JPN,1983,"14-Manufacturing, nec.; Recycling",Manufacturing,0.574641498695844,0.566287300552405,1975-1984,0.540781372197159
wiodlr,JPN,1983,"3-Food, Beverages and Tobacco",Manufacturing,0.179638035765365,0.138897880376938,1975-1984,0.138245662622748
wiodlr,JPN,1983,"4-Textiles, Textile, Leather and Footwear",Manufacturing,0.864532526890088,0.499463741628686,1975-1984,0.446966839212932
wiodlr,JPN,1983,"5-Pulp, Paper, Paper, Printing and Publishing",Manufacturing,0.291642784097509,0.198437786581927,1975-1984,0.196687213007652
wiodlr,JPN,1983,"6-Coke, Refined Petroleum and Nuclear Fuel",Manufacturing,0.1877952090941,0.0749923049472055,1975-1984,0.178334543149209
wiodlr,JPN,1983,7-Chemicals and Chemical Products,Manufacturing,0.844302055107338,0.722788683046004,1975-1984,0.819482976149523
wiodlr,JPN,1983,8-Rubber and Plastics,Manufacturing,0.622862030014727,0.731728857424053,1975-1984,0.909833430381939
wiodlr,JPN,1983,9-Other Non-Metallic Mineral,Manufacturing,1.28340682708631,0.847073582009735,1975-1984,0.811702527988084
wiodlr,JPN,1984,"1-Agriculture, Hunting, Forestry and Fishing","Agriculture, forestry and fishing",0.0671251631467186,0.038318424685916,1975-1984,0.0500962090436171
wiodlr,JPN,1984,10-Basic Metals and Fabricated Metal,Manufacturing,1.21006389804345,1.01147266418014,1975-1984,1.20346367122633
wiodlr,JPN,1984,"11-Machinery, nec.",Manufacturing,1.43129780559119,1.47336168643353,1975-1984,1.38445637083887
wiodlr,JPN,1984,12-Electrical and Optical Equipment,Manufacturing,2.295200327714,2.30358871739156,1975-1984,2.11542184948025
wiodlr,JPN,1984,13-Transport Equipment,Manufacturing,1.22082422400426,2.28198179840929,1975-1984,2.01761212455359
wiodlr,JPN,1984,"14-Manufacturing, nec.; Recycling",Manufacturing,0.535810371983514,0.527269171836347,1975-1984,0.540781372197159
wiodlr,JPN,1984,"3-Food, Beverages and Tobacco",Manufacturing,0.217030894991316,0.14652237264944,1975-1984,0.138245662622748
wiodlr,JPN,1984,"4-Textiles, Textile, Leather and Footwear",Manufacturing,0.607264039344235,0.355819508292951,1975-1984,0.446966839212932
wiodlr,JPN,1984,"5-Pulp, Paper, Paper, Printing and Publishing",Manufacturing,0.335299052338857,0.191579565283851,1975-1984,0.196687213007652
wiodlr,JPN,1984,"6-Coke, Refined Petroleum and Nuclear Fuel",Manufacturing,0.189033729372935,0.0729952450261201,1975-1984,0.178334543149209
wiodlr,JPN,1984,7-Chemicals and Chemical Products,Manufacturing,0.782956007939862,0.64402340750994,1975-1984,0.819482976149523
wiodlr,JPN,1984,8-Rubber and Plastics,Manufacturing,0.686613411675201,0.746830040194592,1975-1984,0.909833430381939
wiodlr,JPN,1984,9-Other Non-Metallic Mineral,Manufacturing,1.23094952736728,0.804769974303467,1975-1984,0.811702527988084
wiodlr,JPN,1985,"1-Agriculture, Hunting, Forestry and Fishing","Agriculture, forestry and fishing",0.0620988035892267,0.0364884780796014,1985-2000,0.0500962090436171
wiodlr,JPN,1985,10-Basic Metals and Fabricated Metal,Manufacturing,1.26067020670809,1.03878395782572,1985-2000,1.20346367122633
wiodlr,JPN,1985,"11-Machinery, nec.",Manufacturing,1.39378664099765,1.41586294405104,1985-2000,1.38445637083887
wiodlr,JPN,1985,12-Electrical and Optical Equipment,Manufacturing,2.24629283709647,2.25202498802247,1985-2000,2.11542184948025
wiodlr,JPN,1985,13-Transport Equipment,Manufacturing,1.19424560586632,2.25399894454382,1985-2000,2.01761212455359
wiodlr,JPN,1985,"14-Manufacturing, nec.; Recycling",Manufacturing,0.530235174319033,0.547763209343492,1985-2000,0.540781372197159
wiodlr,JPN,1985,"3-Food, Beverages and Tobacco",Manufacturing,0.20337917619004,0.138780648336,1985-2000,0.138245662622748
wiodlr,JPN,1985,"4-Textiles, Textile, Leather and Footwear",Manufacturing,0.584015478507445,0.354868363397076,1985-2000,0.446966839212932
wiodlr,JPN,1985,"5-Pulp, Paper, Paper, Printing and Publishing",Manufacturing,0.344311088130461,0.194936639433378,1985-2000,0.196687213007652
wiodlr,JPN,1985,"6-Coke, Refined Petroleum and Nuclear Fuel",Manufacturing,0.18975438875338,0.0702572280934661,1985-2000,0.178334543149209
wiodlr,JPN,1985,7-Chemicals and Chemical Products,Manufacturing,0.811633442404395,0.650478501020907,1985-2000,0.819482976149523
wiodlr,JPN,1985,8-Rubber and Plastics,Manufacturing,0.774852091336235,0.790680999009513,1985-2000,0.909833430381939
wiodlr,JPN,1985,9-Other Non-Metallic Mineral,Manufacturing,1.20723571419235,0.7839142328094,1985-2000,0.811702527988084
wiodlr,JPN,1986,"1-Agriculture, Hunting, Forestry and Fishing","Agriculture, forestry and fishing",0.0820632914991024,0.0463550340136112,1985-2000,0.0500962090436171
wiodlr,JPN,1986,10-Basic Metals and Fabricated Metal,Manufacturing,1.18666276183802,0.869999798632529,1985-2000,1.20346367122633
wiodlr,JPN,1986,"11-Machinery, nec.",Manufacturing,1.37508268306586,1.38767340195591,1985-2000,1.38445637083887
wiodlr,JPN,1986,12-Electrical and Optical Equipment,Manufacturing,2.25163639757927,2.19140624703154,1985-2000,2.11542184948025
wiodlr,JPN,1986,13-Transport Equipment,Manufacturing,1.01104013983884,2.30158296887035,1985-2000,2.01761212455359
wiodlr,JPN,1986,"14-Manufacturing, nec.; Recycling",Manufacturing,0.421926053374634,0.486366776066338,1985-2000,0.540781372197159
wiodlr,JPN,1986,"3-Food, Beverages and Tobacco",Manufacturing,0.161405251818793,0.116283230957274,1985-2000,0.138245662622748
wiodlr,JPN,1986,"4-Textiles, Textile, Leather and Footwear",Manufacturing,0.63762458503403,0.306974280868919,1985-2000,0.446966839212932
wiodlr,JPN,1986,"5-Pulp, Paper, Paper, Printing and Publishing",Manufacturing,0.312033738487036,0.189306858201334,1985-2000,0.196687213007652
wiodlr,JPN,1986,"6-Coke, Refined Petroleum and Nuclear Fuel",Manufacturing,0.250033977563906,0.121363108031254,1985-2000,0.178334543149209
wiodlr,JPN,1986,7-Chemicals and Chemical Products,Manufacturing,0.885649338797702,0.682468870459267,1985-2000,0.819482976149523
wiodlr,JPN,1986,8-Rubber and Plastics,Manufacturing,0.73095600665821,0.731675303680214,1985-2000,0.909833430381939
wiodlr,JPN,1986,9-Other Non-Metallic Mineral,Manufacturing,1.00822266932913,0.709246994987039,1985-2000,0.811702527988084
wiodlr,JPN,1987,"1-Agriculture, Hunting, Forestry and Fishing","Agriculture, forestry and fishing",0.0729726353149818,0.0435221167641472,1985-2000,0.0500962090436171
wiodlr,JPN,1987,10-Basic Metals and Fabricated Metal,Manufacturing,1.22370511127906,1.02092129657776,1985-2000,1.20346367122633
wiodlr,JPN,1987,"11-Machinery, nec.",Manufacturing,1.37210666890469,1.43296039492678,1985-2000,1.38445637083887
wiodlr,JPN,1987,12-Electrical and Optical Equipment,Manufacturing,2.23191654570669,2.15613175402533,1985-2000,2.11542184948025
wiodlr,JPN,1987,13-Transport Equipment,Manufacturing,0.997042870748487,2.2691147272789,1985-2000,2.01761212455359
wiodlr,JPN,1987,"14-Manufacturing, nec.; Recycling",Manufacturing,0.394603412067325,0.451493298058446,1985-2000,0.540781372197159
wiodlr,JPN,1987,"3-Food, Beverages and Tobacco",Manufacturing,0.120167294476868,0.0957748298711086,1985-2000,0.138245662622748
wiodlr,JPN,1987,"4-Textiles, Textile, Leather and Footwear",Manufacturing,0.600617011971097,0.273367357372116,1985-2000,0.446966839212932
wiodlr,JPN,1987,"5-Pulp, Paper, Paper, Printing and Publishing",Manufacturing,0.300015579289223,0.180506631069403,1985-2000,0.196687213007652
wiodlr,JPN,1987,"6-Coke, Refined Petroleum and Nuclear Fuel",Manufacturing,0.358054313344594,0.193181449280746,1985-2000,0.178334543149209
wiodlr,JPN,1987,7-Chemicals and Chemical Products,Manufacturing,0.933520209766069,0.740461562692077,1985-2000,0.819482976149523
wiodlr,JPN,1987,8-Rubber and Plastics,Manufacturing,0.753471182490744,0.791760946130359,1985-2000,0.909833430381939
wiodlr,JPN,1987,9-Other Non-Metallic Mineral,Manufacturing,0.901640712105246,0.658609406216146,1985-2000,0.811702527988084
wiodlr,JPN,1988,"1-Agriculture, Hunting, Forestry and Fishing","Agriculture, forestry and fishing",0.0589759292069145,0.0348833193765894,1985-2000,0.0500962090436171
wiodlr,JPN,1988,10-Basic Metals and Fabricated Metal,Manufacturing,1.17965229998923,1.01953395497142,1985-2000,1.20346367122633
wiodlr,JPN,1988,"11-Machinery, nec.",Manufacturing,1.25990029119377,1.45145045870309,1985-2000,1.38445637083887
wiodlr,JPN,1988,12-Electrical and Optical Equipment,Manufacturing,2.25889930948183,2.1846186146914,1985-2000,2.11542184948025
wiodlr,JPN,1988,13-Transport Equipment,Manufacturing,0.961869286913347,2.07613704988959,1985-2000,2.01761212455359
wiodlr,JPN,1988,"14-Manufacturing, nec.; Recycling",Manufacturing,0.3394938004065,0.437513558957481,1985-2000,0.540781372197159
wiodlr,JPN,1988,"3-Food, Beverages and Tobacco",Manufacturing,0.131312996402626,0.0973702534415445,1985-2000,0.138245662622748
wiodlr,JPN,1988,"4-Textiles, Textile, Leather and Footwear",Manufacturing,0.532249030086776,0.244175699481484,1985-2000,0.446966839212932
wiodlr,JPN,1988,"5-Pulp, Paper, Paper, Printing and Publishing",Manufacturing,0.284108792442445,0.174677473294766,1985-2000,0.196687213007652
wiodlr,JPN,1988,"6-Coke, Refined Petroleum and Nuclear Fuel",Manufacturing,0.325997155019502,0.199038221468162,1985-2000,0.178334543149209
wiodlr,JPN,1988,7-Chemicals and Chemical Products,Manufacturing,0.919463808372613,0.739767333487733,1985-2000,0.819482976149523
wiodlr,JPN,1988,8-Rubber and Plastics,Manufacturing,0.754181297921771,0.812554596075868,1985-2000,0.909833430381939
wiodlr,JPN,1988,9-Other Non-Metallic Mineral,Manufacturing,0.828875467090356,0.666567451508975,1985-2000,0.811702527988084
wiodlr,JPN,1989,"1-Agriculture, Hunting, Forestry and Fishing","Agriculture, forestry and fishing",0.0571147593167257,0.0340149440561491,1985-2000,0.0500962090436171
wiodlr,JPN,1989,10-Basic Metals and Fabricated Metal,Manufacturing,1.11103269904501,0.95135899370495,1985-2000,1.20346367122633
wiodlr,JPN,1989,"11-Machinery, nec.",Manufacturing,1.30324480719473,1.50933266912748,1985-2000,1.38445637083887
wiodlr,JPN,1989,12-Electrical and Optical Equipment,Manufacturing,2.1853329706879,2.18172510821038,1985-2000,2.11542184948025
wiodlr,JPN,1989,13-Transport Equipment,Manufacturing,1.07278091186737,2.04598398958139,1985-2000,2.01761212455359
wiodlr,JPN,1989,"14-Manufacturing, nec.; Recycling",Manufacturing,0.331059022940928,0.401879994121327,1985-2000,0.540781372197159
wiodlr,JPN,1989,"3-Food, Beverages and Tobacco",Manufacturing,0.123771171481556,0.0908240252274672,1985-2000,0.138245662622748
wiodlr,JPN,1989,"4-Textiles, Textile, Leather and Footwear",Manufacturing,0.523108939882604,0.233606902165951,1985-2000,0.446966839212932
wiodlr,JPN,1989,"5-Pulp, Paper, Paper, Printing and Publishing",Manufacturing,0.267664012660999,0.168301325736837,1985-2000,0.196687213007652
wiodlr,JPN,1989,"6-Coke, Refined Petroleum and Nuclear Fuel",Manufacturing,0.394352463342672,0.232679706168847,1985-2000,0.178334543149209
wiodlr,JPN,1989,7-Chemicals and Chemical Products,Manufacturing,0.929038257045141,0.774116442990954,1985-2000,0.819482976149523
wiodlr,JPN,1989,8-Rubber and Plastics,Manufacturing,0.824968555133875,0.910036552552569,1985-2000,0.909833430381939
wiodlr,JPN,1989,9-Other Non-Metallic Mineral,Manufacturing,0.792085231793002,0.644302815855697,1985-2000,0.811702527988084
wiodlr,JPN,1990,"1-Agriculture, Hunting, Forestry and Fishing","Agriculture, forestry and fishing",0.0645494970312269,0.0382835485120645,1985-2000,0.0500962090436171
wiodlr,JPN,1990,10-Basic Metals and Fabricated Metal,Manufacturing,1.03552091300918,0.889198579456581,1985-2000,1.20346367122633
wiodlr,JPN,1990,"11-Machinery, nec.",Manufacturing,1.2636852050713,1.48808303056304,1985-2000,1.38445637083887
wiodlr,JPN,1990,12-Electrical and Optical Equipment,Manufacturing,2.17174372200261,2.2981012749452,1985-2000,2.11542184948025
wiodlr,JPN,1990,13-Transport Equipment,Manufacturing,1.18384060732346,2.07126202745314,1985-2000,2.01761212455359
wiodlr,JPN,1990,"14-Manufacturing, nec.; Recycling",Manufacturing,0.363910530538932,0.475252975558435,1985-2000,0.540781372197159
wiodlr,JPN,1990,"3-Food, Beverages and Tobacco",Manufacturing,0.121017448811029,0.0892016238856506,1985-2000,0.138245662622748
wiodlr,JPN,1990,"4-Textiles, Textile, Leather and Footwear",Manufacturing,0.523771653840072,0.236135022714437,1985-2000,0.446966839212932
wiodlr,JPN,1990,"5-Pulp, Paper, Paper, Printing and Publishing",Manufacturing,0.307108743895183,0.2059832295113,1985-2000,0.196687213007652
wiodlr,JPN,1990,"6-Coke, Refined Petroleum and Nuclear Fuel",Manufacturing,0.436854269760432,0.236675100600486,1985-2000,0.178334543149209
wiodlr,JPN,1990,7-Chemicals and Chemical Products,Manufacturing,0.99448492254477,0.839123479559948,1985-2000,0.819482976149523
wiodlr,JPN,1990,8-Rubber and Plastics,Manufacturing,0.841121239040764,0.908691476224907,1985-2000,0.909833430381939
wiodlr,JPN,1990,9-Other Non-Metallic Mineral,Manufacturing,0.809766552024378,0.628507554297625,1985-2000,0.811702527988084
wiodlr,JPN,1991,"1-Agriculture, Hunting, Forestry and Fishing","Agriculture, forestry and fishing",0.0603101420211944,0.0398353881391982,1985-2000,0.0500962090436171
wiodlr,JPN,1991,10-Basic Metals and Fabricated Metal,Manufacturing,1.07074120212622,0.917630257110302,1985-2000,1.20346367122633
wiodlr,JPN,1991,"11-Machinery, nec.",Manufacturing,1.31637218206063,1.57149446988673,1985-2000,1.38445637083887
wiodlr,JPN,1991,12-Electrical and Optical Equipment,Manufacturing,2.22911462212873,2.35119695003733,1985-2000,2.11542184948025
wiodlr,JPN,1991,13-Transport Equipment,Manufacturing,1.16208361582116,2.1120416313154,1985-2000,2.01761212455359
wiodlr,JPN,1991,"14-Manufacturing, nec.; Recycling",Manufacturing,0.330480853908118,0.475649278625292,1985-2000,0.540781372197159
wiodlr,JPN,1991,"3-Food, Beverages and Tobacco",Manufacturing,0.118493931358402,0.0875526180228677,1985-2000,0.138245662622748
wiodlr,JPN,1991,"4-Textiles, Textile, Leather and Footwear",Manufacturing,0.516944807186547,0.246104836893857,1985-2000,0.446966839212932
wiodlr,JPN,1991,"5-Pulp, Paper, Paper, Printing and Publishing",Manufacturing,0.327722200112276,0.203917039086913,1985-2000,0.196687213007652
wiodlr,JPN,1991,"6-Coke, Refined Petroleum and Nuclear Fuel",Manufacturing,0.469242555215514,0.278005964118268,1985-2000,0.178334543149209
wiodlr,JPN,1991,7-Chemicals and Chemical Products,Manufacturing,1.03772526124643,0.849374840842904,1985-2000,0.819482976149523
wiodlr,JPN,1991,8-Rubber and Plastics,Manufacturing,0.902774351979889,0.917775933247458,1985-2000,0.909833430381939
wiodlr,JPN,1991,9-Other Non-Metallic Mineral,Manufacturing,0.808442176627955,0.661891127124506,1985-2000,0.811702527988084
wiodlr,JPN,1992,"1-Agriculture, Hunting, Forestry and Fishing","Agriculture, forestry and fishing",0.0532398211109029,0.0370732689842241,1985-2000,0.0500962090436171
wiodlr,JPN,1992,10-Basic Metals and Fabricated Metal,Manufacturing,0.970692857822707,0.838844910491573,1985-2000,1.20346367122633
wiodlr,JPN,1992,"11-Machinery, nec.",Manufacturing,1.29872538924543,1.55932763806039,1985-2000,1.38445637083887
wiodlr,JPN,1992,12-Electrical and Optical Equipment,Manufacturing,2.12731092229966,2.25641907050065,1985-2000,2.11542184948025
wiodlr,JPN,1992,13-Transport Equipment,Manufacturing,1.19026917177752,2.09389385645433,1985-2000,2.01761212455359
wiodlr,JPN,1992,"14-Manufacturing, nec.; Recycling",Manufacturing,0.310171917851516,0.492283147033195,1985-2000,0.540781372197159
wiodlr,JPN,1992,"3-Food, Beverages and Tobacco",Manufacturing,0.106007885560371,0.0879843033053026,1985-2000,0.138245662622748
wiodlr,JPN,1992,"4-Textiles, Textile, Leather and Footwear",Manufacturing,0.520378553884861,0.242355521888957,1985-2000,0.446966839212932
wiodlr,JPN,1992,"5-Pulp, Paper, Paper, Printing and Publishing",Manufacturing,0.311449311115109,0.183937428306928,1985-2000,0.196687213007652
wiodlr,JPN,1992,"6-Coke, Refined Petroleum and Nuclear Fuel",Manufacturing,0.386344905517471,0.231401884238685,1985-2000,0.178334543149209
wiodlr,JPN,1992,7-Chemicals and Chemical Products,Manufacturing,1.05942034236489,0.835218625053237,1985-2000,0.819482976149523
wiodlr,JPN,1992,8-Rubber and Plastics,Manufacturing,0.851540229936062,0.826463146055234,1985-2000,0.909833430381939
wiodlr,JPN,1992,9-Other Non-Metallic Mineral,Manufacturing,0.795134755099331,0.633121115663546,1985-2000,0.811702527988084
wiodlr,JPN,1993,"1-Agriculture, Hunting, Forestry and Fishing","Agriculture, forestry and fishing",0.0472527053804855,0.034312895543729,1985-2000,0.0500962090436171
wiodlr,JPN,1993,10-Basic Metals and Fabricated Metal,Manufacturing,0.961236293100649,0.854579353959579,1985-2000,1.20346367122633
wiodlr,JPN,1993,"11-Machinery, nec.",Manufacturing,1.3406841613519,1.65586268165663,1985-2000,1.38445637083887
wiodlr,JPN,1993,12-Electrical and Optical Equipment,Manufacturing,2.08633861006536,2.17155957128721,1985-2000,2.11542184948025
wiodlr,JPN,1993,13-Transport Equipment,Manufacturing,1.16986586331608,2.11058322338632,1985-2000,2.01761212455359
wiodlr,JPN,1993,"14-Manufacturing, nec.; Recycling",Manufacturing,0.261068126099997,0.445704617187743,1985-2000,0.540781372197159
wiodlr,JPN,1993,"3-Food, Beverages and Tobacco",Manufacturing,0.0943064870435741,0.0905878223071804,1985-2000,0.138245662622748
wiodlr,JPN,1993,"4-Textiles, Textile, Leather and Footwear",Manufacturing,0.504129974437641,0.261025439127068,1985-2000,0.446966839212932
wiodlr,JPN,1993,"5-Pulp, Paper, Paper, Printing and Publishing",Manufacturing,0.27872713495966,0.177111161779314,1985-2000,0.196687213007652
wiodlr,JPN,1993,"6-Coke, Refined Petroleum and Nuclear Fuel",Manufacturing,0.404372577726367,0.266362001159246,1985-2000,0.178334543149209
wiodlr,JPN,1993,7-Chemicals and Chemical Products,Manufacturing,1.03773331249406,0.856274618005835,1985-2000,0.819482976149523
wiodlr,JPN,1993,8-Rubber and Plastics,Manufacturing,0.896394077756093,0.880445077728062,1985-2000,0.909833430381939
wiodlr,JPN,1993,9-Other Non-Metallic Mineral,Manufacturing,0.804926156632611,0.658343253995496,1985-2000,0.811702527988084
wiodlr,JPN,1994,"1-Agriculture, Hunting, Forestry and Fishing","Agriculture, forestry and fishing",0.0380317467584332,0.035832221805618,1985-2000,0.0500962090436171
wiodlr,JPN,1994,10-Basic Metals and Fabricated Metal,Manufacturing,0.976283916978062,0.937741653462005,1985-2000,1.20346367122633
wiodlr,JPN,1994,"11-Machinery, nec.",Manufacturing,1.33951064462536,1.69921456878316,1985-2000,1.38445637083887
wiodlr,JPN,1994,12-Electrical and Optical Equipment,Manufacturing,2.13265106437428,2.17474489319857,1985-2000,2.11542184948025
wiodlr,JPN,1994,13-Transport Equipment,Manufacturing,1.08068289606071,2.03290670026137,1985-2000,2.01761212455359
wiodlr,JPN,1994,"14-Manufacturing, nec.; Recycling",Manufacturing,0.223097902698067,0.383969865463094,1985-2000,0.540781372197159
wiodlr,JPN,1994,"3-Food, Beverages and Tobacco",Manufacturing,0.0822693493929403,0.0903626474952316,1985-2000,0.138245662622748
wiodlr,JPN,1994,"4-Textiles, Textile, Leather and Footwear",Manufacturing,0.486276723362124,0.245394498218035,1985-2000,0.446966839212932
wiodlr,JPN,1994,"5-Pulp, Paper, Paper, Printing and Publishing",Manufacturing,0.239757118254399,0.17139255618103,1985-2000,0.196687213007652
wiodlr,JPN,1994,"6-Coke, Refined Petroleum and Nuclear Fuel",Manufacturing,0.468995159656268,0.344178731520252,1985-2000,0.178334543149209
wiodlr,JPN,1994,7-Chemicals and Chemical Products,Manufacturing,1.01987390757248,0.889237557064283,1985-2000,0.819482976149523
wiodlr,JPN,1994,8-Rubber and Plastics,Manufacturing,0.882242468049892,0.927569073451848,1985-2000,0.909833430381939
wiodlr,JPN,1994,9-Other Non-Metallic Mineral,Manufacturing,0.807594277258487,0.687910769099953,1985-2000,0.811702527988084
wiodlr,JPN,1995,"1-Agriculture, Hunting, Forestry and Fishing","Agriculture, forestry and fishing",0.0342314110319258,0.0324916870467348,1985-2000,0.0500962090436171
wiodlr,JPN,1995,10-Basic Metals and Fabricated Metal,Manufacturing,0.899389938424746,0.914028528584144,1985-2000,1.20346367122633
wiodlr,JPN,1995,"11-Machinery, nec.",Manufacturing,1.35592982355069,1.79260184797571,1985-2000,1.38445637083887
wiodlr,JPN,1995,12-Electrical and Optical Equipment,Manufacturing,2.10994507540962,2.12401500258709,1985-2000,2.11542184948025
wiodlr,JPN,1995,13-Transport Equipment,Manufacturing,0.965270189212082,1.85173705024244,1985-2000,2.01761212455359
wiodlr,JPN,1995,"14-Manufacturing, nec.; Recycling",Manufacturing,0.228687205679611,0.389394949153272,1985-2000,0.540781372197159
wiodlr,JPN,1995,"3-Food, Beverages and Tobacco",Manufacturing,0.071391419428452,0.0858699274233371,1985-2000,0.138245662622748
wiodlr,JPN,1995,"4-Textiles, Textile, Leather and Footwear",Manufacturing,0.461821763631478,0.242933120955995,1985-2000,0.446966839212932
wiodlr,JPN,1995,"5-Pulp, Paper, Paper, Printing and Publishing",Manufacturing,0.213767442614887,0.163144373120121,1985-2000,0.196687213007652
wiodlr,JPN,1995,"6-Coke, Refined Petroleum and Nuclear Fuel",Manufacturing,0.538808291165537,0.414093090258007,1985-2000,0.178334543149209
wiodlr,JPN,1995,7-Chemicals and Chemical Products,Manufacturing,1.04985352846334,0.923509155037814,1985-2000,0.819482976149523
wiodlr,JPN,1995,8-Rubber and Plastics,Manufacturing,0.844693830456356,0.923663492368072,1985-2000,0.909833430381939
wiodlr,JPN,1995,9-Other Non-Metallic Mineral,Manufacturing,0.796593583138659,0.705332947432834,1985-2000,0.811702527988084
wiodlr,JPN,1996,"1-Agriculture, Hunting, Forestry and Fishing","Agriculture, forestry and fishing",0.0761297754523583,0.062820513595246,1985-2000,0.0500962090436171
wiodlr,JPN,1996,10-Basic Metals and Fabricated Metal,Manufacturing,0.896847793032041,0.934817267504735,1985-2000,1.20346367122633
wiodlr,JPN,1996,"11-Machinery, nec.",Manufacturing,1.35583218218067,1.79373560532015,1985-2000,1.38445637083887
wiodlr,JPN,1996,12-Electrical and Optical Equipment,Manufacturing,2.0364286488205,2.09647654991578,1985-2000,2.11542184948025
wiodlr,JPN,1996,13-Transport Equipment,Manufacturing,0.942493210485802,1.86517207071173,1985-2000,2.01761212455359
wiodlr,JPN,1996,"14-Manufacturing, nec.; Recycling",Manufacturing,0.241767432918777,0.37754856895778,1985-2000,0.540781372197159
wiodlr,JPN,1996,"3-Food, Beverages and Tobacco",Manufacturing,0.0673455811896636,0.080772596629572,1985-2000,0.138245662622748
wiodlr,JPN,1996,"4-Textiles, Textile, Leather and Footwear",Manufacturing,0.477912165080524,0.244036629072361,1985-2000,0.446966839212932
wiodlr,JPN,1996,"5-Pulp, Paper, Paper, Printing and Publishing",Manufacturing,0.196564542150347,0.154836518276271,1985-2000,0.196687213007652
wiodlr,JPN,1996,"6-Coke, Refined Petroleum and Nuclear Fuel",Manufacturing,0.445593941921205,0.349628103014713,1985-2000,0.178334543149209
wiodlr,JPN,1996,7-Chemicals and Chemical Products,Manufacturing,1.05947848792295,0.978042606681311,1985-2000,0.819482976149523
wiodlr,JPN,1996,8-Rubber and Plastics,Manufacturing,0.869841087562043,0.962748354454551,1985-2000,0.909833430381939
wiodlr,JPN,1996,9-Other Non-Metallic Mineral,Manufacturing,0.862483925036654,0.757550795041522,1985-2000,0.811702527988084
wiodlr,JPN,1997,"1-Agriculture, Hunting, Forestry and Fishing","Agriculture, forestry and fishing",0.0662845442448044,0.063272049211559,1985-2000,0.0500962090436171
wiodlr,JPN,1997,10-Basic Metals and Fabricated Metal,Manufacturing,0.909070805937509,0.952641192796014,1985-2000,1.20346367122633
wiodlr,JPN,1997,"11-Machinery, nec.",Manufacturing,1.31096178378486,1.71874386682173,1985-2000,1.38445637083887
wiodlr,JPN,1997,12-Electrical and Optical Equipment,Manufacturing,2.01765684407792,2.0399483241024,1985-2000,2.11542184948025
wiodlr,JPN,1997,13-Transport Equipment,Manufacturing,0.947803167964727,1.93049060714016,1985-2000,2.01761212455359
wiodlr,JPN,1997,"14-Manufacturing, nec.; Recycling",Manufacturing,0.24163774298626,0.416877184444241,1985-2000,0.540781372197159
wiodlr,JPN,1997,"3-Food, Beverages and Tobacco",Manufacturing,0.0671439725967768,0.0920209902600372,1985-2000,0.138245662622748
wiodlr,JPN,1997,"4-Textiles, Textile, Leather and Footwear",Manufacturing,0.489910415011583,0.23528341537336,1985-2000,0.446966839212932
wiodlr,JPN,1997,"5-Pulp, Paper, Paper, Printing and Publishing",Manufacturing,0.208890605839019,0.166744222723902,1985-2000,0.196687213007652
wiodlr,JPN,1997,"6-Coke, Refined Petroleum and Nuclear Fuel",Manufacturing,0.440722015429293,0.354809624975082,1985-2000,0.178334543149209
wiodlr,JPN,1997,7-Chemicals and Chemical Products,Manufacturing,1.0540548470414,0.949460856031708,1985-2000,0.819482976149523
wiodlr,JPN,1997,8-Rubber and Plastics,Manufacturing,0.907667408717665,0.912731361180507,1985-2000,0.909833430381939
wiodlr,JPN,1997,9-Other Non-Metallic Mineral,Manufacturing,0.86738311349982,0.755984136074228,1985-2000,0.811702527988084
wiodlr,JPN,1998,"1-Agriculture, Hunting, Forestry and Fishing","Agriculture, forestry and fishing",0.0502505969246719,0.0500009544788978,1985-2000,0.0500962090436171
wiodlr,JPN,1998,10-Basic Metals and Fabricated Metal,Manufacturing,1.01065768641807,1.02335092239267,1985-2000,1.20346367122633
wiodlr,JPN,1998,"11-Machinery, nec.",Manufacturing,1.25544357360834,1.68352637429262,1985-2000,1.38445637083887
wiodlr,JPN,1998,12-Electrical and Optical Equipment,Manufacturing,1.95185678836019,2.00424697295342,1985-2000,2.11542184948025
wiodlr,JPN,1998,13-Transport Equipment,Manufacturing,0.908685331660727,1.95241348502037,1985-2000,2.01761212455359
wiodlr,JPN,1998,"14-Manufacturing, nec.; Recycling",Manufacturing,0.237208187351272,0.439437992402412,1985-2000,0.540781372197159
wiodlr,JPN,1998,"3-Food, Beverages and Tobacco",Manufacturing,0.0606430037657996,0.0858868919028009,1985-2000,0.138245662622748
wiodlr,JPN,1998,"4-Textiles, Textile, Leather and Footwear",Manufacturing,0.419526002429472,0.189227480125312,1985-2000,0.446966839212932
wiodlr,JPN,1998,"5-Pulp, Paper, Paper, Printing and Publishing",Manufacturing,0.210135745339402,0.16249168585308,1985-2000,0.196687213007652
wiodlr,JPN,1998,"6-Coke, Refined Petroleum and Nuclear Fuel",Manufacturing,0.478013738938008,0.358936241214986,1985-2000,0.178334543149209
wiodlr,JPN,1998,7-Chemicals and Chemical Products,Manufacturing,1.04416774709632,0.924481628874915,1985-2000,0.819482976149523
wiodlr,JPN,1998,8-Rubber and Plastics,Manufacturing,0.872220868483744,0.909630308211308,1985-2000,0.909833430381939
wiodlr,JPN,1998,9-Other Non-Metallic Mineral,Manufacturing,0.823231835632541,0.730962778677906,1985-2000,0.811702527988084
wiodlr,JPN,1999,"1-Agriculture, Hunting, Forestry and Fishing","Agriculture, forestry and fishing",0.0459285989879369,0.0518541390985856,1985-2000,0.0500962090436171
wiodlr,JPN,1999,10-Basic Metals and Fabricated Metal,Manufacturing,0.996650359084266,0.960877919708857,1985-2000,1.20346367122633
wiodlr,JPN,1999,"11-Machinery, nec.",Manufacturing,1.30078000286738,1.72005668128182,1985-2000,1.38445637083887
wiodlr,JPN,1999,12-Electrical and Optical Equipment,Manufacturing,1.93133429271521,1.92037675662933,1985-2000,2.11542184948025
wiodlr,JPN,1999,13-Transport Equipment,Manufacturing,0.848191594339716,1.90115451816851,1985-2000,2.01761212455359
wiodlr,JPN,1999,"14-Manufacturing, nec.; Recycling",Manufacturing,0.29855069866365,0.533799535050826,1985-2000,0.540781372197159
wiodlr,JPN,1999,"3-Food, Beverages and Tobacco",Manufacturing,0.0672010746375381,0.0855841988168116,1985-2000,0.138245662622748
wiodlr,JPN,1999,"4-Textiles, Textile, Leather and Footwear",Manufacturing,0.449411804961485,0.200511277476736,1985-2000,0.446966839212932
wiodlr,JPN,1999,"5-Pulp, Paper, Paper, Printing and Publishing",Manufacturing,0.238158129100446,0.184257476741407,1985-2000,0.196687213007652
wiodlr,JPN,1999,"6-Coke, Refined Petroleum and Nuclear Fuel",Manufacturing,0.398399561929316,0.345989914870965,1985-2000,0.178334543149209
wiodlr,JPN,1999,7-Chemicals and Chemical Products,Manufacturing,1.06604377068256,0.936631270836966,1985-2000,0.819482976149523
wiodlr,JPN,1999,8-Rubber and Plastics,Manufacturing,0.888538197833734,0.927439049512378,1985-2000,0.909833430381939
wiodlr,JPN,1999,9-Other Non-Metallic Mineral,Manufacturing,0.860848756415971,0.74402260963619,1985-2000,0.811702527988084
wiodlr,JPN,2000,"1-Agriculture, Hunting, Forestry and Fishing","Agriculture, forestry and fishing",0.0560878432382455,0.0698278136916172,1985-2000,0.0500962090436171
wiodlr,JPN,2000,10-Basic Metals and Fabricated Metal,Manufacturing,0.959440692276403,0.90948395502213,1985-2000,1.20346367122633
wiodlr,JPN,2000,"11-Machinery, nec.",Manufacturing,1.40015560913959,1.85286098719128,1985-2000,1.38445637083887
wiodlr,JPN,2000,12-Electrical and Optical Equipment,Manufacturing,1.84365078734882,1.84003197264237,1985-2000,2.11542184948025
wiodlr,JPN,2000,13-Transport Equipment,Manufacturing,0.887595520220726,1.83800061216505,1985-2000,2.01761212455359
wiodlr,JPN,2000,"14-Manufacturing, nec.; Recycling",Manufacturing,0.227771600867879,0.40281051805656,1985-2000,0.540781372197159
wiodlr,JPN,2000,"3-Food, Beverages and Tobacco",Manufacturing,0.0611233047221865,0.0843032558825325,1985-2000,0.138245662622748
wiodlr,JPN,2000,"4-Textiles, Textile, Leather and Footwear",Manufacturing,0.387682904649861,0.175259405784045,1985-2000,0.446966839212932
wiodlr,JPN,2000,"5-Pulp, Paper, Paper, Printing and Publishing",Manufacturing,0.223156400105473,0.176489299491684,1985-2000,0.196687213007652
wiodlr,JPN,2000,"6-Coke, Refined Petroleum and Nuclear Fuel",Manufacturing,0.278670986403079,0.24977634281284,1985-2000,0.178334543149209
wiodlr,JPN,2000,7-Chemicals and Chemical Products,Manufacturing,1.02051076156725,0.941078546005377,1985-2000,0.819482976149523
wiodlr,JPN,2000,8-Rubber and Plastics,Manufacturing,0.876771552683373,0.928247220253566,1985-2000,0.909833430381939
wiodlr,JPN,2000,9-Other Non-Metallic Mineral,Manufacturing,0.928968194494505,0.776909245093582,1985-2000,0.811702527988084
