region,t,value,type
BRN,2000,51.504914,export
BRN,2020,110.664907,export
BRN,2010,212.722555,export
BRN,2016,94.315433,export
BRN,2004,90.4999029999999,export
BRN,2013,220.333677,export
BRN,2001,47.899631,export
BRN,2005,56.475728,export
BRN,2018,131.485675,export
BRN,2007,134.470567,export
BRN,1998,55.252174,export
BRN,2008,169.637938,export
BRN,2012,251.119998,export
BRN,2015,175.832806,export
BRN,2019,143.498316,export
BRN,2011,132.672968,export
BRN,2017,101.282712,export
BRN,2006,144.298651,export
BRN,1995,124.413323,export
BRN,2002,152.546782,export
BRN,2014,111.925424,export
BRN,1997,170.141809,export
BRN,2009,146.051534,export
BRN,1999,77.9656560000001,export
BRN,2003,84.913759,export
BRN,1996,130.249219,export
IDN,2000,5966.068881,export
IDN,2020,8797.357526,export
IDN,2010,14270.371714,export
IDN,2016,10924.53016,export
IDN,2004,6639.627829,export
IDN,2013,14936.18433,export
IDN,2001,4581.392113,export
IDN,2005,6965.544616,export
IDN,2018,15689.684459,export
IDN,2007,8378.180255,export
IDN,1998,3364.609692,export
IDN,2008,14472.937658,export
IDN,2012,17230.659871,export
IDN,2015,11060.900162,export
IDN,2019,12896.709391,export
IDN,2011,16105.138394,export
IDN,2017,12792.583831,export
IDN,2006,6681.55174,export
IDN,1995,7530.979328,export
IDN,2002,4678.301924,export
IDN,2014,14879.244718,export
IDN,1997,6953.902039,export
IDN,2009,8636.657456,export
IDN,1999,3427.00062,export
IDN,2003,4530.105935,export
IDN,1996,7343.171059,export
KHM,2000,98.137644,export
KHM,2020,322.436085,export
KHM,2010,135.828729,export
KHM,2016,333.11949,export
KHM,2004,170.868695,export
KHM,2013,137.708835,export
KHM,2001,156.139361,export
KHM,2005,151.883265,export
KHM,2018,418.696313,export
KHM,2007,172.973754,export
KHM,1998,56.227773,export
KHM,2008,135.204134,export
KHM,2012,175.544711,export
KHM,2015,272.079208,export
KHM,2019,336.629344,export
KHM,2011,196.910484,export
KHM,2017,343.892134,export
KHM,2006,151.37536,export
KHM,1995,72.81553,export
KHM,2002,115.883824,export
KHM,2014,251.14901,export
KHM,1997,64.366455,export
KHM,2009,138.157035,export
KHM,1999,79.467087,export
KHM,2003,159.798687,export
KHM,1996,68.212015,export
LAO,2000,27.369855,export
LAO,2020,135.138272,export
LAO,2010,12.631409,export
LAO,2016,80.883202,export
LAO,2004,21.963351,export
LAO,2013,98.558846,export
LAO,2001,20.400381,export
LAO,2005,27.787391,export
LAO,2018,119.271245,export
LAO,2007,53.491382,export
LAO,1998,16.133211,export
LAO,2008,78.2251130000001,export
LAO,2012,81.333498,export
LAO,2015,101.079762,export
LAO,2019,93.908483,export
LAO,2011,9.55038800000001,export
LAO,2017,128.238552,export
LAO,2006,41.49387,export
LAO,1995,23.437667,export
LAO,2002,17.258985,export
LAO,2014,78.46135,export
LAO,1997,18.948934,export
LAO,2009,74.281975,export
LAO,1999,19.493697,export
LAO,2003,17.221715,export
LAO,1996,22.852095,export
MMR,2000,134.957399,export
MMR,2020,322.003476,export
MMR,2010,227.203941,export
MMR,2016,1150.036726,export
MMR,2004,65.314646,export
MMR,2013,1277.672968,export
MMR,2001,239.228173,export
MMR,2005,80.476531,export
MMR,2018,534.174968,export
MMR,2007,99.916783,export
MMR,1998,201.210735,export
MMR,2008,131.421196,export
MMR,2012,907.025503999999,export
MMR,2015,1097.702732,export
MMR,2019,679.613073,export
MMR,2011,289.454874,export
MMR,2017,850.104016999999,export
MMR,2006,73.916408,export
MMR,1995,159.36378,export
MMR,2002,81.046915,export
MMR,2014,1203.023283,export
MMR,1997,191.674651,export
MMR,2009,161.344705,export
MMR,1999,111.590932,export
MMR,2003,99.85754,export
MMR,1996,135.627759,export
MYS,2000,11648.17202,export
MYS,2020,7467.45700099999,export
MYS,2010,12544.010696,export
MYS,2016,7718.482191,export
MYS,2004,9975.16349100001,export
MYS,2013,10692.040122,export
MYS,2001,9072.79601199999,export
MYS,2005,9712.228525,export
MYS,2018,9283.472064,export
MYS,2007,11334.430326,export
MYS,1998,7757.514651,export
MYS,2008,13085.643236,export
MYS,2012,12243.304723,export
MYS,2015,8211.756759,export
MYS,2019,8526.019851,export
MYS,2011,13049.853727,export
MYS,2017,8329.95505099999,export
MYS,2006,10136.344093,export
MYS,1995,14597.28273,export
MYS,2002,8292.259003,export
MYS,2014,10358.051554,export
MYS,1997,11946.028734,export
MYS,2009,9166.921532,export
MYS,1999,8756.462605,export
MYS,2003,8713.92956099999,export
MYS,1996,13092.641392,export
PHL,2000,2791.784765,export
PHL,2020,7420.25815099999,export
PHL,2010,6536.202681,export
PHL,2016,9100.793586,export
PHL,2004,4122.080127,export
PHL,2013,4795.033245,export
PHL,2001,3071.706356,export
PHL,2005,4608.172768,export
PHL,2018,10081.075576,export
PHL,2007,4339.767844,export
PHL,1998,4585.733222,export
PHL,2008,4635.439524,export
PHL,2012,6081.600947,export
PHL,2015,6385.475379,export
PHL,2019,9831.368325,export
PHL,2011,6069.967424,export
PHL,2017,9763.29864699999,export
PHL,2006,4295.314515,export
PHL,1995,2854.914712,export
PHL,2002,3478.388585,export
PHL,2014,5167.491835,export
PHL,1997,6648.027084,export
PHL,2009,4762.561939,export
PHL,1999,3675.495134,export
PHL,2003,3947.476244,export
PHL,1996,6214.363631,export
SGP,2000,6246.345076,export
SGP,2020,1951.627149,export
SGP,2010,4261.616998,export
SGP,2016,3049.3496,export
SGP,2004,2976.65862,export
SGP,2013,2362.551507,export
SGP,2001,3595.766695,export
SGP,2005,2114.141175,export
SGP,2018,2927.605899,export
SGP,2007,2409.920853,export
SGP,1998,5359.329136,export
SGP,2008,4021.796793,export
SGP,2012,2689.285507,export
SGP,2015,2903.501266,export
SGP,2019,2375.48877,export
SGP,2011,3632.466352,export
SGP,2017,2792.240251,export
SGP,2006,1867.273903,export
SGP,1995,6679.255702,export
SGP,2002,2739.82458,export
SGP,2014,2408.442034,export
SGP,1997,7081.179525,export
SGP,2009,2611.554799,export
SGP,1999,5115.613316,export
SGP,2003,2011.856283,export
SGP,1996,6513.942636,export
THA,2000,12225.677827,export
THA,2020,19660.158908,export
THA,2010,28102.41406,export
THA,2016,22649.823993,export
THA,2004,16453.943486,export
THA,2013,31022.225695,export
THA,2001,10269.748253,export
THA,2005,19856.403111,export
THA,2018,29738.9931,export
THA,2007,21867.244751,export
THA,1998,7570.919812,export
THA,2008,25660.071137,export
THA,2012,36415.708339,export
THA,2015,24230.471,export
THA,2019,26085.159145,export
THA,2011,30912.862574,export
THA,2017,25144.246116,export
THA,2006,20191.265129,export
THA,1995,16577.578728,export
THA,2002,10489.261555,export
THA,2014,28524.408273,export
THA,1997,11927.995282,export
THA,2009,18722.927273,export
THA,1999,9146.37895,export
THA,2003,13127.331081,export
THA,1996,15411.075372,export
VNM,2000,1865.464058,export
VNM,2020,10332.396319,export
VNM,2010,5855.221268,export
VNM,2016,8330.322664,export
VNM,2004,2493.948017,export
VNM,2013,6471.458793,export
VNM,2001,1621.393932,export
VNM,2005,2976.893529,export
VNM,2018,10870.676898,export
VNM,2007,4314.745327,export
VNM,1998,524.626531,export
VNM,2008,5632.301161,export
VNM,2012,6508.257532,export
VNM,2015,7646.66428,export
VNM,2019,10981.978061,export
VNM,2011,6468.727565,export
VNM,2017,9451.404084,export
VNM,2006,3441.287151,export
VNM,1995,442.700897,export
VNM,2002,1678.975378,export
VNM,2014,7381.177211,export
VNM,1997,545.473657,export
VNM,2009,4701.228197,export
VNM,1999,594.694266,export
VNM,2003,1979.180434,export
VNM,1996,573.207808,export
BRN,2000,1677.252332,import
BRN,2020,1797.423016,import
BRN,2010,4085.200684,import
BRN,2016,1576.868324,import
BRN,2004,1330.618709,import
BRN,2013,4716.424639,import
BRN,2001,1558.787754,import
BRN,2005,2388.718729,import
BRN,2018,2571.565546,import
BRN,2007,2374.948303,import
BRN,1998,925.701127999998,import
BRN,2008,4183.184844,import
BRN,2012,4696.40207599998,import
BRN,2015,1634.995709,import
BRN,2019,2736.89165100001,import
BRN,2011,5387.89755299998,import
BRN,2017,1764.997482,import
BRN,2006,2413.206141,import
BRN,1995,1175.325306,import
BRN,2002,1438.324461,import
BRN,2014,4634.01434800001,import
BRN,1997,1366.069747,import
BRN,2009,3244.97283699999,import
BRN,1999,1002.896427,import
BRN,2003,1547.325973,import
BRN,1996,1229.574871,import
IDN,2000,14648.545579,import
IDN,2020,16909.389372,import
IDN,2010,29765.542344,import
IDN,2016,18808.176712,import
IDN,2004,17509.953728,import
IDN,2013,29859.589968,import
IDN,2001,13753.524116,import
IDN,2005,18418.376181,import
IDN,2018,20554.09629,import
IDN,2007,22897.832979,import
IDN,1998,9918.256687,import
IDN,2008,29583.967112,import
IDN,2012,32488.38905,import
IDN,2015,20367.498844,import
IDN,2019,18334.981205,import
IDN,2011,35866.007743,import
IDN,2017,19315.103497,import
IDN,2006,22814.053448,import
IDN,1995,15548.490017,import
IDN,2002,13226.883757,import
IDN,2014,27540.8592,import
IDN,1997,15386.143953,import
IDN,2009,22318.537634,import
IDN,1999,11803.598279,import
IDN,2003,15808.637062,import
IDN,1996,15433.296516,import
KHM,2000,139.558852,import
KHM,2020,558.921998000001,import
KHM,2010,107.391706,import
KHM,2016,620.501734999999,import
KHM,2004,229.763126,import
KHM,2013,264.672237,import
KHM,2001,152.406873,import
KHM,2005,338.409364,import
KHM,2018,739.12466,import
KHM,2007,199.264223,import
KHM,1998,43.589947,import
KHM,2008,166.826499,import
KHM,2012,187.196077,import
KHM,2015,492.360087,import
KHM,2019,680.187489,import
KHM,2011,132.911823,import
KHM,2017,635.485583999999,import
KHM,2006,252.900177,import
KHM,1995,2.066605,import
KHM,2002,162.95046,import
KHM,2014,329.791724999999,import
KHM,1997,31.218077,import
KHM,2009,89.9065050000002,import
KHM,1999,97.2380040000001,import
KHM,2003,194.211645,import
KHM,1996,3.742439,import
LAO,2000,18.186214,import
LAO,2020,83.97637,import
LAO,2010,64.249886,import
LAO,2016,121.777221,import
LAO,2004,10.699558,import
LAO,2013,153.979643,import
LAO,2001,9.579723,import
LAO,2005,12.526985,import
LAO,2018,108.909837,import
LAO,2007,16.41005,import
LAO,1998,23.201386,import
LAO,2008,23.85349,import
LAO,2012,160.410279,import
LAO,2015,112.854286,import
LAO,2019,108.579478,import
LAO,2011,137.288052,import
LAO,2017,141.732312,import
LAO,2006,16.125808,import
LAO,1995,21.240132,import
LAO,2002,10.277053,import
LAO,2014,187.907617,import
LAO,1997,15.886877,import
LAO,2009,33.687349,import
LAO,1999,17.578414,import
LAO,2003,11.145688,import
LAO,1996,17.718855,import
MMR,2000,353.043189,import
MMR,2020,1051.582557,import
MMR,2010,904.673546,import
MMR,2016,1289.998744,import
MMR,2004,429.772554,import
MMR,2013,988.956427,import
MMR,2001,280.836116,import
MMR,2005,614.305385,import
MMR,2018,1351.203307,import
MMR,2007,790.232334,import
MMR,1998,191.669974,import
MMR,2008,650.279008,import
MMR,2012,980.304099,import
MMR,2015,1131.717822,import
MMR,2019,1027.635539,import
MMR,2011,1330.022912,import
MMR,2017,1301.978181,import
MMR,2006,752.688746,import
MMR,1995,122.694883,import
MMR,2002,249.284212,import
MMR,2014,1066.273547,import
MMR,1997,164.511748,import
MMR,2009,842.346195,import
MMR,1999,289.782638,import
MMR,2003,273.848847,import
MMR,1996,118.264079,import
MYS,2000,13894.378467,import
MYS,2020,10503.258592,import
MYS,2010,17055.12328,import
MYS,2016,11776.648534,import
MYS,2004,12377.323049,import
MYS,2013,19929.434524,import
MYS,2001,11817.045757,import
MYS,2005,12403.452342,import
MYS,2018,12559.142775,import
MYS,2007,13787.848876,import
MYS,1998,8082.221533,import
MYS,2008,19401.297314,import
MYS,2012,22253.999973,import
MYS,2015,13872.243876,import
MYS,2019,11039.916966,import
MYS,2011,21419.020903,import
MYS,2017,12742.397645,import
MYS,2006,13753.43398,import
MYS,1995,9723.183207,import
MYS,2002,10634.542371,import
MYS,2014,21065.26593,import
MYS,1997,10215.243057,import
MYS,2009,14349.948612,import
MYS,1999,10561.152325,import
MYS,2003,11511.333504,import
MYS,1996,10794.557605,import
PHL,2000,4025.262198,import
PHL,2020,6806.025068,import
PHL,2010,6045.343857,import
PHL,2016,5991.94773,import
PHL,2004,4292.439261,import
PHL,2013,6458.188996,import
PHL,2001,3345.331724,import
PHL,2005,3929.391285,import
PHL,2018,6747.263234,import
PHL,2007,4717.819984,import
PHL,1998,4406.696065,import
PHL,2008,5062.808446,import
PHL,2012,7399.722086,import
PHL,2015,5869.054838,import
PHL,2019,6704.62762,import
PHL,2011,6310.700298,import
PHL,2017,6548.286183,import
PHL,2006,4116.774593,import
PHL,1995,6209.041912,import
PHL,2002,3281.136536,import
PHL,2014,6878.976829,import
PHL,1997,6676.606263,import
PHL,2009,5397.110917,import
PHL,1999,4708.901264,import
PHL,2003,3597.479711,import
PHL,1996,6732.963748,import
SGP,2000,4235.005767,import
SGP,2020,7221.046048,import
SGP,2010,6479.601352,import
SGP,2016,6682.821552,import
SGP,2004,4647.94988,import
SGP,2013,7184.53831,import
SGP,2001,4157.093752,import
SGP,2005,4890.188998,import
SGP,2018,8297.339025,import
SGP,2007,4476.159365,import
SGP,1998,3194.344662,import
SGP,2008,5322.949046,import
SGP,2012,8380.877256,import
SGP,2015,7075.362698,import
SGP,2019,7535.898418,import
SGP,2011,7644.114137,import
SGP,2017,7608.111303,import
SGP,2006,4876.441078,import
SGP,1995,4652.924896,import
SGP,2002,3604.766147,import
SGP,2014,7816.31465,import
SGP,1997,3863.024219,import
SGP,2009,4909.887945,import
SGP,1999,3746.576478,import
SGP,2003,4015.283797,import
SGP,1996,4824.400144,import
THA,2000,11952.075301,import
THA,2020,22045.57199,import
THA,2010,21300.657789,import
THA,2016,19602.004408,import
THA,2004,14056.853305,import
THA,2013,21802.243935,import
THA,2001,10715.410649,import
THA,2005,14971.34802,import
THA,2018,22955.71163,import
THA,2007,17125.476584,import
THA,1998,8700.881982,import
THA,2008,20470.169443,import
THA,2012,24054.622344,import
THA,2015,19827.046228,import
THA,2019,23270.114574,import
THA,2011,23314.073507,import
THA,2017,21424.837501,import
THA,2006,15963.61659,import
THA,1995,12660.358355,import
THA,2002,10761.105043,import
THA,2014,20350.571395,import
THA,1997,10455.89131,import
THA,2009,17016.760117,import
THA,1999,9793.870162,import
THA,2003,12105.208516,import
THA,1996,11189.758478,import
VNM,2000,3663.30573,import
VNM,2020,23245.473499,import
VNM,2010,9138.829603,import
VNM,2016,17752.154712,import
VNM,2004,5082.222288,import
VNM,2013,15908.7886,import
VNM,2001,3869.883369,import
VNM,2005,5727.859371,import
VNM,2018,22454.702674,import
VNM,2007,7417.027028,import
VNM,1998,2157.467408,import
VNM,2008,9531.205197,import
VNM,2012,14710.365722,import
VNM,2015,16887.692825,import
VNM,2019,22426.682333,import
VNM,2011,12307.832965,import
VNM,2017,20719.754286,import
VNM,2006,6479.656223,import
VNM,1995,1755.409199,import
VNM,2002,3557.727717,import
VNM,2014,16805.964155,import
VNM,1997,2547.708524,import
VNM,2009,8266.961147,import
VNM,1999,2669.889384,import
VNM,2003,3931.996881,import
VNM,1996,2326.867592,import
ROW,2000,69833.647226,export
ROW,2020,83322.37879,export
ROW,2010,118117.510999,export
ROW,2016,92565.164183,export
ROW,2004,76322.140608,export
ROW,2013,109171.48339,export
ROW,2001,51858.566216,export
ROW,2005,84188.194414,export
ROW,2018,101929.802596,export
ROW,2007,102641.7604,export
ROW,1998,58001.358655,export
ROW,2008,117256.810312,export
ROW,2012,121810.802806,export
ROW,2015,94364.248724,export
ROW,2019,98304.299407,export
ROW,2011,126874.332054,export
ROW,2017,95778.3836869999,export
ROW,2006,89672.994021,export
ROW,1995,65326.043499,export
ROW,2002,51139.482942,export
ROW,2014,108533.473459,export
ROW,1997,64478.037875,export
ROW,2009,85803.485655,export
ROW,1999,57850.660286,export
ROW,2003,58872.469586,export
ROW,1996,59998.79886,export
Europe,2000,69545.8389670001,export
Europe,2020,54441.993392,export
Europe,2010,77221.954203,export
Europe,2016,59007.877053,export
Europe,2004,73736.532609,export
Europe,2013,60208.227791,export
Europe,2001,56279.2800739999,export
Europe,2005,75435.619253,export
Europe,2018,68647.842462,export
Europe,2007,90111.4404,export
Europe,1998,60649.126796,export
Europe,2008,94644.5249,export
Europe,2012,69636.145289,export
Europe,2015,53543.455009,export
Europe,2019,65769.758038,export
Europe,2011,81476.151311,export
Europe,2017,64598.173753,export
Europe,2006,76739.395449,export
Europe,1995,68159.152779,export
Europe,2002,50426.944075,export
Europe,2014,62609.294916,export
Europe,1997,58843.53888,export
Europe,2009,63494.130565,export
Europe,1999,63327.105655,export
Europe,2003,61974.999153,export
Europe,1996,60038.777744,export
N.America,2000,148419.080462,export
N.America,2020,113542.363346,export
N.America,2010,123995.59943,export
N.America,2016,135226.093315,export
N.America,2004,125675.985079,export
N.America,2013,130523.08773,export
N.America,2001,123554.878279,export
N.America,2005,137873.892082,export
N.America,2018,144135.968339,export
N.America,2007,149717.523933,export
N.America,1998,122789.762194,export
N.America,2008,140718.746529,export
N.America,2012,139192.213793,export
N.America,2015,133015.292744,export
N.America,2019,139874.151438,export
N.America,2011,125787.180342,export
N.America,2017,139539.222444,export
N.America,2006,149498.362187,export
N.America,1995,125831.661162,export
N.America,2002,120029.707103,export
N.America,2014,136469.848132,export
N.America,1997,120967.7756,export
N.America,2009,93342.293575,export
N.America,1999,130886.658561,export
N.America,2003,114736.286859,export
N.America,1996,112049.534169,export
CHN,2000,28996.889261,export
CHN,2020,148775.705456,export
CHN,2010,113168.828592,export
CHN,2016,116521.534584,export
CHN,2004,66816.705041,export
CHN,2013,117112.383935,export
CHN,2001,29668.09066,export
CHN,2005,69716.413234,export
CHN,2018,150896.690707,export
CHN,2007,86839.7285359999,export
CHN,1998,19901.879017,export
CHN,2008,109497.168509,export
CHN,2012,120863.203157,export
CHN,2015,113637.534727,export
CHN,2019,145308.830897,export
CHN,2011,132818.288469,export
CHN,2017,132568.433173,export
CHN,2006,73720.956348,export
CHN,1995,20717.612705,export
CHN,2002,37354.80823,export
CHN,2014,127228.525562,export
CHN,1997,20807.026745,export
CHN,2009,84450.099127,export
CHN,1999,23563.632337,export
CHN,2003,52316.179673,export
CHN,1996,21531.045908,export
ASEAN4,2000,32631.703493,export
ASEAN4,2020,43345.231586,export
ASEAN4,2010,61452.999151,export
ASEAN4,2016,50393.62993,export
ASEAN4,2004,37190.814933,export
ASEAN4,2013,61445.483392,export
ASEAN4,2001,26995.642734,export
ASEAN4,2005,41142.34902,export
ASEAN4,2018,64793.225199,export
ASEAN4,2007,45919.623176,export
ASEAN4,1998,23278.777377,export
ASEAN4,2008,57854.091555,export
ASEAN4,2012,71971.27388,export
ASEAN4,2015,49888.6033,export
ASEAN4,2019,57339.256712,export
ASEAN4,2011,66137.822119,export
ASEAN4,2017,56030.083645,export
ASEAN4,2006,41304.475477,export
ASEAN4,1995,41560.755498,export
ASEAN4,2002,26938.211067,export
ASEAN4,2014,58929.19638,export
ASEAN4,1997,37475.953139,export
ASEAN4,2009,41289.0682,export
ASEAN4,1999,25005.337309,export
ASEAN4,2003,30318.842821,export
ASEAN4,1996,42061.251454,export
JPN,2000,0,export
JPN,2020,0,export
JPN,2010,0,export
JPN,2016,0,export
JPN,2004,0,export
JPN,2013,0,export
JPN,2001,0,export
JPN,2005,0,export
JPN,2018,0,export
JPN,2007,0,export
JPN,1998,0,export
JPN,2008,0,export
JPN,2012,0,export
JPN,2015,0,export
JPN,2019,0,export
JPN,2011,0,export
JPN,2017,0,export
JPN,2006,0,export
JPN,1995,0,export
JPN,2002,0,export
JPN,2014,0,export
JPN,1997,0,export
JPN,2009,0,export
JPN,1999,0,export
JPN,2003,0,export
JPN,1996,0,export
CLMV,2000,2125.928956,export
CLMV,2020,11111.974152,export
CLMV,2010,6230.885347,export
CLMV,2016,9894.362082,export
CLMV,2004,2752.094709,export
CLMV,2013,7985.399442,export
CLMV,2001,2037.161847,export
CLMV,2005,3237.040716,export
CLMV,2018,11942.819424,export
CLMV,2007,4641.127246,export
CLMV,1998,798.19825,export
CLMV,2008,5977.151604,export
CLMV,2012,7672.161245,export
CLMV,2015,9117.525982,export
CLMV,2019,12092.128961,export
CLMV,2011,6964.643311,export
CLMV,2017,10773.638787,export
CLMV,2006,3708.072789,export
CLMV,1995,698.317874,export
CLMV,2002,1893.165102,export
CLMV,2014,8913.810854,export
CLMV,1997,820.463697,export
CLMV,2009,5075.011912,export
CLMV,1999,805.245982,export
CLMV,2003,2256.058376,export
CLMV,1996,799.899677,export
KOR,2000,28166.060044,export
KOR,2020,29758.322551,export
KOR,2010,49938.732746,export
KOR,2016,35531.472899,export
KOR,2004,35808.112312,export
KOR,2013,45466.623071,export
KOR,2001,23290.694825,export
KOR,2005,38249.163674,export
KOR,2018,42512.6244359999,export
KOR,2007,45896.839609,export
KOR,1998,14302.193971,export
KOR,2008,51110.986545,export
KOR,2012,52105.358882,export
KOR,2015,33268.672453,export
KOR,2019,34847.024164,export
KOR,2011,58017.578913,export
KOR,2017,42013.310543,export
KOR,2006,42645.895806,export
KOR,1995,28096.605833,export
KOR,2002,23909.314361,export
KOR,2014,40463.666166,export
KOR,1997,24079.878269,export
KOR,2009,36545.277195,export
KOR,1999,19836.535814,export
KOR,2003,29249.092376,export
KOR,1996,27042.339605,export
ROW,2000,78565.430352,import
ROW,2020,127774.607821,import
ROW,2010,166814.523257,import
ROW,2016,123332.37532,import
ROW,2004,87427.019105,import
ROW,2013,191241.69378,import
ROW,2001,68228.116865,import
ROW,2005,109399.043912,import
ROW,2018,158611.052695,import
ROW,2007,134865.778473,import
ROW,1998,55490.057836,import
ROW,2008,163216.8843,import
ROW,2012,218681.882122,import
ROW,2015,134835.736224,import
ROW,2019,141101.441965,import
ROW,2011,209478.599173,import
ROW,2017,140292.986094,import
ROW,2006,127420.943872,import
ROW,1995,74969.749916,import
ROW,2002,65231.155816,import
ROW,2014,193247.289681,import
ROW,1997,70661.088703,import
ROW,2009,121045.278405,import
ROW,1999,63856.109692,import
ROW,2003,73860.032139,import
ROW,1996,75432.170786,import
Europe,2000,54487.800362,import
Europe,2020,92474.808178,import
Europe,2010,78278.649161,import
Europe,2016,87804.870589,import
Europe,2004,66817.280228,import
Europe,2013,90830.196134,import
Europe,2001,51723.862364,import
Europe,2005,68122.30447,import
Europe,2018,102559.755079,import
Europe,2007,72677.819922,import
Europe,1998,44812.277791,import
Europe,2008,87457.378959,import
Europe,2012,100404.134273,import
Europe,2015,87046.712355,import
Europe,2019,104535.253166,import
Europe,2011,95807.133232,import
Europe,2017,91177.953143,import
Europe,2006,65752.974063,import
Europe,1995,64775.715258,import
Europe,2002,51020.220687,import
Europe,2014,95990.885725,import
Europe,1997,53914.048963,import
Europe,2009,67122.147097,import
Europe,1999,49176.406994,import
Europe,2003,57452.336026,import
Europe,1996,61703.429576,import
N.America,2000,86234.31707,import
N.America,2020,78219.251776,import
N.America,2010,81907.40028,import
N.America,2016,78879.599632,import
N.America,2004,71202.430127,import
N.America,2013,84937.242899,import
N.America,2001,74456.370748,import
N.America,2005,72465.059048,import
N.America,2018,89799.688971,import
N.America,2007,80802.005462,import
N.America,1998,76224.226588,import
N.America,2008,90644.178071,import
N.America,2012,93423.834755,import
N.America,2015,75420.591114,import
N.America,2019,88815.920699,import
N.America,2011,91961.143228,import
N.America,2017,81969.131729,import
N.America,2006,77103.277685,import
N.America,1995,95425.368111,import
N.America,2002,67389.252152,import
N.America,2014,86357.151128,import
N.America,1997,86197.014282,import
N.America,2009,72612.507162,import
N.America,1999,79872.83296,import
N.America,2003,68308.219715,import
N.America,1996,90176.725578,import
CHN,2000,41258.445448,import
CHN,2020,176178.321735,import
CHN,2010,127642.635738,import
CHN,2016,148456.887361,import
CHN,2004,79304.446629,import
CHN,2013,170221.237294,import
CHN,2001,44818.08666,import
CHN,2005,89145.549347,import
CHN,2018,164839.010457,import
CHN,2007,102555.12959,import
CHN,1998,30827.643434,import
CHN,2008,125373.90581,import
CHN,2012,173727.067873,import
CHN,2015,160876.154728,import
CHN,2019,167269.77894,import
CHN,2011,159565.254991,import
CHN,2017,155819.439858,import
CHN,2006,93458.9891,import
CHN,1995,26127.618052,import
CHN,2002,47611.052753,import
CHN,2014,175822.237663,import
CHN,1997,33671.30144,import
CHN,2009,104432.47261,import
CHN,1999,33347.795676,import
CHN,2003,63163.15478,import
CHN,1996,29435.97587,import
ASEAN4,2000,44520.261545,import
ASEAN4,2020,56264.245022,import
ASEAN4,2010,74166.66727,import
ASEAN4,2016,56178.777384,import
ASEAN4,2004,48236.569343,import
ASEAN4,2013,78049.457423,import
ASEAN4,2001,39631.312246,import
ASEAN4,2005,49722.567828,import
ASEAN4,2018,62816.213929,import
ASEAN4,2007,58528.978423,import
ASEAN4,1998,31108.056267,import
ASEAN4,2008,74518.242315,import
ASEAN4,2012,86196.733453,import
ASEAN4,2015,59935.843786,import
ASEAN4,2019,59349.640365,import
ASEAN4,2011,86909.802451,import
ASEAN4,2017,60030.624826,import
ASEAN4,2006,56647.878611,import
ASEAN4,1995,44141.073491,import
ASEAN4,2002,37903.667707,import
ASEAN4,2014,75835.673354,import
ASEAN4,1997,42733.884583,import
ASEAN4,2009,59082.35728,import
ASEAN4,1999,36867.52203,import
ASEAN4,2003,43022.658793,import
ASEAN4,1996,44150.576347,import
JPN,2000,0,import
JPN,2020,0,import
JPN,2010,0,import
JPN,2016,0,import
JPN,2004,0,import
JPN,2013,0,import
JPN,2001,0,import
JPN,2005,0,import
JPN,2018,0,import
JPN,2007,0,import
JPN,1998,0,import
JPN,2008,0,import
JPN,2012,0,import
JPN,2015,0,import
JPN,2019,0,import
JPN,2011,0,import
JPN,2017,0,import
JPN,2006,0,import
JPN,1995,0,import
JPN,2002,0,import
JPN,2014,0,import
JPN,1997,0,import
JPN,2009,0,import
JPN,1999,0,import
JPN,2003,0,import
JPN,1996,0,import
CLMV,2000,4174.093985,import
CLMV,2020,24939.954424,import
CLMV,2010,10215.144741,import
CLMV,2016,19784.432412,import
CLMV,2004,5752.457526,import
CLMV,2013,17316.396907,import
CLMV,2001,4312.706081,import
CLMV,2005,6693.101105,import
CLMV,2018,24653.940478,import
CLMV,2007,8422.933635,import
CLMV,1998,2415.928715,import
CLMV,2008,10372.164194,import
CLMV,2012,16038.276177,import
CLMV,2015,18624.62502,import
CLMV,2019,24243.084839,import
CLMV,2011,13908.055752,import
CLMV,2017,22798.950363,import
CLMV,2006,7501.370954,import
CLMV,1995,1901.410819,import
CLMV,2002,3980.239442,import
CLMV,2014,18389.937044,import
CLMV,1997,2759.325226,import
CLMV,2009,9232.901196,import
CLMV,1999,3074.48844,import
CLMV,2003,4411.203061,import
CLMV,1996,2466.592965,import
KOR,2000,23107.679682,import
KOR,2020,26511.734501,import
KOR,2010,32750.119261,import
KOR,2016,27751.713574,import
KOR,2004,25724.280937,import
KOR,2013,43895.399982,import
KOR,2001,18453.698348,import
KOR,2005,27249.462153,import
KOR,2018,34928.441217,import
KOR,2007,28943.717931,import
KOR,1998,15072.798493,import
KOR,2008,32329.036088,import
KOR,2012,52799.703194,import
KOR,2015,29321.913682,import
KOR,2019,29347.419004,import
KOR,2011,47225.067036,import
KOR,2017,30785.466651,import
KOR,2006,28876.774276,import
KOR,1995,22470.049529,import
KOR,2002,16730.909224,import
KOR,2014,39523.981717,import
KOR,1997,19362.073591,import
KOR,2009,26893.864101,import
KOR,1999,18569.949151,import
KOR,2003,19869.406025,import
KOR,1996,20621.227477,import
