Variablecode,Variablename2,ISOcode,date,value,gyoy
rgdpna,Real GDP,BRN,1970,10634.3603515625,
rgdpna,Real GDP,BRN,1971,11697.095703125,0.0999341113550241
rgdpna,Real GDP,BRN,1972,12883.84765625,0.101456975581379
rgdpna,Real GDP,BRN,1973,14117.2724609375,0.0957341966154932
rgdpna,Real GDP,BRN,1974,15746.5205078125,0.115408132228313
rgdpna,Real GDP,BRN,1975,15803.0986328125,0.00359305568312251
rgdpna,Real GDP,BRN,1976,18988.275390625,0.201553937732124
rgdpna,Real GDP,BRN,1977,21060.56640625,0.109135293911323
rgdpna,Real GDP,BRN,1978,22492.451171875,0.0679889010582389
rgdpna,Real GDP,BRN,1979,27562.732421875,0.225421463016889
rgdpna,Real GDP,BRN,1980,25634.291015625,-0.0699655381307371
rgdpna,Real GDP,BRN,1981,20551.97265625,-0.198262489736
rgdpna,Real GDP,BRN,1982,21363.916015625,0.0395068333806916
rgdpna,Real GDP,BRN,1983,21471.05078125,0.00501475317290345
rgdpna,Real GDP,BRN,1984,21600.458984375,0.00602710153515207
rgdpna,Real GDP,BRN,1985,21278.447265625,-0.0149076331657088
rgdpna,Real GDP,BRN,1986,18837.140625,-0.114731428010205
rgdpna,Real GDP,BRN,1987,18895.470703125,0.00309654630106571
rgdpna,Real GDP,BRN,1988,18827.015625,-0.00362282999987285
rgdpna,Real GDP,BRN,1989,19242.603515625,0.0220740184691379
rgdpna,Real GDP,BRN,1990,19452.236328125,0.0108942021452438
rgdpna,Real GDP,BRN,1991,20064.193359375,0.0314594692829844
rgdpna,Real GDP,BRN,1992,21018.962890625,0.0475857421302155
rgdpna,Real GDP,BRN,1993,21082.982421875,0.00304579876672007
rgdpna,Real GDP,BRN,1994,21746.125,0.0314539264348552
rgdpna,Real GDP,BRN,1995,22720.068359375,0.0447869843190454
rgdpna,Real GDP,BRN,1996,23374.025390625,0.0287832334351299
rgdpna,Real GDP,BRN,1997,23029.61328125,-0.0147348222490226
rgdpna,Real GDP,BRN,1998,22900.576171875,-0.00560309492821831
rgdpna,Real GDP,BRN,1999,23599.72265625,0.0305296460284543
rgdpna,Real GDP,BRN,2000,24272.986328125,0.0285284569518742
rgdpna,Real GDP,BRN,2001,24939.2734375,0.0274497377606553
rgdpna,Real GDP,BRN,2002,25904.884765625,0.0387185027881789
rgdpna,Real GDP,BRN,2003,26656.982421875,0.0290330438855304
rgdpna,Real GDP,BRN,2004,26791.3984375,0.00504243179133046
rgdpna,Real GDP,BRN,2005,26895.33203125,0.00387936426657465
rgdpna,Real GDP,BRN,2006,28077.998046875,0.043972910029549
rgdpna,Real GDP,BRN,2007,28120.716796875,0.00152143147558759
rgdpna,Real GDP,BRN,2008,27576.4140625,-0.0193559338585383
rgdpna,Real GDP,BRN,2009,27089.357421875,-0.0176620730861207
rgdpna,Real GDP,BRN,2010,27793.43359375,0.0259908775579316
rgdpna,Real GDP,BRN,2011,28834.130859375,0.0374439977743168
rgdpna,Real GDP,BRN,2012,29097.421875,0.00913122774218778
rgdpna,Real GDP,BRN,2013,28479.16796875,-0.0212477211522714
rgdpna,Real GDP,BRN,2014,27764.943359375,-0.0250788439521377
rgdpna,Real GDP,BRN,2015,27655.99609375,-0.00392391456430663
rgdpna,Real GDP,BRN,2016,26970.703125,-0.0247791822947527
rgdpna,Real GDP,BRN,2017,27329.078125,0.0132875660800926
rgdpna,Real GDP,BRN,2018,27343.3828125,0.00052342371135139
rgdpna,Real GDP,BRN,2019,28401.255859375,0.0386884481020173
rgdpna,Real GDP,CHN,1952,557468.3125,
rgdpna,Real GDP,CHN,1953,630467.125,0.130947016831562
rgdpna,Real GDP,CHN,1954,586751.375,-0.0693386669447673
rgdpna,Real GDP,CHN,1955,641581.4375,0.0934468410917657
rgdpna,Real GDP,CHN,1956,695460.25,0.0839781348879813
rgdpna,Real GDP,CHN,1957,718725.3125,0.033452756645689
rgdpna,Real GDP,CHN,1958,739635.3125,0.0290931732002968
rgdpna,Real GDP,CHN,1959,724461.0625,-0.0205158538857622
rgdpna,Real GDP,CHN,1960,689786.875,-0.047862044345551
rgdpna,Real GDP,CHN,1961,558305.375,-0.190611774107763
rgdpna,Real GDP,CHN,1962,591366.25,0.0592164727054616
rgdpna,Real GDP,CHN,1963,677432.875,0.14553861502918
rgdpna,Real GDP,CHN,1964,771682.9375,0.139128267874511
rgdpna,Real GDP,CHN,1965,857507.25,0.111217066400409
rgdpna,Real GDP,CHN,1966,885350.75,0.0324702794058009
rgdpna,Real GDP,CHN,1967,889345.4375,0.00451198296268451
rgdpna,Real GDP,CHN,1968,865986.375,-0.0262654549234138
rgdpna,Real GDP,CHN,1969,953460.25,0.101010682760453
rgdpna,Real GDP,CHN,1970,1085341.125,0.138318167957185
rgdpna,Real GDP,CHN,1971,1182455.75,0.0894784347179325
rgdpna,Real GDP,CHN,1972,1173581.875,-0.00750461486613774
rgdpna,Real GDP,CHN,1973,1261324.375,0.074764702718334
rgdpna,Real GDP,CHN,1974,1299351.25,0.0301483708344255
rgdpna,Real GDP,CHN,1975,1391712,0.0710822035227194
rgdpna,Real GDP,CHN,1976,1349881.875,-0.030056595761192
rgdpna,Real GDP,CHN,1977,1428767,0.0584385392981146
rgdpna,Real GDP,CHN,1978,1594763.125,0.116181382268767
rgdpna,Real GDP,CHN,1979,1719783.125,0.0783940875231863
rgdpna,Real GDP,CHN,1980,1804728.625,0.0493931465922484
rgdpna,Real GDP,CHN,1981,1861601.125,0.0315130481182455
rgdpna,Real GDP,CHN,1982,2031704.875,0.0913749716389971
rgdpna,Real GDP,CHN,1983,2178264.75,0.072136399731777
rgdpna,Real GDP,CHN,1984,2414971,0.108667346336115
rgdpna,Real GDP,CHN,1985,2602347.25,0.0775894410326252
rgdpna,Real GDP,CHN,1986,2780601,0.0684972960468668
rgdpna,Real GDP,CHN,1987,3008488,0.0819560231762846
rgdpna,Real GDP,CHN,1988,3142030,0.0443884103908674
rgdpna,Real GDP,CHN,1989,3153668.75,0.00370421351801231
rgdpna,Real GDP,CHN,1990,3165272,0.00367928622814295
rgdpna,Real GDP,CHN,1991,3300483.75,0.0427172609494539
rgdpna,Real GDP,CHN,1992,3556377.75,0.0775322708375703
rgdpna,Real GDP,CHN,1993,3920962.75,0.102515825266312
rgdpna,Real GDP,CHN,1994,4256331,0.0855321183553708
rgdpna,Real GDP,CHN,1995,4657186.5,0.0941786482301305
rgdpna,Real GDP,CHN,1996,4990733,0.0716197429499548
rgdpna,Real GDP,CHN,1997,5274995,0.0569579658939878
rgdpna,Real GDP,CHN,1998,5305999.5,0.00587763590297241
rgdpna,Real GDP,CHN,1999,5573186,0.0503555456422489
rgdpna,Real GDP,CHN,2000,5962253,0.0698105177182316
rgdpna,Real GDP,CHN,2001,6370915,0.0685415395824365
rgdpna,Real GDP,CHN,2002,6969823,0.0940065908900056
rgdpna,Real GDP,CHN,2003,7496914,0.0756247325075543
rgdpna,Real GDP,CHN,2004,8225812.5,0.0972264721190612
rgdpna,Real GDP,CHN,2005,9019761,0.0965191584417953
rgdpna,Real GDP,CHN,2006,9982318,0.106716463994999
rgdpna,Real GDP,CHN,2007,10976751,0.0996194471063734
rgdpna,Real GDP,CHN,2008,11616248,0.0582592244280662
rgdpna,Real GDP,CHN,2009,12577917,0.082786541747387
rgdpna,Real GDP,CHN,2010,13947309,0.108872717159765
rgdpna,Real GDP,CHN,2011,14918415,0.0696267645608195
rgdpna,Real GDP,CHN,2012,15416000,0.0333537443488468
rgdpna,Real GDP,CHN,2013,16562428,0.0743661131292164
rgdpna,Real GDP,CHN,2014,17711682,0.0693892224014499
rgdpna,Real GDP,CHN,2015,18379366,0.0376973796164588
rgdpna,Real GDP,CHN,2016,19132416,0.0409725776177481
rgdpna,Real GDP,CHN,2017,19687162,0.0289950835273496
rgdpna,Real GDP,CHN,2018,19841296,0.0078291629844871
rgdpna,Real GDP,CHN,2019,20572606,0.0368579754064453
rgdpna,Real GDP,IDN,1960,147538.921875,
rgdpna,Real GDP,IDN,1961,159648.609375,0.0820779177867366
rgdpna,Real GDP,IDN,1962,159406.125,-0.00151886305774473
rgdpna,Real GDP,IDN,1963,153244.640625,-0.038652745463827
rgdpna,Real GDP,IDN,1964,160370.234375,0.0464981595502372
rgdpna,Real GDP,IDN,1965,162256.953125,0.0117647689258109
rgdpna,Real GDP,IDN,1966,166785.046875,0.0279069319544762
rgdpna,Real GDP,IDN,1967,169049.109375,0.0135747331215901
rgdpna,Real GDP,IDN,1968,180746.703125,0.0691964234135736
rgdpna,Real GDP,IDN,1969,181878.734375,0.00626308104340434
rgdpna,Real GDP,IDN,1970,195463.015625,0.0746886726294882
rgdpna,Real GDP,IDN,1971,209155.25,0.0700502564703538
rgdpna,Real GDP,IDN,1972,228844.890625,0.0941388782973414
rgdpna,Real GDP,IDN,1973,254720.53125,0.113070650405744
rgdpna,Real GDP,IDN,1974,274183.875,0.0764105808608626
rgdpna,Real GDP,IDN,1975,287838.375,0.0498005216389914
rgdpna,Real GDP,IDN,1976,307641.15625,0.0687982665619205
rgdpna,Real GDP,IDN,1977,334610.6875,0.0876655502753461
rgdpna,Real GDP,IDN,1978,360863.53125,0.0784578757664458
rgdpna,Real GDP,IDN,1979,383419.875,0.0625065760229824
rgdpna,Real GDP,IDN,1980,421290.34375,0.0987702287211898
rgdpna,Real GDP,IDN,1981,454709.9375,0.0793267499381178
rgdpna,Real GDP,IDN,1982,464894.21875,0.022397314001962
rgdpna,Real GDP,IDN,1983,505689.15625,0.0877510105625508
rgdpna,Real GDP,IDN,1984,540959.625,0.0697473305766581
rgdpna,Real GDP,IDN,1985,554282.125,0.0246275311211996
rgdpna,Real GDP,IDN,1986,586849.0625,0.0587551646194615
rgdpna,Real GDP,IDN,1987,615754.6875,0.0492556380287308
rgdpna,Real GDP,IDN,1988,651344.4375,0.0577985855771499
rgdpna,Real GDP,IDN,1989,710516.625,0.0908462314150031
rgdpna,Real GDP,IDN,1990,774478.125,0.0900211166768969
rgdpna,Real GDP,IDN,1991,843623.25,0.089279635883841
rgdpna,Real GDP,IDN,1992,904537,0.0722049208577407
rgdpna,Real GDP,IDN,1993,970148.875,0.0725364191846216
rgdpna,Real GDP,IDN,1994,1043297.75,0.0753996390502436
rgdpna,Real GDP,IDN,1995,1129058.375,0.0822014856257478
rgdpna,Real GDP,IDN,1996,1217328.375,0.078180191524641
rgdpna,Real GDP,IDN,1997,1274538.375,0.0469963579054831
rgdpna,Real GDP,IDN,1998,1107235.75,-0.131265270847573
rgdpna,Real GDP,IDN,1999,1115993.625,0.00790967506242457
rgdpna,Real GDP,IDN,2000,1170903.125,0.0492023419936651
rgdpna,Real GDP,IDN,2001,1213564.625,0.0364346965083042
rgdpna,Real GDP,IDN,2002,1268168.625,0.0449947195848759
rgdpna,Real GDP,IDN,2003,1328791.75,0.047803678316044
rgdpna,Real GDP,IDN,2004,1395641.625,0.0503087673444691
rgdpna,Real GDP,IDN,2005,1475089.5,0.0569256989594302
rgdpna,Real GDP,IDN,2006,1556233.625,0.055009628229338
rgdpna,Real GDP,IDN,2007,1654976.75,0.0634500652175536
rgdpna,Real GDP,IDN,2008,1754502.375,0.0601371741325067
rgdpna,Real GDP,IDN,2009,1835716,0.046288694821516
rgdpna,Real GDP,IDN,2010,1949968.25,0.0622385216449604
rgdpna,Real GDP,IDN,2011,2070277,0.0616977994385293
rgdpna,Real GDP,IDN,2012,2195115.75,0.0603005056811239
rgdpna,Real GDP,IDN,2013,2317104,0.0555725819925441
rgdpna,Real GDP,IDN,2014,2433113.75,0.0500666996388595
rgdpna,Real GDP,IDN,2015,2551760.25,0.048763235997495
rgdpna,Real GDP,IDN,2016,2680192,0.0503306492057787
rgdpna,Real GDP,IDN,2017,2816072.25,0.050697953728688
rgdpna,Real GDP,IDN,2018,2961655,0.0516970933540502
rgdpna,Real GDP,IDN,2019,3110469.5,0.0502470746930348
rgdpna,Real GDP,JPN,1950,272826,
rgdpna,Real GDP,JPN,1951,297234.6875,0.0894661340927918
rgdpna,Real GDP,JPN,1952,333982.59375,0.123632630360479
rgdpna,Real GDP,JPN,1953,356372.46875,0.0670390476000666
rgdpna,Real GDP,JPN,1954,374102.46875,0.04975131794605
rgdpna,Real GDP,JPN,1955,400389.4375,0.0702667609701519
rgdpna,Real GDP,JPN,1956,430393.71875,0.0749377442056023
rgdpna,Real GDP,JPN,1957,464033.28125,0.0781599754701345
rgdpna,Real GDP,JPN,1958,492858.71875,0.0621193320926268
rgdpna,Real GDP,JPN,1959,539262.25,0.0941517913443628
rgdpna,Real GDP,JPN,1960,609689.9375,0.130600069817607
rgdpna,Real GDP,JPN,1961,681957.375,0.118531458459572
rgdpna,Real GDP,JPN,1962,740583.0625,0.0859667915461726
rgdpna,Real GDP,JPN,1963,805660.875,0.0878737521761781
rgdpna,Real GDP,JPN,1964,895779.375,0.111856617090907
rgdpna,Real GDP,JPN,1965,946597.125,0.0567302077032081
rgdpna,Real GDP,JPN,1966,1043608.375,0.102484200974095
rgdpna,Real GDP,JPN,1967,1159281.125,0.1108392312394
rgdpna,Real GDP,JPN,1968,1297339.125,0.119089319253775
rgdpna,Real GDP,JPN,1969,1452412,0.119531487189211
rgdpna,Real GDP,JPN,1970,1601754.125,0.102823527346235
rgdpna,Real GDP,JPN,1971,1677020.375,0.0469898899120986
rgdpna,Real GDP,JPN,1972,1818117.375,0.0841355311500016
rgdpna,Real GDP,JPN,1973,1964159.375,0.0803259470527859
rgdpna,Real GDP,JPN,1974,1940093.625,-0.0122524426002855
rgdpna,Real GDP,JPN,1975,2000073.125,0.0309157760363241
rgdpna,Real GDP,JPN,1976,2079575.75,0.039749859145775
rgdpna,Real GDP,JPN,1977,2170876.25,0.043903425975226
rgdpna,Real GDP,JPN,1978,2285323.5,0.0527193800199344
rgdpna,Real GDP,JPN,1979,2410651.75,0.0548404853842355
rgdpna,Real GDP,JPN,1980,2478574,0.0281758864589212
rgdpna,Real GDP,JPN,1981,2582905.5,0.0420933569060273
rgdpna,Real GDP,JPN,1982,2668463,0.0331245181056759
rgdpna,Real GDP,JPN,1983,2762474.25,0.035230486613455
rgdpna,Real GDP,JPN,1984,2886840.5,0.0450198766558638
rgdpna,Real GDP,JPN,1985,3037920,0.0523338577243877
rgdpna,Real GDP,JPN,1986,3138977.25,0.0332652768999842
rgdpna,Real GDP,JPN,1987,3287471.75,0.0473066505977384
rgdpna,Real GDP,JPN,1988,3510527.5,0.0678502408423738
rgdpna,Real GDP,JPN,1989,3681070,0.0485803059511711
rgdpna,Real GDP,JPN,1990,3861174.75,0.0489272820131104
rgdpna,Real GDP,JPN,1991,3993129.75,0.0341748324133737
rgdpna,Real GDP,JPN,1992,4026994.25,0.00848069111703675
rgdpna,Real GDP,JPN,1993,4006137.75,-0.00517917302712811
rgdpna,Real GDP,JPN,1994,4045921.5,0.00993069946234382
rgdpna,Real GDP,JPN,1995,4156866.5,0.0274214415677616
rgdpna,Real GDP,JPN,1996,4285729,0.0309999130354559
rgdpna,Real GDP,JPN,1997,4331845.5,0.0107604797223531
rgdpna,Real GDP,JPN,1998,4282964,-0.0112842205475703
rgdpna,Real GDP,JPN,1999,4272173,-0.0025195168579516
rgdpna,Real GDP,JPN,2000,4390924,0.0277963930767784
rgdpna,Real GDP,JPN,2001,4408766,0.00406338164814524
rgdpna,Real GDP,JPN,2002,4413968,0.00117992200085015
rgdpna,Real GDP,JPN,2003,4481423,0.0152821678815978
rgdpna,Real GDP,JPN,2004,4580224.5,0.0220469034054585
rgdpna,Real GDP,JPN,2005,4656378.5,0.016626695918508
rgdpna,Real GDP,JPN,2006,4722499.5,0.0142000913370766
rgdpna,Real GDP,JPN,2007,4800618.5,0.016541875758801
rgdpna,Real GDP,JPN,2008,4748122,-0.0109353617664057
rgdpna,Real GDP,JPN,2009,4490944,-0.0541641516372158
rgdpna,Real GDP,JPN,2010,4679192.5,0.0419173563509141
rgdpna,Real GDP,JPN,2011,4673791.5,-0.00115425898806254
rgdpna,Real GDP,JPN,2012,4743669,0.0149509236772758
rgdpna,Real GDP,JPN,2013,4838555,0.0200026603879824
rgdpna,Real GDP,JPN,2014,4856686,0.00374719311860661
rgdpna,Real GDP,JPN,2015,4916079.5,0.0122292237958146
rgdpna,Real GDP,JPN,2016,4941739,0.00521950468864474
rgdpna,Real GDP,JPN,2017,5048890,0.0216828529390161
rgdpna,Real GDP,JPN,2018,5065208.5,0.00323209655983781
rgdpna,Real GDP,JPN,2019,5099254,0.00672144098313021
rgdpna,Real GDP,KHM,1970,11572.1591796875,
rgdpna,Real GDP,KHM,1971,10994.0478515625,-0.0499570839934308
rgdpna,Real GDP,KHM,1972,10396.3232421875,-0.0543680196270976
rgdpna,Real GDP,KHM,1973,8426.8359375,-0.189440753120821
rgdpna,Real GDP,KHM,1974,7985.8642578125,-0.0523294487940778
rgdpna,Real GDP,KHM,1975,7878.09326171875,-0.0134952201307853
rgdpna,Real GDP,KHM,1976,7878.0927734375,-6.19796229894831e-08
rgdpna,Real GDP,KHM,1977,6721.873046875,-0.146763913527512
rgdpna,Real GDP,KHM,1978,6721.8720703125,-1.45281306762612e-07
rgdpna,Real GDP,KHM,1979,5859.552734375,-0.128285591709782
rgdpna,Real GDP,KHM,1980,5527.40966796875,-0.0566840305844056
rgdpna,Real GDP,KHM,1981,5529.6806640625,0.000410860824539672
rgdpna,Real GDP,KHM,1982,5529.68115234375,8.83018893560461e-08
rgdpna,Real GDP,KHM,1983,5774.83349609375,0.0443339022623561
rgdpna,Real GDP,KHM,1984,6059.6533203125,0.0493208720929201
rgdpna,Real GDP,KHM,1985,6342.64990234375,0.0467017776549394
rgdpna,Real GDP,KHM,1986,6583.72314453125,0.0380082845339482
rgdpna,Real GDP,KHM,1987,8001.2978515625,0.215315054401817
rgdpna,Real GDP,KHM,1988,9296.953125,0.161930638938092
rgdpna,Real GDP,KHM,1989,9272.896484375,-0.00258758329761932
rgdpna,Real GDP,KHM,1990,9380.4794921875,0.0116018773631066
rgdpna,Real GDP,KHM,1991,10092.14453125,0.075866595055744
rgdpna,Real GDP,KHM,1992,10801.6162109375,0.0702993974660831
rgdpna,Real GDP,KHM,1993,11243.572265625,0.0409157339102628
rgdpna,Real GDP,KHM,1994,12106.55078125,0.0767530545664199
rgdpna,Real GDP,KHM,1995,12823.4814453125,0.0592184080351643
rgdpna,Real GDP,KHM,1996,13413.3837890625,0.0460017309859042
rgdpna,Real GDP,KHM,1997,14167.189453125,0.056198023997283
rgdpna,Real GDP,KHM,1998,14876.828125,0.050090293083394
rgdpna,Real GDP,KHM,1999,16648.62109375,0.119097495370842
rgdpna,Real GDP,KHM,2000,18108.28515625,0.0876747722397242
rgdpna,Real GDP,KHM,2001,19583.7578125,0.0814805291345186
rgdpna,Real GDP,KHM,2002,20872.189453125,0.0657908279381709
rgdpna,Real GDP,KHM,2003,22647.57421875,0.0850598242035019
rgdpna,Real GDP,KHM,2004,24989.509765625,0.103407787706292
rgdpna,Real GDP,KHM,2005,28300.595703125,0.132499035337406
rgdpna,Real GDP,KHM,2006,31348.85546875,0.107710091957125
rgdpna,Real GDP,KHM,2007,34550.38671875,0.102125937362895
rgdpna,Real GDP,KHM,2008,36862.35546875,0.0669158573772295
rgdpna,Real GDP,KHM,2009,36894.375,0.000868624124607198
rgdpna,Real GDP,KHM,2010,39094.35546875,0.0596291567142688
rgdpna,Real GDP,KHM,2011,41858.1796875,0.0706962472104
rgdpna,Real GDP,KHM,2012,44919.41796875,0.0731335739897014
rgdpna,Real GDP,KHM,2013,48255.96875,0.0742785844547498
rgdpna,Real GDP,KHM,2014,51668.37890625,0.0707147788065077
rgdpna,Real GDP,KHM,2015,55303.88671875,0.0703623355223988
rgdpna,Real GDP,KHM,2016,59110.16015625,0.068824700456533
rgdpna,Real GDP,KHM,2017,63252.046875,0.0700706394264787
rgdpna,Real GDP,KHM,2018,68094.1640625,0.0765527350770021
rgdpna,Real GDP,KHM,2019,72751.4375,0.0683946047597461
rgdpna,Real GDP,LAO,1970,3215.42749023438,
rgdpna,Real GDP,LAO,1971,3375.83520507813,0.0498869016113492
rgdpna,Real GDP,LAO,1972,3492.36010742188,0.0345173550440099
rgdpna,Real GDP,LAO,1973,3797.23486328125,0.0872976286756504
rgdpna,Real GDP,LAO,1974,3935.55859375,0.036427488804109
rgdpna,Real GDP,LAO,1975,4198.1181640625,0.0667146896833062
rgdpna,Real GDP,LAO,1976,4322.2119140625,0.0295593752129919
rgdpna,Real GDP,LAO,1977,4236.013671875,-0.0199430856009282
rgdpna,Real GDP,LAO,1978,4278.16015625,0.0099495628767281
rgdpna,Real GDP,LAO,1979,4192.6748046875,-0.0199818025600593
rgdpna,Real GDP,LAO,1980,4612.1044921875,0.100038688197584
rgdpna,Real GDP,LAO,1981,5319.2236328125,0.153318109297566
rgdpna,Real GDP,LAO,1982,5696.02392578125,0.0708374603098836
rgdpna,Real GDP,LAO,1983,5962.884765625,0.0468503719999998
rgdpna,Real GDP,LAO,1984,6390.263671875,0.0716731788468838
rgdpna,Real GDP,LAO,1985,6714.24755859375,0.0506996116834235
rgdpna,Real GDP,LAO,1986,7042.24755859375,0.0488513414403649
rgdpna,Real GDP,LAO,1987,6941.83984375,-0.0142579075796933
rgdpna,Real GDP,LAO,1988,6802.294921875,-0.0201020082594728
rgdpna,Real GDP,LAO,1989,7767.583984375,0.14190638212345
rgdpna,Real GDP,LAO,1990,8288.3671875,0.0670457125629527
rgdpna,Real GDP,LAO,1991,8644.4833984375,0.0429657860084398
rgdpna,Real GDP,LAO,1992,9125.103515625,0.0555984776689342
rgdpna,Real GDP,LAO,1993,9661.05859375,0.0587341367916845
rgdpna,Real GDP,LAO,1994,10408.927734375,0.0774106826252785
rgdpna,Real GDP,LAO,1995,11184.787109375,0.0745378769839817
rgdpna,Real GDP,LAO,1996,11955.2490234375,0.0688848081352129
rgdpna,Real GDP,LAO,1997,12781.74609375,0.069132568354888
rgdpna,Real GDP,LAO,1998,13292.3408203125,0.039947181145475
rgdpna,Real GDP,LAO,1999,14259.8046875,0.0727835586121208
rgdpna,Real GDP,LAO,2000,15088.30078125,0.0581001010817666
rgdpna,Real GDP,LAO,2001,15957.8583984375,0.0576312488592543
rgdpna,Real GDP,LAO,2002,17053.3984375,0.0686520717071766
rgdpna,Real GDP,LAO,2003,18112.380859375,0.06209802848131
rgdpna,Real GDP,LAO,2004,19384.1015625,0.0702127850004188
rgdpna,Real GDP,LAO,2005,20695.755859375,0.0676664994065288
rgdpna,Real GDP,LAO,2006,20508.4453125,-0.00905067435795781
rgdpna,Real GDP,LAO,2007,24248.18359375,0.182351135069737
rgdpna,Real GDP,LAO,2008,26135.833984375,0.0778470842290862
rgdpna,Real GDP,LAO,2009,28096.53125,0.0750195026030995
rgdpna,Real GDP,LAO,2010,30381.0703125,0.0813103597085494
rgdpna,Real GDP,LAO,2011,32823.859375,0.0804049705087229
rgdpna,Real GDP,LAO,2012,35416.421875,0.0789840850334194
rgdpna,Real GDP,LAO,2013,38259.05078125,0.0802630179943891
rgdpna,Real GDP,LAO,2014,41171.31640625,0.0761196518348344
rgdpna,Real GDP,LAO,2015,44164.30078125,0.0726958629514614
rgdpna,Real GDP,LAO,2016,47266,0.070230914197261
rgdpna,Real GDP,LAO,2017,50523.75390625,0.0689238333315703
rgdpna,Real GDP,LAO,2018,53680.47265625,0.0624798932370998
rgdpna,Real GDP,LAO,2019,56177.80078125,0.0465220964240007
rgdpna,Real GDP,MMR,1962,11471.5048828125,
rgdpna,Real GDP,MMR,1963,12954.3564453125,0.129263908933319
rgdpna,Real GDP,MMR,1964,12168.7978515625,-0.060640495501747
rgdpna,Real GDP,MMR,1965,13395.6806640625,0.100822022640672
rgdpna,Real GDP,MMR,1966,12820.4873046875,-0.0429387183674892
rgdpna,Real GDP,MMR,1967,12290.8984375,-0.0413080138532541
rgdpna,Real GDP,MMR,1968,13533.9638671875,0.101137067888777
rgdpna,Real GDP,MMR,1969,13979.7001953125,0.0329346474173518
rgdpna,Real GDP,MMR,1970,15093.3115234375,0.0796591709812491
rgdpna,Real GDP,MMR,1971,15434.4326171875,0.0226008118377663
rgdpna,Real GDP,MMR,1972,15228.6611328125,-0.013331975944866
rgdpna,Real GDP,MMR,1973,15889.4306640625,0.0433898637238876
rgdpna,Real GDP,MMR,1974,16297.7294921875,0.0256962528587295
rgdpna,Real GDP,MMR,1975,17082.361328125,0.0481436286148707
rgdpna,Real GDP,MMR,1976,18000.59765625,0.0537534776654784
rgdpna,Real GDP,MMR,1977,19034.703125,0.0574483963531594
rgdpna,Real GDP,MMR,1978,20071.056640625,0.0544454782834971
rgdpna,Real GDP,MMR,1979,21344.896484375,0.0634665063508253
rgdpna,Real GDP,MMR,1980,22854.478515625,0.0707233240674206
rgdpna,Real GDP,MMR,1981,24191.001953125,0.0584797170754194
rgdpna,Real GDP,MMR,1982,25369.9453125,0.0487347883175506
rgdpna,Real GDP,MMR,1983,26549.392578125,0.0464899411921032
rgdpna,Real GDP,MMR,1984,27576.0078125,0.0386681251314527
rgdpna,Real GDP,MMR,1985,27815.744140625,0.00869365608521222
rgdpna,Real GDP,MMR,1986,27113.76953125,-0.0252365928384337
rgdpna,Real GDP,MMR,1987,25052.046875,-0.0760396909722848
rgdpna,Real GDP,MMR,1988,23979.484375,-0.0428133679196623
rgdpna,Real GDP,MMR,1989,24758.373046875,0.0324814603889914
rgdpna,Real GDP,MMR,1990,25020.5859375,0.0105908772813363
rgdpna,Real GDP,MMR,1991,26143.591796875,0.0448832758025812
rgdpna,Real GDP,MMR,1992,28174.09765625,0.0776674404630855
rgdpna,Real GDP,MMR,1993,30084.236328125,0.0677976876200421
rgdpna,Real GDP,MMR,1994,32251.337890625,0.0720344548175893
rgdpna,Real GDP,MMR,1995,34407.953125,0.0668690161533392
rgdpna,Real GDP,MMR,1996,36484.40625,0.0603480572487556
rgdpna,Real GDP,MMR,1997,38415.5234375,0.0529299332505926
rgdpna,Real GDP,MMR,1998,41497.12109375,0.0802175105400709
rgdpna,Real GDP,MMR,1999,46650.31640625,0.124181995682494
rgdpna,Real GDP,MMR,2000,52466.57421875,0.124677778428117
rgdpna,Real GDP,MMR,2001,58606.78125,0.117030835778404
rgdpna,Real GDP,MMR,2002,66217.65625,0.129863385049832
rgdpna,Real GDP,MMR,2003,75286.3515625,0.136952828385556
rgdpna,Real GDP,MMR,2004,85500.4140625,0.135669510980628
rgdpna,Real GDP,MMR,2005,96877.7109375,0.133067155285158
rgdpna,Real GDP,MMR,2006,108987.75,0.125003356760903
rgdpna,Real GDP,MMR,2007,121057.34375,0.110742663739732
rgdpna,Real GDP,MMR,2008,133659.21875,0.104098393452483
rgdpna,Real GDP,MMR,2009,147484.890625,0.103439717845874
rgdpna,Real GDP,MMR,2010,158935.921875,0.0776420635461281
rgdpna,Real GDP,MMR,2011,169244.109375,0.064857505958327
rgdpna,Real GDP,MMR,2012,182612.140625,0.0789866855594956
rgdpna,Real GDP,MMR,2013,197585.71875,0.0819966190295569
rgdpna,Real GDP,MMR,2014,212350.71875,0.0747270607076707
rgdpna,Real GDP,MMR,2015,225959.34375,0.0640856083751777
rgdpna,Real GDP,MMR,2016,238952.140625,0.0575005957238712
rgdpna,Real GDP,MMR,2017,254256.984375,0.0640498290158391
rgdpna,Real GDP,MMR,2018,271420.5,0.0675045984171896
rgdpna,Real GDP,MMR,2019,279259,0.0288795429969364
rgdpna,Real GDP,MYS,1955,17055.26171875,
rgdpna,Real GDP,MYS,1956,17887.671875,0.0488066480583453
rgdpna,Real GDP,MYS,1957,18161.720703125,0.0153205419933946
rgdpna,Real GDP,MYS,1958,17916.326171875,-0.0135116344569585
rgdpna,Real GDP,MYS,1959,19746.9921875,0.102178649688728
rgdpna,Real GDP,MYS,1960,21268.904296875,0.0770705783910921
rgdpna,Real GDP,MYS,1961,22818.064453125,0.0728368577255583
rgdpna,Real GDP,MYS,1962,24217.86328125,0.0613460809088604
rgdpna,Real GDP,MYS,1963,25823.46484375,0.0662982338224318
rgdpna,Real GDP,MYS,1964,27113.49609375,0.0499557769573367
rgdpna,Real GDP,MYS,1965,29113.712890625,0.0737719986370948
rgdpna,Real GDP,MYS,1966,31198.158203125,0.0715966843641993
rgdpna,Real GDP,MYS,1967,32279.75390625,0.0346685754999685
rgdpna,Real GDP,MYS,1968,34632.0390625,0.0728718429230202
rgdpna,Real GDP,MYS,1969,36377.91796875,0.0504122469687458
rgdpna,Real GDP,MYS,1970,38493.421875,0.0581535179684363
rgdpna,Real GDP,MYS,1971,47320.5859375,0.22931616968646
rgdpna,Real GDP,MYS,1972,51763.25,0.0938843840261778
rgdpna,Real GDP,MYS,1973,57820.11328125,0.117010877045974
rgdpna,Real GDP,MYS,1974,62629.97265625,0.0831866127899779
rgdpna,Real GDP,MYS,1975,63131.6796875,0.00801065384466426
rgdpna,Real GDP,MYS,1976,70431.90625,0.115634917344761
rgdpna,Real GDP,MYS,1977,75892.5390625,0.0775306690282858
rgdpna,Real GDP,MYS,1978,80942.3515625,0.0665389847589804
rgdpna,Real GDP,MYS,1979,88509.7265625,0.0934909210557939
rgdpna,Real GDP,MYS,1980,95098.59375,0.0744422951397026
rgdpna,Real GDP,MYS,1981,101700.296875,0.069419566206782
rgdpna,Real GDP,MYS,1982,107776.421875,0.0597454008169531
rgdpna,Real GDP,MYS,1983,114476.3984375,0.0621655130680687
rgdpna,Real GDP,MYS,1984,123361.96875,0.0776192336043067
rgdpna,Real GDP,MYS,1985,122035.2265625,-0.010754872031823
rgdpna,Real GDP,MYS,1986,123381.203125,0.0110294101171735
rgdpna,Real GDP,MYS,1987,130032.03125,0.0539047112246256
rgdpna,Real GDP,MYS,1988,141472.84375,0.0879845711092819
rgdpna,Real GDP,MYS,1989,154460.453125,0.0918028437878207
rgdpna,Real GDP,MYS,1990,168376.796875,0.0900964840413743
rgdpna,Real GDP,MYS,1991,184449.140625,0.0954546234890774
rgdpna,Real GDP,MYS,1992,200837.671875,0.0888512204202632
rgdpna,Real GDP,MYS,1993,220710.4375,0.0989493925092333
rgdpna,Real GDP,MYS,1994,241042.375,0.0921204168244196
rgdpna,Real GDP,MYS,1995,264734.65625,0.098290938470881
rgdpna,Real GDP,MYS,1996,291215.25,0.100026925545378
rgdpna,Real GDP,MYS,1997,312540.21875,0.0732275138407073
rgdpna,Real GDP,MYS,1998,289539.0625,-0.0735942284228019
rgdpna,Real GDP,MYS,1999,307309.84375,0.061376109657052
rgdpna,Real GDP,MYS,2000,334534.03125,0.0885887258533351
rgdpna,Real GDP,MYS,2001,336265.8125,0.00517669680280108
rgdpna,Real GDP,MYS,2002,354393.875,0.0539099183625751
rgdpna,Real GDP,MYS,2003,374907.9375,0.0578849239423227
rgdpna,Real GDP,MYS,2004,400339.59375,0.0678344033460214
rgdpna,Real GDP,MYS,2005,421686.25,0.0533213716136465
rgdpna,Real GDP,MYS,2006,445236.8125,0.0558485426072108
rgdpna,Real GDP,MYS,2007,473281.34375,0.062987898715136
rgdpna,Real GDP,MYS,2008,496149.1875,0.0483176530239049
rgdpna,Real GDP,MYS,2009,488639.8125,-0.0151353165321872
rgdpna,Real GDP,MYS,2010,524920.5625,0.0742484526882468
rgdpna,Real GDP,MYS,2011,552709.4375,0.0529392006814364
rgdpna,Real GDP,MYS,2012,582961.6875,0.0547344552986757
rgdpna,Real GDP,MYS,2013,610324.3125,0.0469372612072385
rgdpna,Real GDP,MYS,2014,646984.8125,0.0600672449862465
rgdpna,Real GDP,MYS,2015,679926.25,0.050915318046975
rgdpna,Real GDP,MYS,2016,710181.5,0.0444978407584646
rgdpna,Real GDP,MYS,2017,751462.375,0.0581272181829575
rgdpna,Real GDP,MYS,2018,787306.75,0.047699493936739
rgdpna,Real GDP,MYS,2019,821182.8125,0.0430277811031088
rgdpna,Real GDP,PHL,1950,40754.06640625,
rgdpna,Real GDP,PHL,1951,45043.96875,0.105263173028842
rgdpna,Real GDP,PHL,1952,47903.90625,0.0634921295650708
rgdpna,Real GDP,PHL,1953,52193.8046875,0.089552163347848
rgdpna,Real GDP,PHL,1954,56126.21875,0.0753425446955736
rgdpna,Real GDP,PHL,1955,60058.62890625,0.0700636929376255
rgdpna,Real GDP,PHL,1956,64348.53515625,0.0714286411149419
rgdpna,Real GDP,PHL,1957,67565.953125,0.049999863414723
rgdpna,Real GDP,PHL,1958,70068.40625,0.0370371912073875
rgdpna,Real GDP,PHL,1959,74715.7890625,0.0663263667781797
rgdpna,Real GDP,PHL,1960,75788.265625,0.0143540819946755
rgdpna,Real GDP,PHL,1961,80078.171875,0.0566038319339097
rgdpna,Real GDP,PHL,1962,84010.5859375,0.0491071907665224
rgdpna,Real GDP,PHL,1963,89730.4453125,0.0680849837097353
rgdpna,Real GDP,PHL,1964,92947.8828125,0.0358566982343036
rgdpna,Real GDP,PHL,1965,97952.765625,0.0538461195786046
rgdpna,Real GDP,PHL,1966,102242.6640625,0.0437955825966501
rgdpna,Real GDP,PHL,1967,107605.0390625,0.0524475281348502
rgdpna,Real GDP,PHL,1968,112967.4140625,0.049833865093301
rgdpna,Real GDP,PHL,1969,118329.796875,0.0474684036719937
rgdpna,Real GDP,PHL,1970,122619.6953125,0.036253746315746
rgdpna,Real GDP,PHL,1971,129276.2578125,0.054286242377585
rgdpna,Real GDP,PHL,1972,136318,0.0544704983471382
rgdpna,Real GDP,PHL,1973,148476.234375,0.0891902344151177
rgdpna,Real GDP,PHL,1974,153760.328125,0.0355888184546369
rgdpna,Real GDP,PHL,1975,162318.53125,0.0556593708491737
rgdpna,Real GDP,PHL,1976,176610.6875,0.0880500589793256
rgdpna,Real GDP,PHL,1977,186504.953125,0.0560230287592307
rgdpna,Real GDP,PHL,1978,196150.859375,0.0517193033663566
rgdpna,Real GDP,PHL,1979,207214.625,0.0564043698827155
rgdpna,Real GDP,PHL,1980,217883.546875,0.0514873015116573
rgdpna,Real GDP,PHL,1981,225342.265625,0.0342325928551139
rgdpna,Real GDP,PHL,1982,233498.140625,0.0361932768243862
rgdpna,Real GDP,PHL,1983,237875.34375,0.0187462012043591
rgdpna,Real GDP,PHL,1984,220454.09375,-0.0732368883859994
rgdpna,Real GDP,PHL,1985,204346.375,-0.073066090431809
rgdpna,Real GDP,PHL,1986,211328.453125,0.0341678589845305
rgdpna,Real GDP,PHL,1987,220440.1875,0.0431164580077177
rgdpna,Real GDP,PHL,1988,235325.484375,0.0675253321266569
rgdpna,Real GDP,PHL,1989,249928.171875,0.0620531496568815
rgdpna,Real GDP,PHL,1990,257518.40625,0.0303696630838248
rgdpna,Real GDP,PHL,1991,256029.078125,-0.00578338514395027
rgdpna,Real GDP,PHL,1992,256893.453125,0.00337608136673451
rgdpna,Real GDP,PHL,1993,262330.09375,0.021163017425573
rgdpna,Real GDP,PHL,1994,273840.15625,0.0438762565722599
rgdpna,Real GDP,PHL,1995,286652.3125,0.0467869885317449
rgdpna,Real GDP,PHL,1996,303409.625,0.0584586684609425
rgdpna,Real GDP,PHL,1997,319142.53125,0.0518536821302225
rgdpna,Real GDP,PHL,1998,317301.9375,-0.00576730949269233
rgdpna,Real GDP,PHL,1999,327080.9375,0.0308192256153494
rgdpna,Real GDP,PHL,2000,341509.21875,0.044112265790482
rgdpna,Real GDP,PHL,2001,351392.4375,0.0289398300466817
rgdpna,Real GDP,PHL,2002,364203.84375,0.0364589697523015
rgdpna,Real GDP,PHL,2003,382306.15625,0.0497037931110522
rgdpna,Real GDP,PHL,2004,407911.5625,0.0669761808210485
rgdpna,Real GDP,PHL,2005,427400.21875,0.0477766703413807
rgdpna,Real GDP,PHL,2006,449808.625,0.0524295619584307
rgdpna,Real GDP,PHL,2007,479570.9375,0.0661666114116866
rgdpna,Real GDP,PHL,2008,499486.375,0.0415276155052662
rgdpna,Real GDP,PHL,2009,505222.125,0.0114832962160378
rgdpna,Real GDP,PHL,2010,543782.0625,0.0763227412101162
rgdpna,Real GDP,PHL,2011,563683.0625,0.0365973822463113
rgdpna,Real GDP,PHL,2012,601358.6875,0.0668383130635577
rgdpna,Real GDP,PHL,2013,643838.8125,0.0706402449702699
rgdpna,Real GDP,PHL,2014,683404.5625,0.0614528811122272
rgdpna,Real GDP,PHL,2015,724863.6875,0.0606655665984086
rgdpna,Real GDP,PHL,2016,774763.6875,0.0688405294133319
rgdpna,Real GDP,PHL,2017,826499,0.066775603109303
rgdpna,Real GDP,PHL,2018,878103.4375,0.0624373864941155
rgdpna,Real GDP,PHL,2019,929959.5,0.0590546173553728
rgdpna,Real GDP,SGP,1960,8494.6650390625,
rgdpna,Real GDP,SGP,1961,9172.7646484375,0.0798265271504852
rgdpna,Real GDP,SGP,1962,9811.876953125,0.0696749921297029
rgdpna,Real GDP,SGP,1963,10786.9375,0.0993755375789187
rgdpna,Real GDP,SGP,1964,10372.3818359375,-0.0384312659698362
rgdpna,Real GDP,SGP,1965,11148.708984375,0.0748456006264382
rgdpna,Real GDP,SGP,1966,12349.0859375,0.1076695924889
rgdpna,Real GDP,SGP,1967,13858.5751953125,0.122234897825813
rgdpna,Real GDP,SGP,1968,15737.685546875,0.135591886256683
rgdpna,Real GDP,SGP,1969,17874.642578125,0.135785978496332
rgdpna,Real GDP,SGP,1970,20325.90234375,0.137136155585279
rgdpna,Real GDP,SGP,1971,22849.111328125,0.124137612279283
rgdpna,Real GDP,SGP,1972,25891.59375,0.13315539401876
rgdpna,Real GDP,SGP,1973,28636.78515625,0.106026358699916
rgdpna,Real GDP,SGP,1974,30388.666015625,0.0611758914213403
rgdpna,Real GDP,SGP,1975,31598.6484375,0.0398168982229381
rgdpna,Real GDP,SGP,1976,33948.69921875,0.074371876566121
rgdpna,Real GDP,SGP,1977,36275.09765625,0.0685268799994292
rgdpna,Real GDP,SGP,1978,39096.31640625,0.0777728781527876
rgdpna,Real GDP,SGP,1979,42831.65234375,0.0955418893863582
rgdpna,Real GDP,SGP,1980,47163.3046875,0.101132039198158
rgdpna,Real GDP,SGP,1981,52264.55078125,0.108161337029931
rgdpna,Real GDP,SGP,1982,55976.44140625,0.0710211906448002
rgdpna,Real GDP,SGP,1983,60765.00390625,0.0855460329327997
rgdpna,Real GDP,SGP,1984,66107.6953125,0.0879238223121464
rgdpna,Real GDP,SGP,1985,65695.9453125,-0.00622847307039831
rgdpna,Real GDP,SGP,1986,66578.15625,0.0134286969051671
rgdpna,Real GDP,SGP,1987,73767.1171875,0.107977771425594
rgdpna,Real GDP,SGP,1988,82076.0625,0.112637522371661
rgdpna,Real GDP,SGP,1989,90413.8359375,0.101585933627116
rgdpna,Real GDP,SGP,1990,99293.4296875,0.0982105632166537
rgdpna,Real GDP,SGP,1991,105934.6796875,0.0668850901907769
rgdpna,Real GDP,SGP,1992,112968.40625,0.0663968266411812
rgdpna,Real GDP,SGP,1993,125917.71875,0.114627734690202
rgdpna,Real GDP,SGP,1994,139891.625,0.110976488366535
rgdpna,Real GDP,SGP,1995,149965.09375,0.0720090909659532
rgdpna,Real GDP,SGP,1996,161169.5625,0.0747138448676494
rgdpna,Real GDP,SGP,1997,174578.734375,0.0831991578744902
rgdpna,Real GDP,SGP,1998,170746.0625,-0.0219538301083528
rgdpna,Real GDP,SGP,1999,180519.578125,0.0572400644670796
rgdpna,Real GDP,SGP,2000,196837.015625,0.0903915113777911
rgdpna,Real GDP,SGP,2001,194732.796875,-0.0106901577598028
rgdpna,Real GDP,SGP,2002,202355.828125,0.0391461087825553
rgdpna,Real GDP,SGP,2003,211534.25,0.0453578330806972
rgdpna,Real GDP,SGP,2004,232306.03125,0.0981958299897061
rgdpna,Real GDP,SGP,2005,249401.515625,0.0735903595916647
rgdpna,Real GDP,SGP,2006,271860.46875,0.0900513898992068
rgdpna,Real GDP,SGP,2007,296388.09375,0.0902213739010189
rgdpna,Real GDP,SGP,2008,301925.34375,0.0186824306264832
rgdpna,Real GDP,SGP,2009,302290.625,0.00120983964268495
rgdpna,Real GDP,SGP,2010,346200.28125,0.145256427485966
rgdpna,Real GDP,SGP,2011,368142,0.0633786855134162
rgdpna,Real GDP,SGP,2012,384567.0625,0.0446161060134405
rgdpna,Real GDP,SGP,2013,403169.71875,0.048372983710741
rgdpna,Real GDP,SGP,2014,419046.53125,0.0393799726557464
rgdpna,Real GDP,SGP,2015,431569.84375,0.0298852551353748
rgdpna,Real GDP,SGP,2016,445567.6875,0.0324347123709337
rgdpna,Real GDP,SGP,2017,464890.21875,0.0433660963128077
rgdpna,Real GDP,SGP,2018,480873.625,0.0343810336405361
rgdpna,Real GDP,SGP,2019,484399.90625,0.00733307269659456
rgdpna,Real GDP,THA,1950,25661.26171875,
rgdpna,Real GDP,THA,1951,24469.443359375,-0.04644426187759
rgdpna,Real GDP,THA,1952,23850.328125,-0.0253015659278493
rgdpna,Real GDP,THA,1953,21537.380859375,-0.0969775867863453
rgdpna,Real GDP,THA,1954,23595.275390625,0.0955498973940565
rgdpna,Real GDP,THA,1955,21888.79296875,-0.0723230559348771
rgdpna,Real GDP,THA,1956,22920.716796875,0.0471439347796951
rgdpna,Real GDP,THA,1957,26189.701171875,0.142621385010337
rgdpna,Real GDP,THA,1958,26704.794921875,0.0196677979110795
rgdpna,Real GDP,THA,1959,29724.783203125,0.113087866433163
rgdpna,Real GDP,THA,1960,33348.66015625,0.12191432746073
rgdpna,Real GDP,THA,1961,35109.2109375,0.0527922493138018
rgdpna,Real GDP,THA,1962,37942.734375,0.0807059846074047
rgdpna,Real GDP,THA,1963,41114.09765625,0.0835828870398854
rgdpna,Real GDP,THA,1964,43831.046875,0.0660831533131552
rgdpna,Real GDP,THA,1965,47277.19921875,0.0786235463090339
rgdpna,Real GDP,THA,1966,53048.3359375,0.122070190580604
rgdpna,Real GDP,THA,1967,57179.66796875,0.0778786357430215
rgdpna,Real GDP,THA,1968,61857.015625,0.0818008887146089
rgdpna,Real GDP,THA,1969,67210.03125,0.0865385368322964
rgdpna,Real GDP,THA,1970,92785.5234375,0.380530877784706
rgdpna,Real GDP,THA,1971,97389.8125,0.0496229249124345
rgdpna,Real GDP,THA,1972,101356.4453125,0.0407294429537997
rgdpna,Real GDP,THA,1973,111349.890625,0.0985970382217769
rgdpna,Real GDP,THA,1974,116197.328125,0.0435333835784808
rgdpna,Real GDP,THA,1975,121828.4453125,0.0484616753101439
rgdpna,Real GDP,THA,1976,133250.375,0.0937542103422711
rgdpna,Real GDP,THA,1977,146440.5,0.0989875263015207
rgdpna,Real GDP,THA,1978,161727.171875,0.104388279710872
rgdpna,Real GDP,THA,1979,170320.140625,0.0531324987036907
rgdpna,Real GDP,THA,1980,178469.734375,0.0478486790821953
rgdpna,Real GDP,THA,1981,189011.703125,0.0590686638657132
rgdpna,Real GDP,THA,1982,199128.25,0.0535233888047111
rgdpna,Real GDP,THA,1983,210247.984375,0.0558420735129244
rgdpna,Real GDP,THA,1984,222342.359375,0.0575243326871966
rgdpna,Real GDP,THA,1985,232675.140625,0.0464723918512211
rgdpna,Real GDP,THA,1986,245550.984375,0.0553382871733248
rgdpna,Real GDP,THA,1987,268924.84375,0.0951894346279791
rgdpna,Real GDP,THA,1988,304659.90625,0.132881224366241
rgdpna,Real GDP,THA,1989,341808.84375,0.121935760951479
rgdpna,Real GDP,THA,1990,379896.09375,0.111428509520535
rgdpna,Real GDP,THA,1991,411888.84375,0.0842144747638642
rgdpna,Real GDP,THA,1992,449990.1875,0.0925039469462445
rgdpna,Real GDP,THA,1993,489105.28125,0.0869243259887751
rgdpna,Real GDP,THA,1994,528219.4375,0.0799708319444772
rgdpna,Real GDP,THA,1995,571112.25,0.0812026393860221
rgdpna,Real GDP,THA,1996,603391.375,0.0565197559674127
rgdpna,Real GDP,THA,1997,586776.4375,-0.0275359214407067
rgdpna,Real GDP,THA,1998,541982,-0.0763398709240093
rgdpna,Real GDP,THA,1999,566762.8125,0.0457225747349543
rgdpna,Real GDP,THA,2000,592014,0.0445533597884036
rgdpna,Real GDP,THA,2001,612404.0625,0.034441858638478
rgdpna,Real GDP,THA,2002,650060.875,0.0614901415680926
rgdpna,Real GDP,THA,2003,696795.125,0.0718921131809387
rgdpna,Real GDP,THA,2004,740619.125,0.0628936661977937
rgdpna,Real GDP,THA,2005,771633.625,0.0418764503279605
rgdpna,Real GDP,THA,2006,809966.8125,0.0496779640726517
rgdpna,Real GDP,THA,2007,853989.875,0.0543516867859324
rgdpna,Real GDP,THA,2008,868727.0625,0.0172568644329654
rgdpna,Real GDP,THA,2009,862727.625,-0.00690600967665833
rgdpna,Real GDP,THA,2010,927547.5625,0.0751337219554087
rgdpna,Real GDP,THA,2011,935340.375,0.00840152334506295
rgdpna,Real GDP,THA,2012,1003085.125,0.0724279116038373
rgdpna,Real GDP,THA,2013,1030043,0.0268749623816822
rgdpna,Real GDP,THA,2014,1040182.9375,0.00984418854358515
rgdpna,Real GDP,THA,2015,1072781.25,0.0313390186714151
rgdpna,Real GDP,THA,2016,1108789.125,0.0335649742200472
rgdpna,Real GDP,THA,2017,1153407.625,0.0402407446050663
rgdpna,Real GDP,THA,2018,1201034.5,0.0412923184897447
rgdpna,Real GDP,THA,2019,1229521.375,0.0237186150772522
rgdpna,Real GDP,USA,1950,2466594.75,
rgdpna,Real GDP,USA,1951,2665368,0.0805860995204015
rgdpna,Real GDP,USA,1952,2773902.75,0.0407203620663263
rgdpna,Real GDP,USA,1953,2904121.75,0.0469443278067336
rgdpna,Real GDP,USA,1954,2887745.25,-0.00563905421664912
rgdpna,Real GDP,USA,1955,3093408,0.0712191458024214
rgdpna,Real GDP,USA,1956,3159364.75,0.0213217105535384
rgdpna,Real GDP,USA,1957,3225886,0.0210552611881867
rgdpna,Real GDP,USA,1958,3202169,-0.00735208869749271
rgdpna,Real GDP,USA,1959,3423191,0.0690225906252917
rgdpna,Real GDP,USA,1960,3510944.75,0.0256350726558934
rgdpna,Real GDP,USA,1961,3600618.75,0.0255412734706235
rgdpna,Real GDP,USA,1962,3820850.25,0.0611649039488005
rgdpna,Real GDP,USA,1963,3987209.75,0.0435399162791057
rgdpna,Real GDP,USA,1964,4217154.5,0.0576705928249699
rgdpna,Real GDP,USA,1965,4491258,0.0649972629648736
rgdpna,Real GDP,USA,1966,4787384.5,0.0659339766274838
rgdpna,Real GDP,USA,1967,4918733.5,0.027436484368448
rgdpna,Real GDP,USA,1968,5160197.5,0.0490906856409277
rgdpna,Real GDP,USA,1969,5322265.5,0.0314073250103315
rgdpna,Real GDP,USA,1970,5332994.5,0.00201587087303334
rgdpna,Real GDP,USA,1971,5508630,0.0329337485722139
rgdpna,Real GDP,USA,1972,5798322.5,0.0525888469546876
rgdpna,Real GDP,USA,1973,6125680,0.0564572770831564
rgdpna,Real GDP,USA,1974,6092568,-0.00540544070209348
rgdpna,Real GDP,USA,1975,6080049.5,-0.00205471650049704
rgdpna,Real GDP,USA,1976,6407651,0.0538813869854184
rgdpna,Real GDP,USA,1977,6703951.5,0.0462416726503987
rgdpna,Real GDP,USA,1978,7075035.5,0.0553530257490675
rgdpna,Real GDP,USA,1979,7299041,0.0316613959039498
rgdpna,Real GDP,USA,1980,7280300.5,-0.00256752907676505
rgdpna,Real GDP,USA,1981,7465054.5,0.0253772491945903
rgdpna,Real GDP,USA,1982,7330469,-0.0180287364278452
rgdpna,Real GDP,USA,1983,7666492.5,0.0458392907738918
rgdpna,Real GDP,USA,1984,8221287.5,0.0723662091888826
rgdpna,Real GDP,USA,1985,8564087,0.0416965712487247
rgdpna,Real GDP,USA,1986,8860631,0.0346264581385032
rgdpna,Real GDP,USA,1987,9167170,0.0345956174001603
rgdpna,Real GDP,USA,1988,9550089,0.0417706882276645
rgdpna,Real GDP,USA,1989,9900830,0.0367264640151521
rgdpna,Real GDP,USA,1990,10087555,0.0188595299585994
rgdpna,Real GDP,USA,1991,10076635,-0.00108252197881453
rgdpna,Real GDP,USA,1992,10431579,0.0352244573709377
rgdpna,Real GDP,USA,1993,10718744,0.0275284307390089
rgdpna,Real GDP,USA,1994,11150584,0.0402883024354346
rgdpna,Real GDP,USA,1995,11449898,0.0268428989907614
rgdpna,Real GDP,USA,1996,11881846,0.0377250522231727
rgdpna,Real GDP,USA,1997,12410257,0.0444721300040414
rgdpna,Real GDP,USA,1998,12966412,0.0448141404323859
rgdpna,Real GDP,USA,1999,13582736,0.0475323474219391
rgdpna,Real GDP,USA,2000,14143361,0.0412748212142238
rgdpna,Real GDP,USA,2001,14284560,0.00998341200510966
rgdpna,Real GDP,USA,2002,14533353,0.0174169172869167
rgdpna,Real GDP,USA,2003,14949183,0.0286121172450706
rgdpna,Real GDP,USA,2004,15517086,0.0379888987913253
rgdpna,Real GDP,USA,2005,16062235,0.0351321762346357
rgdpna,Real GDP,USA,2006,16520807,0.0285497005864999
rgdpna,Real GDP,USA,2007,16830766,0.0187617348232445
rgdpna,Real GDP,USA,2008,16807780,-0.00136571324204737
rgdpna,Real GDP,USA,2009,16381405,-0.0253677166169476
rgdpna,Real GDP,USA,2010,16801388,0.0256377887000534
rgdpna,Real GDP,USA,2011,17061950,0.0155083615710798
rgdpna,Real GDP,USA,2012,17445766,0.02249543575031
rgdpna,Real GDP,USA,2013,17767130,0.0184207446093223
rgdpna,Real GDP,USA,2014,18215924,0.0252597915363932
rgdpna,Real GDP,USA,2015,18776158,0.030755178820465
rgdpna,Real GDP,USA,2016,19097498,0.0171142573470036
rgdpna,Real GDP,USA,2017,19542980,0.0233267205997352
rgdpna,Real GDP,USA,2018,20128580,0.0299647239059755
rgdpna,Real GDP,USA,2019,20563592,0.0216116586465613
rgdpna,Real GDP,VNM,1970,42713.88671875,
rgdpna,Real GDP,VNM,1971,44339.1171875,0.0380492292694259
rgdpna,Real GDP,VNM,1972,45208.5234375,0.0196081091629199
rgdpna,Real GDP,VNM,1973,44566.04296875,-0.0142114897788737
rgdpna,Real GDP,VNM,1974,45672.09375,0.024818240695625
rgdpna,Real GDP,VNM,1975,47036.03125,0.0298636954869187
rgdpna,Real GDP,VNM,1976,52209.296875,0.109985164298912
rgdpna,Real GDP,VNM,1977,59290.03515625,0.135622172775143
rgdpna,Real GDP,VNM,1978,60339.1875,0.017695255888871
rgdpna,Real GDP,VNM,1979,64392.46875,0.0671749391719934
rgdpna,Real GDP,VNM,1980,62140.828125,-0.0349674530066841
rgdpna,Real GDP,VNM,1981,65743.28125,0.0579724029064024
rgdpna,Real GDP,VNM,1982,71101.546875,0.0815028626974714
rgdpna,Real GDP,VNM,1983,76144.8125,0.0709304627910039
rgdpna,Real GDP,VNM,1984,82538.890625,0.0839726031894818
rgdpna,Real GDP,VNM,1985,87177.15625,0.0561949111488922
rgdpna,Real GDP,VNM,1986,90103.78125,0.0335710078865987
rgdpna,Real GDP,VNM,1987,92400.421875,0.0254888373510962
rgdpna,Real GDP,VNM,1988,97112.859375,0.0510001729902816
rgdpna,Real GDP,VNM,1989,101665.4296875,0.0468791707071492
rgdpna,Real GDP,VNM,1990,106851.2890625,0.0510090734966677
rgdpna,Real GDP,VNM,1991,113220.53125,0.0596084730786399
rgdpna,Real GDP,VNM,1992,123009.625,0.0864604117462131
rgdpna,Real GDP,VNM,1993,132939.859375,0.0807272957299072
rgdpna,Real GDP,VNM,1994,144690.375,0.0883897100556865
rgdpna,Real GDP,VNM,1995,158494.546875,0.0954049077210561
rgdpna,Real GDP,VNM,1996,173297.96875,0.0934001968324818
rgdpna,Real GDP,VNM,1997,187424.65625,0.0815167517651587
rgdpna,Real GDP,VNM,1998,198228.59375,0.0576441633463047
rgdpna,Real GDP,VNM,1999,207689.625,0.0477278836066
rgdpna,Real GDP,VNM,2000,221788.625,0.0678849509213568
rgdpna,Real GDP,VNM,2001,237080.9375,0.0689499405120528
rgdpna,Real GDP,VNM,2002,253865.828125,0.0707981451482154
rgdpna,Real GDP,VNM,2003,272502.625,0.073411994881893
rgdpna,Real GDP,VNM,2004,293039.53125,0.0753640675938443
rgdpna,Real GDP,VNM,2005,315155.96875,0.0754725391678703
rgdpna,Real GDP,VNM,2006,337147.40625,0.069779536739299
rgdpna,Real GDP,VNM,2007,361184.34375,0.0712950390672034
rgdpna,Real GDP,VNM,2008,381633.78125,0.0566177295717847
rgdpna,Real GDP,VNM,2009,402233.96875,0.0539789413623877
rgdpna,Real GDP,VNM,2010,428070.53125,0.0642326717961956
rgdpna,Real GDP,VNM,2011,454783.375,0.0624029027926691
rgdpna,Real GDP,VNM,2012,478647.53125,0.0524736777152419
rgdpna,Real GDP,VNM,2013,504599.1875,0.0542187195288078
rgdpna,Real GDP,VNM,2014,534792.5625,0.0598363527884198
rgdpna,Real GDP,VNM,2015,570513,0.0667930708179958
rgdpna,Real GDP,VNM,2016,605946.5625,0.0621082473142594
rgdpna,Real GDP,VNM,2017,647225,0.0681222405647364
rgdpna,Real GDP,VNM,2018,693021.3125,0.0707579473907838
rgdpna,Real GDP,VNM,2019,741653.5625,0.0701742487897874
