Region,date,MedianAgePop,NatChangeRT,pop
BRN,1950,21.1005,31.176,0.048298
BRN,1951,20.8911,32.694,0.05119
BRN,1952,20.584,33.244,0.054233
BRN,1953,20.291,34.099,0.057559
BRN,1954,19.9972,35.012,0.061209
BRN,1955,19.6982,35.768,0.06521
BRN,1956,19.3963,36.232,0.069548
BRN,1957,19.0869,36.561,0.074164
BRN,1958,18.7595,36.67,0.078972
BRN,1959,18.4024,36.389,0.083842
BRN,1960,17.7972,35.864,0.088347
BRN,1961,17.0238,34.318,0.092518
BRN,1962,16.3841,32.342,0.096719
BRN,1963,16.0312,31.576,0.101159
BRN,1964,15.9223,30.814,0.105922
BRN,1965,15.8888,30.01,0.110838
BRN,1966,15.9065,29.375,0.115874
BRN,1967,16.0365,28.736,0.121018
BRN,1968,16.26,28.135,0.126222
BRN,1969,16.5119,27.526,0.131446
BRN,1970,16.7242,27.339,0.135138
BRN,1971,16.8729,28.127,0.137921
BRN,1972,16.9893,28.729,0.142189
BRN,1973,17.1141,28.607,0.147369
BRN,1974,17.2826,28.387,0.152656
BRN,1975,17.4946,28.036,0.15807
BRN,1976,17.7501,27.619,0.163607
BRN,1977,18.0439,27.14,0.169277
BRN,1978,18.3499,26.689,0.174884
BRN,1979,18.6542,26.143,0.180422
BRN,1980,18.9613,25.653,0.186111
BRN,1981,19.2644,25.204,0.191977
BRN,1982,19.6188,24.887,0.198165
BRN,1983,20.0166,25.097,0.204741
BRN,1984,20.3917,25.382,0.211661
BRN,1985,20.741,25.668,0.21892
BRN,1986,21.0659,25.721,0.226495
BRN,1987,21.3465,25.728,0.23386
BRN,1988,21.6046,25.466,0.240913
BRN,1989,21.8794,25.005,0.248064
BRN,1990,22.1748,24.54,0.255292
BRN,1991,22.4161,23.834,0.262596
BRN,1992,22.6321,22.862,0.26984
BRN,1993,22.8873,21.826,0.276972
BRN,1994,23.1434,20.792,0.284092
BRN,1995,23.4,19.745,0.291195
BRN,1996,23.6605,18.796,0.298276
BRN,1997,23.9256,18.073,0.305342
BRN,1998,24.195,17.497,0.312385
BRN,1999,24.4737,16.869,0.319412
BRN,2000,24.7645,16.331,0.326424
BRN,2001,25.0712,15.826,0.333345
BRN,2002,25.3945,15.198,0.340099
BRN,2003,25.7377,14.525,0.346637
BRN,2004,26.1037,13.81,0.35291
BRN,2005,26.4922,13.103,0.358916
BRN,2006,26.9004,12.586,0.364663
BRN,2007,27.0593,12.191,0.370872
BRN,2008,26.9908,12.24,0.377793
BRN,2009,26.9636,12.438,0.384952
BRN,2010,26.9746,12.752,0.392332
BRN,2011,27.1004,13.123,0.399389
BRN,2012,27.3884,13.188,0.405557
BRN,2013,27.7468,12.895,0.411202
BRN,2014,28.1067,12.492,0.41675
BRN,2015,28.4684,11.983,0.422212
BRN,2016,28.8327,11.404,0.427564
BRN,2017,29.2025,10.825,0.432772
BRN,2018,29.578,10.283,0.43781
BRN,2019,29.9599,9.793,0.44268
BRN,2020,30.3485,9.362,0.447404
BRN,2021,30.7936,8.822,0.45172
BRN,2022,31.276,7.288,0.45537
BRN,2023,31.76,8.36,0.458949
BRN,2024,32.2438,7.993,0.462722
BRN,2025,32.7098,7.553,0.46633
BRN,2026,33.1761,7.152,0.469775
BRN,2027,33.6395,6.766,0.473156
BRN,2028,34.1004,6.41,0.476432
BRN,2029,34.5605,6.038,0.479494
BRN,2030,35.0161,5.673,0.482446
BRN,2031,35.4661,5.335,0.485316
BRN,2032,35.9132,5.016,0.487952
BRN,2033,36.3544,4.71,0.490437
BRN,2034,36.7797,4.391,0.492894
BRN,2035,37.1876,4.091,0.49529
BRN,2036,37.577,3.803,0.497555
BRN,2037,37.9494,3.533,0.499704
BRN,2038,38.2995,3.263,0.50192
BRN,2039,38.6314,3.001,0.504066
BRN,2040,38.9519,2.775,0.505976
BRN,2041,39.2523,2.553,0.507804
BRN,2042,39.5362,2.332,0.509545
BRN,2043,39.8103,2.114,0.511129
BRN,2044,40.0758,1.896,0.512594
BRN,2045,40.3284,1.69,0.514052
BRN,2046,40.5699,1.465,0.515418
BRN,2047,40.7975,1.231,0.516606
BRN,2048,40.9964,1.015,0.517702
BRN,2049,41.1621,0.781,0.518691
BRN,2050,41.3209,0.533,0.519551
BRN,2051,41.4871,0.315,0.520266
BRN,2052,41.6576,0.072,0.520771
BRN,2053,41.8277,-0.177,0.521056
BRN,2054,42.0059,-0.414,0.521248
BRN,2055,42.2027,-0.657,0.521333
BRN,2056,42.4055,-0.899,0.521306
BRN,2057,42.6116,-1.154,0.521162
BRN,2058,42.8205,-1.412,0.520876
BRN,2059,43.0234,-1.655,0.520522
BRN,2060,43.2139,-1.881,0.520125
BRN,2061,43.3896,-2.094,0.519658
BRN,2062,43.5471,-2.301,0.519153
BRN,2063,43.6916,-2.485,0.518552
BRN,2064,43.8296,-2.661,0.517782
BRN,2065,43.9638,-2.849,0.516876
BRN,2066,44.0996,-3.01,0.515838
BRN,2067,44.2373,-3.153,0.51463
BRN,2068,44.3702,-3.291,0.513314
BRN,2069,44.4898,-3.412,0.512024
BRN,2070,44.5926,-3.5,0.510801
BRN,2071,44.6784,-3.579,0.509606
BRN,2072,44.7572,-3.642,0.508288
BRN,2073,44.8346,-3.707,0.50681
BRN,2074,44.9078,-3.752,0.505207
BRN,2075,44.9785,-3.796,0.503473
BRN,2076,45.0347,-3.826,0.501825
BRN,2077,45.0767,-3.844,0.500282
BRN,2078,45.1129,-3.856,0.498748
BRN,2079,45.1455,-3.85,0.497223
BRN,2080,45.1792,-3.86,0.495646
BRN,2081,45.2144,-3.854,0.494036
BRN,2082,45.2522,-3.852,0.492384
BRN,2083,45.2931,-3.839,0.490714
BRN,2084,45.3344,-3.82,0.489088
BRN,2085,45.3778,-3.799,0.487484
BRN,2086,45.4226,-3.767,0.485925
BRN,2087,45.471,-3.736,0.484408
BRN,2088,45.5303,-3.701,0.482822
BRN,2089,45.5994,-3.682,0.481199
BRN,2090,45.6719,-3.676,0.47963
BRN,2091,45.7447,-3.65,0.478136
BRN,2092,45.823,-3.641,0.476647
BRN,2093,45.9066,-3.625,0.475155
BRN,2094,45.9926,-3.607,0.47367
BRN,2095,46.0804,-3.601,0.472207
BRN,2096,46.1705,-3.6,0.470745
BRN,2097,46.2588,-3.612,0.469295
BRN,2098,46.3478,-3.607,0.467835
BRN,2099,46.4406,-3.631,0.466312
BRN,2100,46.5299,-3.649,0.464806
IDN,1950,17.8497,19.594,68.799025
IDN,1951,18.0873,20.603,70.286303
IDN,1952,18.2979,21.589,71.876432
IDN,1953,18.4834,22.454,73.569144
IDN,1954,18.6444,23.375,75.367369
IDN,1955,18.7819,24.155,77.273507
IDN,1956,18.8982,24.792,79.282549
IDN,1957,18.9938,25.334,81.390834
IDN,1958,19.0646,25.703,83.592762
IDN,1959,19.1089,26.241,85.892869
IDN,1960,19.1262,26.626,88.29607
IDN,1961,19.115,26.81,90.791249
IDN,1962,19.0768,27.043,93.37585
IDN,1963,19.012,27.168,96.051424
IDN,1964,18.9223,27.32,98.833748
IDN,1965,18.7776,22.482,101.36513
IDN,1966,18.5921,26.158,103.792754
IDN,1967,18.3977,27.317,106.526393
IDN,1968,18.1876,27.059,109.450006
IDN,1969,17.9943,26.972,112.517639
IDN,1970,17.8603,26.634,115.657494
IDN,1971,17.7753,26.182,118.833702
IDN,1972,17.7324,25.809,122.039841
IDN,1973,17.7238,25.626,125.288515
IDN,1974,17.7504,24.862,128.555045
IDN,1975,17.8061,24.755,131.843848
IDN,1976,17.8814,24.35,135.173656
IDN,1977,17.9781,24.072,138.533541
IDN,1978,18.0911,24.043,141.953164
IDN,1979,18.218,23.795,145.434834
IDN,1980,18.3611,23.396,148.95054
IDN,1981,18.5191,22.935,152.485034
IDN,1982,18.6889,22.72,156.052152
IDN,1983,18.8715,22.292,159.651381
IDN,1984,19.0695,21.743,163.251124
IDN,1985,19.2922,20.503,166.776185
IDN,1986,19.544,19.45,170.175064
IDN,1987,19.8121,19.045,173.511154
IDN,1988,20.0842,18.836,176.855066
IDN,1989,20.3595,18.406,180.20163
IDN,1990,20.6453,17.716,183.501098
IDN,1991,20.937,17.608,186.778238
IDN,1992,21.234,17.057,190.043744
IDN,1993,21.5356,17.006,193.305168
IDN,1994,21.8353,16.746,196.591828
IDN,1995,22.1313,16.532,199.888057
IDN,1996,22.4245,16.395,203.204348
IDN,1997,22.7138,16.163,206.536095
IDN,1998,23.0042,15.531,209.826788
IDN,1999,23.301,14.728,213.004668
IDN,2000,23.6063,14.257,216.07779
IDN,2001,23.9158,13.995,219.097902
IDN,2002,24.2252,13.792,222.088495
IDN,2003,24.5369,13.498,225.048008
IDN,2004,24.8473,12.699,227.926649
IDN,2005,25.1515,13.642,230.87165
IDN,2006,25.447,13.52,233.951652
IDN,2007,25.7352,13.547,237.062338
IDN,2008,26.0207,13.067,240.157903
IDN,2009,26.3073,12.914,243.220028
IDN,2010,26.5879,12.834,246.305322
IDN,2011,26.8561,13.094,249.470032
IDN,2012,27.1133,12.9,252.698525
IDN,2013,27.3659,12.133,255.852467
IDN,2014,27.615,11.592,258.877399
IDN,2015,27.859,11.074,261.799249
IDN,2016,28.1035,10.636,264.627418
IDN,2017,28.359,10.034,267.346658
IDN,2018,28.6242,9.584,269.951846
IDN,2019,28.8911,9.351,272.489381
IDN,2020,29.1324,7.831,274.814866
IDN,2021,29.3347,6.375,276.758053
IDN,2022,29.5615,8.712,278.830529
IDN,2023,29.8305,8.41,281.190067
IDN,2024,30.1017,8.138,283.487931
IDN,2025,30.3791,7.832,285.721236
IDN,2026,30.659,7.546,287.886782
IDN,2027,30.9414,7.268,289.986522
IDN,2028,31.2276,6.981,292.016779
IDN,2029,31.5165,6.714,293.978109
IDN,2030,31.8042,6.457,295.876648
IDN,2031,32.0863,6.245,297.719748
IDN,2032,32.356,6.041,299.510661
IDN,2033,32.6134,5.844,301.250985
IDN,2034,32.8604,5.625,302.938573
IDN,2035,33.1015,5.402,304.566622
IDN,2036,33.3384,5.183,306.135098
IDN,2037,33.5703,4.978,307.646417
IDN,2038,33.7986,4.751,309.096448
IDN,2039,34.0264,4.519,310.48112
IDN,2040,34.2618,4.26,311.797395
IDN,2041,34.5046,4.015,313.041661
IDN,2042,34.7534,3.751,314.211282
IDN,2043,35.0064,3.496,315.304312
IDN,2044,35.2592,3.231,316.318416
IDN,2045,35.51,2.956,317.249613
IDN,2046,35.7618,2.685,318.096574
IDN,2047,36.0189,2.441,318.86202
IDN,2048,36.286,2.203,319.554653
IDN,2049,36.5614,1.956,320.17325
IDN,2050,36.8386,1.702,320.712949
IDN,2051,37.1082,1.467,321.175112
IDN,2052,37.3651,1.258,321.563366
IDN,2053,37.6117,1.056,321.88537
IDN,2054,37.8492,0.853,322.144269
IDN,2055,38.0779,0.663,322.341997
IDN,2056,38.2948,0.504,322.483843
IDN,2057,38.4993,0.325,322.569932
IDN,2058,38.6945,0.185,322.603672
IDN,2059,38.8848,0.053,322.589094
IDN,2060,39.0718,-0.086,322.529333
IDN,2061,39.2535,-0.217,322.42867
IDN,2062,39.4303,-0.324,322.289858
IDN,2063,39.6018,-0.421,322.118578
IDN,2064,39.7687,-0.521,321.915634
IDN,2065,39.9317,-0.609,321.681604
IDN,2066,40.0916,-0.716,321.416624
IDN,2067,40.2481,-0.817,321.119316
IDN,2068,40.4022,-0.906,320.791342
IDN,2069,40.5536,-1.003,320.434252
IDN,2070,40.7029,-1.08,320.049797
IDN,2071,40.8511,-1.179,319.638644
IDN,2072,40.9987,-1.282,319.197976
IDN,2073,41.1471,-1.386,318.724736
IDN,2074,41.2974,-1.465,318.221159
IDN,2075,41.4499,-1.587,317.686031
IDN,2076,41.6041,-1.675,317.121278
IDN,2077,41.7597,-1.791,316.525131
IDN,2078,41.9169,-1.899,315.894336
IDN,2079,42.0753,-1.997,315.232523
IDN,2080,42.2349,-2.095,314.542594
IDN,2081,42.3954,-2.19,313.8261
IDN,2082,42.5562,-2.294,313.078657
IDN,2083,42.7168,-2.404,312.299889
IDN,2084,42.8763,-2.501,311.493133
IDN,2085,43.0343,-2.595,310.660087
IDN,2086,43.1902,-2.699,309.799725
IDN,2087,43.3436,-2.786,308.911985
IDN,2088,43.4939,-2.873,308.000775
IDN,2089,43.6404,-2.949,307.068165
IDN,2090,43.7825,-3.043,306.110861
IDN,2091,43.92,-3.118,305.129526
IDN,2092,44.0535,-3.195,304.125654
IDN,2093,44.1831,-3.274,303.10046
IDN,2094,44.3085,-3.334,302.058796
IDN,2095,44.4293,-3.392,301.004181
IDN,2096,44.5455,-3.458,299.933843
IDN,2097,44.6574,-3.523,298.845929
IDN,2098,44.7654,-3.574,297.74536
IDN,2099,44.8699,-3.63,296.633418
IDN,2100,44.9711,-3.686,295.511061
JPN,1950,21.3113,17.566,86.443277
JPN,1951,21.493,15.645,87.849926
JPN,1952,21.7394,14.677,89.135132
JPN,1953,22.0291,12.796,90.324184
JPN,1954,22.3643,12.124,91.407672
JPN,1955,22.7324,11.816,92.425478
JPN,1956,23.1168,10.599,93.342008
JPN,1957,23.514,9.126,94.108977
JPN,1958,23.9205,10.633,94.846956
JPN,1959,24.3267,10.204,95.622978
JPN,1960,24.7335,9.656,96.399754
JPN,1961,25.1364,9.403,97.217594
JPN,1962,25.5283,9.375,98.076405
JPN,1963,25.9097,10.126,98.958231
JPN,1964,26.268,10.645,99.890178
JPN,1965,26.5604,11.294,100.916019
JPN,1966,26.882,7.71,101.887835
JPN,1967,27.2064,12.346,102.965527
JPN,1968,27.5201,11.508,104.237471
JPN,1969,27.8814,11.215,105.47517
JPN,1970,28.2528,11.324,106.712368
JPN,1971,28.5872,12.46,107.95203
JPN,1972,28.8891,12.913,109.238955
JPN,1973,29.1843,13.105,110.614736
JPN,1974,29.4443,12.366,112.009694
JPN,1975,29.6581,11.013,113.321196
JPN,1976,29.8667,10.044,114.502795
JPN,1977,30.2167,9.318,115.574277
JPN,1978,30.6623,8.797,116.576944
JPN,1979,31.1762,8.249,117.521556
JPN,1980,31.6952,7.224,118.358756
JPN,1981,32.246,6.609,118.994053
JPN,1982,32.818,6.395,119.485775
JPN,1983,33.3818,6.007,119.948947
JPN,1984,33.9326,5.763,120.384394
JPN,1985,34.4677,5.104,120.832163
JPN,1986,34.9796,4.661,121.366735
JPN,1987,35.4768,4.363,121.943587
JPN,1988,35.9582,3.719,122.476952
JPN,1989,36.4272,3.278,122.947413
JPN,1990,36.872,2.803,123.399765
JPN,1991,37.3126,2.812,123.889871
JPN,1992,37.7645,2.469,124.383708
JPN,1993,38.1907,2.128,124.839958
JPN,1994,38.6019,2.435,125.28686
JPN,1995,38.9924,1.788,125.672665
JPN,1996,39.3733,2.127,125.975302
JPN,1997,39.7392,1.94,126.265929
JPN,1998,40.082,1.835,126.549181
JPN,1999,40.4177,1.338,126.801564
JPN,2000,40.7522,1.594,127.027789
JPN,2001,41.1051,1.409,127.260148
JPN,2002,41.4671,1.17,127.484598
JPN,2003,41.8294,0.693,127.671252
JPN,2004,42.1887,0.444,127.815774
JPN,2005,42.5541,-0.342,127.91333
JPN,2006,42.9002,-0.247,127.997247
JPN,2007,43.2187,-0.435,128.087682
JPN,2008,43.542,-0.69,128.15599
JPN,2009,43.88,-0.833,128.19247
JPN,2010,44.24,-1.287,128.185275
JPN,2011,44.5386,-1.891,128.096432
JPN,2012,44.8079,-2.029,127.928285
JPN,2013,45.099,-2.224,127.723646
JPN,2014,45.461,-2.468,127.486604
JPN,2015,45.8447,-2.624,127.275872
JPN,2016,46.1951,-3.001,127.159951
JPN,2017,46.5354,-3.511,127.06469
JPN,2018,46.8893,-3.935,126.913432
JPN,2019,47.2624,-4.478,126.699424
JPN,2020,47.6739,-4.613,126.304543
JPN,2021,48.1226,-5.369,125.679338
JPN,2022,48.5482,-6.63,124.997578
JPN,2023,48.9585,-6.228,124.370947
JPN,2024,49.3827,-6.381,123.753041
JPN,2025,49.7917,-6.526,123.103479
JPN,2026,50.181,-6.675,122.427731
JPN,2027,50.5439,-6.814,121.732341
JPN,2028,50.8805,-6.932,121.024348
JPN,2029,51.1916,-7.038,120.308089
JPN,2030,51.4798,-7.135,119.584121
JPN,2031,51.7456,-7.226,118.852085
JPN,2032,51.9874,-7.317,118.11414
JPN,2033,52.2002,-7.386,117.372474
JPN,2034,52.3812,-7.461,116.626751
JPN,2035,52.5347,-7.498,115.876149
JPN,2036,52.6701,-7.543,115.125565
JPN,2037,52.7963,-7.569,114.377401
JPN,2038,52.9115,-7.587,113.633614
JPN,2039,53.0022,-7.601,112.894531
JPN,2040,53.0612,-7.604,112.158303
JPN,2041,53.0972,-7.623,111.422443
JPN,2042,53.1133,-7.623,110.692358
JPN,2043,53.0995,-7.604,109.972381
JPN,2044,53.0541,-7.588,109.259528
JPN,2045,53.0003,-7.551,108.551994
JPN,2046,52.946,-7.538,107.85058
JPN,2047,52.884,-7.5,107.15797
JPN,2048,52.837,-7.488,106.474329
JPN,2049,52.7963,-7.492,105.796844
JPN,2050,52.7551,-7.519,105.123167
JPN,2051,52.7262,-7.55,104.452458
JPN,2052,52.7122,-7.601,103.77813
JPN,2053,52.7129,-7.701,103.100887
JPN,2054,52.7342,-7.795,102.415685
JPN,2055,52.7752,-7.91,101.721352
JPN,2056,52.8265,-8.067,101.018742
JPN,2057,52.8874,-8.216,100.30474
JPN,2058,52.9546,-8.369,99.583491
JPN,2059,53.0207,-8.515,98.848887
JPN,2060,53.0928,-8.656,98.103219
JPN,2061,53.1755,-8.808,97.353646
JPN,2062,53.2591,-8.94,96.60009
JPN,2063,53.3361,-9.031,95.843769
JPN,2064,53.4023,-9.13,95.085858
JPN,2065,53.4596,-9.159,94.324173
JPN,2066,53.5074,-9.186,93.56362
JPN,2067,53.5447,-9.172,92.812404
JPN,2068,53.5724,-9.109,92.067791
JPN,2069,53.5903,-9.013,91.332807
JPN,2070,53.6031,-8.881,90.611771
JPN,2071,53.6023,-8.702,89.91134
JPN,2072,53.5772,-8.522,89.235968
JPN,2073,53.5282,-8.297,88.580981
JPN,2074,53.45,-8.05,87.952002
JPN,2075,53.3494,-7.789,87.352846
JPN,2076,53.2331,-7.531,86.780662
JPN,2077,53.0949,-7.299,86.232702
JPN,2078,52.9465,-7.044,85.708776
JPN,2079,52.811,-6.842,85.209307
JPN,2080,52.6883,-6.635,84.729966
JPN,2081,52.5804,-6.46,84.269888
JPN,2082,52.4883,-6.292,83.826897
JPN,2083,52.4138,-6.155,83.397932
JPN,2084,52.3575,-6.043,82.980374
JPN,2085,52.3197,-5.953,82.570777
JPN,2086,52.2985,-5.873,82.169887
JPN,2087,52.2929,-5.821,81.778184
JPN,2088,52.3027,-5.769,81.393977
JPN,2089,52.328,-5.738,81.013197
JPN,2090,52.3661,-5.727,80.634393
JPN,2091,52.4153,-5.711,80.257724
JPN,2092,52.4747,-5.733,79.879696
JPN,2093,52.541,-5.764,79.500582
JPN,2094,52.6096,-5.799,79.123885
JPN,2095,52.6791,-5.833,78.747739
JPN,2096,52.7495,-5.854,78.369011
JPN,2097,52.8183,-5.879,77.990635
JPN,2098,52.8831,-5.903,77.612885
JPN,2099,52.9449,-5.959,77.230867
JPN,2100,53.0022,-5.969,76.845989
KHM,1950,17.5369,22.322,4.375257
KHM,1951,17.5114,22.33,4.475692
KHM,1952,17.4825,22.517,4.577961
KHM,1953,17.4398,22.772,4.68045
KHM,1954,17.3874,22.875,4.783833
KHM,1955,17.3362,23.12,4.890372
KHM,1956,17.2847,23.106,4.999484
KHM,1957,17.2301,23.129,5.110434
KHM,1958,17.1657,22.966,5.220834
KHM,1959,17.1048,22.773,5.33293
KHM,1960,17.0576,22.796,5.449966
KHM,1961,17.0146,23.022,5.571168
KHM,1962,16.9735,23.319,5.697558
KHM,1963,16.9148,23.624,5.82301
KHM,1964,16.8374,23.749,5.946178
KHM,1965,16.7631,23.79,6.07229
KHM,1966,16.7156,23.799,6.201232
KHM,1967,16.709,23.693,6.332944
KHM,1968,16.7218,23.726,6.467324
KHM,1969,16.7396,23.737,6.604725
KHM,1970,16.4961,18.501,6.639182
KHM,1971,16.1544,17.19,6.62088
KHM,1972,16.043,16.96,6.673886
KHM,1973,16.0275,15.031,6.739726
KHM,1974,16.0946,10.762,6.78324
KHM,1975,16.0967,-58.317,6.581371
KHM,1976,16.0833,-66.586,6.134991
KHM,1977,16.2136,-73.408,5.66855
KHM,1978,16.2675,-68.592,5.211652
KHM,1979,16.5173,15.356,5.088808
KHM,1980,16.6887,30.608,5.199872
KHM,1981,16.6185,31.522,5.284496
KHM,1982,16.6674,33.165,5.436432
KHM,1983,16.7705,34.216,5.636203
KHM,1984,16.8337,35.534,5.845117
KHM,1985,16.8319,35.425,6.043783
KHM,1986,16.9057,35.268,6.285693
KHM,1987,17.0228,35.844,6.55797
KHM,1988,17.0736,35.702,6.812014
KHM,1989,17.1227,33.818,7.073473
KHM,1990,17.2274,33.869,7.374752
KHM,1991,17.2947,33.526,7.68685
KHM,1992,17.5134,32.13,8.113084
KHM,1993,17.7576,32.754,8.616382
KHM,1994,17.132,31.034,9.239162
KHM,1995,15.9487,27.965,10.018497
KHM,1996,15.6949,25.381,10.80127
KHM,1997,15.8651,21.809,11.570982
KHM,1998,16.1742,20.822,12.058172
KHM,1999,16.5424,20.009,12.265731
KHM,2000,16.9594,19.766,12.462336
KHM,2001,17.3817,19.807,12.658484
KHM,2002,17.8078,19.592,12.855241
KHM,2003,18.2405,19.3,13.050968
KHM,2004,18.6803,19,13.244731
KHM,2005,19.123,19.105,13.439202
KHM,2006,19.5851,19.334,13.639028
KHM,2007,20.0562,19.56,13.84177
KHM,2008,20.4862,19.364,14.05348
KHM,2009,20.8745,19.241,14.27681
KHM,2010,21.2598,18.776,14.500726
KHM,2011,21.6518,18.486,14.722584
KHM,2012,22.0449,18.511,14.945086
KHM,2013,22.4358,18.524,15.170208
KHM,2014,22.8251,18.393,15.396772
KHM,2015,23.2145,18.203,15.62325
KHM,2016,23.5951,17.923,15.852803
KHM,2017,24.0064,17.588,16.073372
KHM,2018,24.4502,17.246,16.274522
KHM,2019,24.842,16.799,16.481304
KHM,2020,25.1222,16.068,16.725474
KHM,2021,25.3502,15.078,16.974305
KHM,2022,25.5964,14.956,17.201724
KHM,2023,25.8438,14.362,17.42388
KHM,2024,26.0463,13.855,17.638801
KHM,2025,26.2098,13.358,17.847982
KHM,2026,26.3724,12.957,18.051219
KHM,2027,26.5386,12.563,18.250145
KHM,2028,26.7131,12.189,18.446771
KHM,2029,26.8969,11.829,18.639393
KHM,2030,27.0875,11.489,18.827388
KHM,2031,27.2842,11.164,19.012052
KHM,2032,27.4963,10.845,19.193351
KHM,2033,27.7273,10.568,19.371578
KHM,2034,27.9771,10.318,19.546876
KHM,2035,28.2391,10.076,19.720141
KHM,2036,28.5101,9.848,19.88953
KHM,2037,28.7849,9.643,20.055504
KHM,2038,29.0584,9.423,20.220803
KHM,2039,29.325,9.22,20.382865
KHM,2040,29.5849,9.009,20.540682
KHM,2041,29.8377,8.803,20.695379
KHM,2042,30.0827,8.594,20.848376
KHM,2043,30.3237,8.367,20.998537
KHM,2044,30.5662,8.124,21.144579
KHM,2045,30.8137,7.864,21.286237
KHM,2046,31.0678,7.619,21.424346
KHM,2047,31.3298,7.349,21.558221
KHM,2048,31.5993,7.103,21.687185
KHM,2049,31.8753,6.863,21.812188
KHM,2050,32.158,6.588,21.931455
KHM,2051,32.4462,6.341,22.04583
KHM,2052,32.7391,6.076,22.155645
KHM,2053,33.0362,5.801,22.259415
KHM,2054,33.3322,5.545,22.358448
KHM,2055,33.6241,5.294,22.452161
KHM,2056,33.91,5.045,22.540617
KHM,2057,34.1879,4.819,22.625409
KHM,2058,34.4562,4.593,22.706119
KHM,2059,34.716,4.368,22.781993
KHM,2060,34.9682,4.141,22.852986
KHM,2061,35.2133,3.924,22.918443
KHM,2062,35.4522,3.693,22.977428
KHM,2063,35.685,3.474,23.031334
KHM,2064,35.9102,3.27,23.082382
KHM,2065,36.1298,3.077,23.127852
KHM,2066,36.3435,2.888,23.168694
KHM,2067,36.5493,2.689,23.207958
KHM,2068,36.7503,2.509,23.242404
KHM,2069,36.9474,2.328,23.271426
KHM,2070,37.1408,2.17,23.296121
KHM,2071,37.3308,2.003,23.317468
KHM,2072,37.5177,1.845,23.33658
KHM,2073,37.7041,1.707,23.351639
KHM,2074,37.89,1.555,23.363969
KHM,2075,38.0767,1.429,23.373134
KHM,2076,38.2649,1.294,23.379783
KHM,2077,38.4534,1.177,23.385524
KHM,2078,38.6448,1.046,23.387213
KHM,2079,38.8394,0.919,23.384653
KHM,2080,39.036,0.819,23.379539
KHM,2081,39.2333,0.721,23.37353
KHM,2082,39.4316,0.631,23.366461
KHM,2083,39.6323,0.519,23.356263
KHM,2084,39.8359,0.401,23.341549
KHM,2085,40.04,0.281,23.324018
KHM,2086,40.243,0.161,23.304194
KHM,2087,40.4444,0.021,23.281153
KHM,2088,40.6415,-0.091,23.257257
KHM,2089,40.8367,-0.218,23.229898
KHM,2090,41.0303,-0.345,23.198283
KHM,2091,41.2184,-0.485,23.166447
KHM,2092,41.4027,-0.609,23.131656
KHM,2093,41.5835,-0.74,23.092845
KHM,2094,41.7599,-0.872,23.050682
KHM,2095,41.9303,-1.002,23.006633
KHM,2096,42.0948,-1.123,22.960048
KHM,2097,42.2558,-1.262,22.908587
KHM,2098,42.4121,-1.394,22.853604
KHM,2099,42.5612,-1.534,22.797224
KHM,2100,42.7044,-1.659,22.738858
LAO,1950,18.7804,24.191,1.68455
LAO,1951,18.7271,23.551,1.725243
LAO,1952,18.6705,23.354,1.766179
LAO,1953,18.609,23.244,1.807812
LAO,1954,18.5475,23.029,1.850128
LAO,1955,18.4872,23.008,1.893213
LAO,1956,18.4299,22.954,1.937229
LAO,1957,18.3765,22.879,1.982134
LAO,1958,18.3202,22.9,2.028026
LAO,1959,18.2496,22.403,2.074484
LAO,1960,18.1697,22.425,2.121514
LAO,1961,18.0915,22.579,2.169796
LAO,1962,18.0248,23.084,2.21991
LAO,1963,17.9647,22.481,2.27106
LAO,1964,17.9084,22.594,2.322826
LAO,1965,17.8637,22.838,2.3762
LAO,1966,17.8253,22.827,2.431084
LAO,1967,17.7754,23.219,2.487715
LAO,1968,17.6965,23.393,2.546377
LAO,1969,17.6596,23.627,2.606959
LAO,1970,17.6559,23.934,2.669702
LAO,1971,17.642,24.12,2.734628
LAO,1972,17.6239,24.305,2.80166
LAO,1973,17.5967,24.564,2.870573
LAO,1974,17.5524,25.394,2.939761
LAO,1975,17.4746,25.528,3.005521
LAO,1976,17.3525,25.311,3.064876
LAO,1977,17.1995,25.377,3.118923
LAO,1978,17.0411,25.413,3.17174
LAO,1979,16.9041,25.665,3.228202
LAO,1980,16.8055,26.286,3.292574
LAO,1981,16.7469,26.722,3.366631
LAO,1982,16.7193,27.263,3.450026
LAO,1983,16.7085,27.726,3.541001
LAO,1984,16.7044,28.126,3.637844
LAO,1985,16.707,28.355,3.739984
LAO,1986,16.7179,28.405,3.846714
LAO,1987,16.7347,28.554,3.957612
LAO,1988,16.7529,28.741,4.072601
LAO,1989,16.7681,28.882,4.190974
LAO,1990,16.776,29.058,4.311955
LAO,1991,16.7778,29.204,4.435118
LAO,1992,16.7783,29.041,4.559646
LAO,1993,16.7789,28.878,4.68506
LAO,1994,16.7848,27.905,4.80922
LAO,1995,16.8043,26.827,4.929409
LAO,1996,16.8376,25.991,5.045678
LAO,1997,16.8618,25.308,5.152011
LAO,1998,16.8816,24.467,5.248266
LAO,1999,16.9204,23.827,5.340784
LAO,2000,16.9922,22.868,5.431212
LAO,2001,17.1025,22.43,5.521482
LAO,2002,17.2431,21.763,5.610888
LAO,2003,17.4043,21.439,5.697945
LAO,2004,17.5753,21.082,5.781626
LAO,2005,17.7871,20.132,5.869523
LAO,2006,18.1329,19.889,5.9632
LAO,2007,18.5775,19.811,6.056236
LAO,2008,19.0233,19.685,6.148969
LAO,2009,19.4695,19.574,6.241642
LAO,2010,19.9152,19.342,6.334194
LAO,2011,20.3587,19.118,6.42659
LAO,2012,20.7969,18.611,6.518978
LAO,2013,21.2263,18.127,6.611384
LAO,2014,21.6457,17.619,6.703172
LAO,2015,21.9846,17.455,6.801645
LAO,2016,22.2496,17.366,6.908802
LAO,2017,22.5216,17.172,7.018147
LAO,2018,22.801,16.833,7.128045
LAO,2019,23.087,16.552,7.237636
LAO,2020,23.3793,16.145,7.346532
LAO,2021,23.6731,15.473,7.453194
LAO,2022,23.9725,15.428,7.559008
LAO,2023,24.2837,15.05,7.664992
LAO,2024,24.6072,14.746,7.769819
LAO,2025,24.9416,14.328,7.873046
LAO,2026,25.2798,13.909,7.974018
LAO,2027,25.6162,13.493,8.072922
LAO,2028,25.948,13.09,8.169792
LAO,2029,26.2709,12.684,8.2644
LAO,2030,26.587,12.298,8.357023
LAO,2031,26.8981,11.938,8.447766
LAO,2032,27.2077,11.59,8.536451
LAO,2033,27.5192,11.259,8.622827
LAO,2034,27.8343,10.929,8.706827
LAO,2035,28.1549,10.624,8.788756
LAO,2036,28.4779,10.319,8.868879
LAO,2037,28.801,10.017,8.947242
LAO,2038,29.1224,9.717,9.023859
LAO,2039,29.4421,9.415,9.097892
LAO,2040,29.7611,9.092,9.169002
LAO,2041,30.0792,8.772,9.238102
LAO,2042,30.3961,8.47,9.305406
LAO,2043,30.7133,8.171,9.370046
LAO,2044,31.0312,7.884,9.432308
LAO,2045,31.3509,7.589,9.492502
LAO,2046,31.6735,7.27,9.55034
LAO,2047,32.0005,6.975,9.605806
LAO,2048,32.3362,6.657,9.659039
LAO,2049,32.6781,6.365,9.709614
LAO,2050,33.0246,6.07,9.757286
LAO,2051,33.3681,5.796,9.802786
LAO,2052,33.7085,5.513,9.845849
LAO,2053,34.046,5.2,9.886186
LAO,2054,34.3807,4.911,9.923709
LAO,2055,34.7123,4.627,9.958044
LAO,2056,35.0397,4.338,9.989662
LAO,2057,35.3611,4.037,10.019089
LAO,2058,35.6773,3.748,10.045954
LAO,2059,35.9891,3.484,10.069852
LAO,2060,36.2958,3.217,10.090954
LAO,2061,36.5979,2.946,10.109538
LAO,2062,36.8966,2.682,10.125228
LAO,2063,37.1911,2.419,10.138214
LAO,2064,37.4793,2.168,10.14878
LAO,2065,37.7614,1.893,10.156761
LAO,2066,38.0361,1.651,10.162672
LAO,2067,38.3044,1.412,10.166112
LAO,2068,38.5667,1.167,10.1668
LAO,2069,38.8224,0.918,10.164933
LAO,2070,39.0722,0.679,10.16017
LAO,2071,39.3153,0.44,10.15355
LAO,2072,39.5522,0.216,10.145163
LAO,2073,39.7852,0.002,10.134199
LAO,2074,40.0144,-0.21,10.120901
LAO,2075,40.2393,-0.424,10.105666
LAO,2076,40.459,-0.616,10.089014
LAO,2077,40.6759,-0.817,10.070412
LAO,2078,40.8913,-1,10.049637
LAO,2079,41.104,-1.18,10.027214
LAO,2080,41.3142,-1.334,10.003388
LAO,2081,41.5222,-1.498,9.978226
LAO,2082,41.7281,-1.647,9.951553
LAO,2083,41.9314,-1.799,9.923272
LAO,2084,42.1307,-1.954,9.893572
LAO,2085,42.3272,-2.1,9.862428
LAO,2086,42.5219,-2.242,9.829593
LAO,2087,42.7142,-2.386,9.795444
LAO,2088,42.9046,-2.514,9.759973
LAO,2089,43.0935,-2.652,9.723208
LAO,2090,43.2794,-2.762,9.685342
LAO,2091,43.4626,-2.883,9.646342
LAO,2092,43.6425,-3.01,9.606422
LAO,2093,43.8185,-3.135,9.565638
LAO,2094,43.9908,-3.249,9.52391
LAO,2095,44.1597,-3.368,9.481487
LAO,2096,44.3254,-3.478,9.438365
LAO,2097,44.4886,-3.6,9.39435
LAO,2098,44.6485,-3.728,9.349286
LAO,2099,44.8045,-3.861,9.303187
LAO,2100,44.9563,-3.963,9.256278
MMR,1950,20.735,18.198,17.737116
MMR,1951,20.7332,18.463,18.070418
MMR,1952,20.7187,19.211,18.418009
MMR,1953,20.6896,19.663,18.7799
MMR,1954,20.6468,20.184,19.156655
MMR,1955,20.586,20.536,19.550482
MMR,1956,20.498,20.836,19.959221
MMR,1957,20.3817,21.144,20.382704
MMR,1958,20.2421,21.307,20.816418
MMR,1959,20.0833,21.371,21.26401
MMR,1960,19.9067,21.401,21.73025
MMR,1961,19.7113,21.378,22.21058
MMR,1962,19.5039,21.49,22.704719
MMR,1963,19.2959,21.606,23.213408
MMR,1964,19.0978,21.752,23.737315
MMR,1965,18.9161,21.971,24.279431
MMR,1966,18.7524,21.999,24.836496
MMR,1967,18.5981,22.025,25.406429
MMR,1968,18.4834,21.975,25.989662
MMR,1969,18.4558,22.004,26.585112
MMR,1970,18.4765,21.893,27.193016
MMR,1971,18.5103,21.893,27.807219
MMR,1972,18.5567,21.683,28.428324
MMR,1973,18.6007,21.519,29.026388
MMR,1974,18.6411,21.233,29.598167
MMR,1975,18.6937,21.043,30.176565
MMR,1976,18.7548,20.899,30.758811
MMR,1977,18.8279,20.727,31.355966
MMR,1978,18.9123,20.582,31.972976
MMR,1979,19.0002,20.534,32.59655
MMR,1980,19.0943,20.279,33.227204
MMR,1981,19.1934,20.079,33.858783
MMR,1982,19.2859,20.335,34.482966
MMR,1983,19.3892,20.468,35.162715
MMR,1984,19.5135,20.157,35.899313
MMR,1985,19.6526,19.275,36.622828
MMR,1986,19.8144,18.209,37.314878
MMR,1987,19.9994,17.196,37.971594
MMR,1988,20.205,16.331,38.600927
MMR,1989,20.4188,16.234,39.214618
MMR,1990,20.632,15.975,39.817252
MMR,1991,20.8417,15.785,40.394154
MMR,1992,21.05,15.494,40.950342
MMR,1993,21.263,15.266,41.502429
MMR,1994,21.4831,14.895,42.055143
MMR,1995,21.7114,14.561,42.605338
MMR,1996,21.9472,14.355,43.15486
MMR,1997,22.1909,14.027,43.708798
MMR,1998,22.4411,13.695,44.257793
MMR,1999,22.6948,13.35,44.787724
MMR,2000,22.948,13.181,45.290841
MMR,2001,23.1976,13.142,45.771138
MMR,2002,23.4445,13.04,46.232653
MMR,2003,23.6967,12.475,46.667192
MMR,2004,23.9622,11.823,47.068772
MMR,2005,24.2388,11.329,47.438365
MMR,2006,24.5217,11.032,47.785135
MMR,2007,24.8097,10.883,48.125043
MMR,2008,25.1113,7.714,48.390794
MMR,2009,25.4283,10.381,48.660459
MMR,2010,25.7519,10.153,49.024382
MMR,2011,26.0834,9.961,49.41982
MMR,2012,26.4148,9.776,49.837446
MMR,2013,26.7396,9.702,50.262658
MMR,2014,27.0533,9.631,50.681634
MMR,2015,27.3512,9.704,51.089056
MMR,2016,27.6314,9.7,51.495696
MMR,2017,27.9006,9.486,51.894938
MMR,2018,28.17,9.227,52.272246
MMR,2019,28.4448,8.927,52.640713
MMR,2020,28.7196,8.462,53.016522
MMR,2021,28.9829,7.382,53.387102
MMR,2022,29.2511,7.732,53.756788
MMR,2023,29.5337,7.543,54.133798
MMR,2024,29.8215,7.288,54.500091
MMR,2025,30.1143,6.956,54.850648
MMR,2026,30.4062,6.653,55.184819
MMR,2027,30.6972,6.334,55.502482
MMR,2028,30.9875,6.005,55.802774
MMR,2029,31.2767,5.713,56.08514
MMR,2030,31.5628,5.407,56.351031
MMR,2031,31.8455,5.106,56.601628
MMR,2032,32.1246,4.804,56.836046
MMR,2033,32.4023,4.507,57.054544
MMR,2034,32.6806,4.196,57.25718
MMR,2035,32.9605,3.922,57.444464
MMR,2036,33.243,3.657,57.616149
MMR,2037,33.5209,3.426,57.773908
MMR,2038,33.7887,3.182,57.919864
MMR,2039,34.042,2.967,58.052176
MMR,2040,34.281,2.744,58.169858
MMR,2041,34.509,2.506,58.27427
MMR,2042,34.7294,2.274,58.365922
MMR,2043,34.945,2.052,58.443282
MMR,2044,35.1556,1.831,58.506404
MMR,2045,35.3619,1.611,58.558172
MMR,2046,35.5651,1.413,58.596768
MMR,2047,35.7656,1.2,58.620769
MMR,2048,35.962,0.986,58.632726
MMR,2049,36.1545,0.783,58.633122
MMR,2050,36.3456,0.6,58.623232
MMR,2051,36.5377,0.418,58.602738
MMR,2052,36.7335,0.234,58.570618
MMR,2053,36.935,0.043,58.52798
MMR,2054,37.1442,-0.147,58.473676
MMR,2055,37.3556,-0.328,58.408062
MMR,2056,37.5658,-0.52,58.331035
MMR,2057,37.7725,-0.682,58.244507
MMR,2058,37.974,-0.86,58.151508
MMR,2059,38.1704,-1.028,58.048968
MMR,2060,38.3626,-1.185,57.935312
MMR,2061,38.5507,-1.339,57.81182
MMR,2062,38.7337,-1.474,57.683138
MMR,2063,38.9116,-1.617,57.550038
MMR,2064,39.0862,-1.729,57.408853
MMR,2065,39.2566,-1.837,57.260397
MMR,2066,39.4223,-1.957,57.106716
MMR,2067,39.5832,-2.085,56.948255
MMR,2068,39.7396,-2.213,56.783857
MMR,2069,39.8915,-2.315,56.613477
MMR,2070,40.0397,-2.406,56.437246
MMR,2071,40.1851,-2.502,56.255748
MMR,2072,40.3273,-2.604,56.069681
MMR,2073,40.4669,-2.711,55.877836
MMR,2074,40.6039,-2.788,55.681155
MMR,2075,40.738,-2.867,55.480852
MMR,2076,40.8688,-2.938,55.277291
MMR,2077,40.9963,-2.994,55.071944
MMR,2078,41.1223,-3.065,54.86282
MMR,2079,41.2478,-3.147,54.649194
MMR,2080,41.3722,-3.23,54.433608
MMR,2081,41.4958,-3.293,54.215959
MMR,2082,41.6198,-3.365,53.995523
MMR,2083,41.7436,-3.46,53.772891
MMR,2084,41.8665,-3.525,53.547757
MMR,2085,41.9892,-3.582,53.318527
MMR,2086,42.1123,-3.658,53.085734
MMR,2087,42.2352,-3.712,52.850808
MMR,2088,42.3572,-3.764,52.614667
MMR,2089,42.4792,-3.817,52.377175
MMR,2090,42.6018,-3.888,52.136425
MMR,2091,42.7248,-3.949,51.891465
MMR,2092,42.8461,-4.006,51.645598
MMR,2093,42.9657,-4.056,51.400123
MMR,2094,43.0848,-4.096,51.152309
MMR,2095,43.2035,-4.151,50.90229
MMR,2096,43.3206,-4.186,50.652681
MMR,2097,43.4354,-4.206,50.40462
MMR,2098,43.5472,-4.256,50.156905
MMR,2099,43.6564,-4.298,49.90869
MMR,2100,43.7644,-4.336,49.658882
MYS,1950,18.8263,24.375,6.098283
MYS,1951,18.4646,25.34,6.257417
MYS,1952,18.1109,26.428,6.422846
MYS,1953,17.8209,27.541,6.593943
MYS,1954,17.5945,28.487,6.772378
MYS,1955,17.4319,29.323,6.959963
MYS,1956,17.3103,30.101,7.156626
MYS,1957,17.1653,30.804,7.362822
MYS,1958,16.9695,31.203,7.562878
MYS,1959,16.7392,31.459,7.755786
MYS,1960,16.4858,31.559,7.956197
MYS,1961,16.2189,31.511,8.164442
MYS,1962,15.9699,31.281,8.380172
MYS,1963,15.778,30.901,8.60216
MYS,1964,15.6676,30.176,8.828406
MYS,1965,15.6284,29.243,9.056408
MYS,1966,15.6589,28.236,9.284688
MYS,1967,15.7719,27.218,9.507099
MYS,1968,15.9365,26.807,9.725281
MYS,1969,16.1128,26.572,9.947598
MYS,1970,16.3019,26.461,10.178802
MYS,1971,16.5132,26.126,10.423454
MYS,1972,16.7464,25.875,10.676836
MYS,1973,16.9855,26.026,10.935621
MYS,1974,17.2283,25.88,11.200906
MYS,1975,17.4757,25.675,11.471914
MYS,1976,17.7255,25.584,11.750098
MYS,1977,17.9764,25.384,12.035713
MYS,1978,18.2283,25.229,12.328158
MYS,1979,18.4792,25.138,12.627862
MYS,1980,18.7136,25.182,12.983363
MYS,1981,18.9287,25.374,13.399203
MYS,1982,19.1379,25.529,13.832798
MYS,1983,19.34,25.57,14.285908
MYS,1984,19.5282,25.53,14.759009
MYS,1985,19.6942,25.127,15.252258
MYS,1986,19.8403,24.479,15.76042
MYS,1987,19.978,23.469,16.276737
MYS,1988,20.1177,23.011,16.796605
MYS,1989,20.27,21.558,17.314997
MYS,1990,20.437,21.562,17.833171
MYS,1991,20.621,21.913,18.342464
MYS,1992,20.8293,22.241,18.834572
MYS,1993,21.0487,22.249,19.322664
MYS,1994,21.2662,22.092,19.820446
MYS,1995,21.4819,21.807,20.330598
MYS,1996,21.6951,21.591,20.850087
MYS,1997,21.905,20.948,21.375218
MYS,1998,22.112,19.917,21.906713
MYS,1999,22.3207,19.271,22.435531
MYS,2000,22.4899,18.172,22.967816
MYS,2001,22.582,17.042,23.526538
MYS,2002,22.66,15.811,24.102477
MYS,2003,22.783,15.293,24.679602
MYS,2004,22.9582,14.457,25.256772
MYS,2005,23.1845,13.753,25.836071
MYS,2006,23.4569,13.23,26.417909
MYS,2007,23.7737,12.916,26.998389
MYS,2008,24.1349,13.144,27.570059
MYS,2009,24.5398,13.019,28.124778
MYS,2010,24.9609,12.572,28.655776
MYS,2011,25.3576,12.785,29.162039
MYS,2012,25.7311,12.524,29.662831
MYS,2013,26.097,12.154,30.174265
MYS,2014,26.4546,11.975,30.696137
MYS,2015,26.801,11.472,31.232798
MYS,2016,27.1351,10.874,31.789685
MYS,2017,27.4661,10.398,32.355644
MYS,2018,27.8084,9.862,32.910967
MYS,2019,28.1748,9.253,33.440596
MYS,2020,28.6138,8.359,33.889558
MYS,2021,29.0973,6.184,34.282399
MYS,2022,29.5732,6.847,34.695493
MYS,2023,30.0576,7.254,35.126298
MYS,2024,30.5184,7.089,35.557673
MYS,2025,30.9523,6.862,35.977838
MYS,2026,31.3816,6.653,36.385115
MYS,2027,31.8047,6.47,36.785087
MYS,2028,32.2198,6.301,37.18277
MYS,2029,32.6292,6.143,37.574288
MYS,2030,33.0325,5.994,37.961719
MYS,2031,33.4303,5.824,38.347785
MYS,2032,33.8239,5.66,38.728384
MYS,2033,34.2152,5.5,39.097874
MYS,2034,34.6025,5.329,39.457845
MYS,2035,34.9837,5.174,39.814825
MYS,2036,35.3601,5.022,40.166898
MYS,2037,35.7323,4.86,40.512281
MYS,2038,36.1,4.704,40.853312
MYS,2039,36.4649,4.566,41.185886
MYS,2040,36.8298,4.399,41.509644
MYS,2041,37.1951,4.239,41.828592
MYS,2042,37.5605,4.046,42.144466
MYS,2043,37.9211,3.847,42.455953
MYS,2044,38.2726,3.623,42.754136
MYS,2045,38.606,3.381,43.038204
MYS,2046,38.9214,3.118,43.313748
MYS,2047,39.2275,2.863,43.580459
MYS,2048,39.5335,2.611,43.831577
MYS,2049,39.8408,2.351,44.06554
MYS,2050,40.1459,2.091,44.289772
MYS,2051,40.4555,1.849,44.502613
MYS,2052,40.7657,1.613,44.701572
MYS,2053,41.0718,1.372,44.889968
MYS,2054,41.3819,1.126,45.06385
MYS,2055,41.7,0.901,45.21959
MYS,2056,42.023,0.689,45.362855
MYS,2057,42.3409,0.497,45.497567
MYS,2058,42.6599,0.303,45.622565
MYS,2059,42.9775,0.112,45.741084
MYS,2060,43.2907,-0.061,45.850113
MYS,2061,43.5902,-0.222,45.947638
MYS,2062,43.8721,-0.366,46.033411
MYS,2063,44.1345,-0.518,46.105607
MYS,2064,44.3593,-0.662,46.170821
MYS,2065,44.5467,-0.807,46.226986
MYS,2066,44.6998,-0.959,46.270411
MYS,2067,44.8208,-1.098,46.305044
MYS,2068,44.9227,-1.245,46.331868
MYS,2069,45.0257,-1.413,46.354513
MYS,2070,45.127,-1.565,46.373
MYS,2071,45.2234,-1.714,46.385327
MYS,2072,45.3123,-1.88,46.390502
MYS,2073,45.3979,-2.035,46.384501
MYS,2074,45.4793,-2.185,46.370717
MYS,2075,45.5557,-2.329,46.351183
MYS,2076,45.628,-2.483,46.326866
MYS,2077,45.7008,-2.637,46.292136
MYS,2078,45.7766,-2.775,46.243388
MYS,2079,45.8517,-2.916,46.186887
MYS,2080,45.9293,-3.036,46.119096
MYS,2081,46.007,-3.181,46.04427
MYS,2082,46.0827,-3.321,45.966035
MYS,2083,46.1613,-3.439,45.879836
MYS,2084,46.2412,-3.545,45.78961
MYS,2085,46.3206,-3.642,45.697775
MYS,2086,46.403,-3.738,45.59954
MYS,2087,46.4886,-3.819,45.495752
MYS,2088,46.5752,-3.879,45.389872
MYS,2089,46.6623,-3.936,45.282328
MYS,2090,46.7491,-3.992,45.172966
MYS,2091,46.8345,-4.032,45.062224
MYS,2092,46.9172,-4.065,44.950461
MYS,2093,46.9973,-4.077,44.835558
MYS,2094,47.0728,-4.079,44.719895
MYS,2095,47.1426,-4.078,44.604296
MYS,2096,47.2075,-4.095,44.486793
MYS,2097,47.2658,-4.089,44.370041
MYS,2098,47.3153,-4.083,44.256474
MYS,2099,47.3574,-4.063,44.143976
MYS,2100,47.3978,-4.043,44.026122
PHL,1950,15.5222,32.691,18.849528
PHL,1951,15.4485,33.207,19.568081
PHL,1952,15.3743,33.795,20.328752
PHL,1953,15.3105,34.408,21.1325
PHL,1954,15.2561,34.897,21.982503
PHL,1955,15.2009,35.343,22.880573
PHL,1956,15.1361,35.785,23.82581
PHL,1957,15.063,36.107,24.815855
PHL,1958,14.9834,36.403,25.842524
PHL,1959,14.8919,36.725,26.907607
PHL,1960,14.7437,37.144,27.891897
PHL,1961,14.5652,36.967,28.792621
PHL,1962,14.4201,36.737,29.723536
PHL,1963,14.3293,36.401,30.674731
PHL,1964,14.3123,35.761,31.643032
PHL,1965,14.3344,35.129,32.625316
PHL,1966,14.3608,34.402,33.61717
PHL,1967,14.4043,33.699,34.62132
PHL,1968,14.476,32.89,35.638342
PHL,1969,14.5676,32.359,36.660799
PHL,1970,14.6412,31.868,37.622204
PHL,1971,14.7038,31.42,38.518659
PHL,1972,14.7861,30.613,39.40856
PHL,1973,14.8912,29.937,40.29413
PHL,1974,15.0111,29.603,41.174341
PHL,1975,15.164,29.417,42.120826
PHL,1976,15.3709,29.126,43.201488
PHL,1977,15.5952,29.616,44.367962
PHL,1978,15.8076,29.943,45.575281
PHL,1979,16.0092,29.783,46.807103
PHL,1980,16.2046,29.426,48.04374
PHL,1981,16.4013,29.133,49.311727
PHL,1982,16.6127,29.308,50.695707
PHL,1983,16.8237,29.547,52.19462
PHL,1984,17.014,29.406,53.726181
PHL,1985,17.1713,29.233,55.213006
PHL,1986,17.2959,28.802,56.645078
PHL,1987,17.4236,28.738,58.157496
PHL,1988,17.5515,28.581,59.739052
PHL,1989,17.6557,28.211,61.26526
PHL,1990,17.7664,27.836,62.854666
PHL,1991,17.8458,27.681,64.382248
PHL,1992,17.9242,26.837,65.926125
PHL,1993,18.0209,26.483,67.530621
PHL,1994,18.0857,26.28,69.019291
PHL,1995,18.1535,26.18,70.546246
PHL,1996,18.2563,25.621,72.190242
PHL,1997,18.3954,25.181,73.90881
PHL,1998,18.5846,24.678,75.791024
PHL,1999,18.7953,24.361,77.753257
PHL,2000,18.9912,23.891,79.625397
PHL,2001,19.1694,23.724,81.401488
PHL,2002,19.3334,23.108,83.068888
PHL,2003,19.5131,22.694,84.731835
PHL,2004,19.7078,22.273,86.394504
PHL,2005,19.9106,21.797,88.015962
PHL,2006,20.0912,21.9,89.508986
PHL,2007,20.2746,21.572,91.075184
PHL,2008,20.4632,21.657,92.699095
PHL,2009,20.653,21.461,94.38425
PHL,2010,20.8795,21.082,96.337125
PHL,2011,21.1111,20.544,98.248614
PHL,2012,21.3587,19.761,100.175512
PHL,2013,21.6219,19.052,102.076336
PHL,2014,21.8886,17.846,103.76713
PHL,2015,22.2128,17.35,105.312992
PHL,2016,22.5829,16.098,106.735719
PHL,2017,22.9542,15.006,108.119693
PHL,2018,23.3255,13.665,109.465287
PHL,2019,23.689,12.208,110.804684
PHL,2020,24.0748,11.186,112.081264
PHL,2021,24.4682,8.116,113.10095
PHL,2022,24.8663,9.791,113.964338
PHL,2023,25.2867,9.783,114.891199
PHL,2024,25.7118,9.544,115.84367
PHL,2025,26.1401,9.339,116.786962
PHL,2026,26.5669,9.157,117.724472
PHL,2027,26.9909,8.972,118.656413
PHL,2028,27.4115,8.801,119.583981
PHL,2029,27.8266,8.608,120.502129
PHL,2030,28.2357,8.422,121.408895
PHL,2031,28.6346,8.226,122.301597
PHL,2032,29.0233,8.05,123.18033
PHL,2033,29.4013,7.877,124.049028
PHL,2034,29.7732,7.703,124.904114
PHL,2035,30.1415,7.485,125.740972
PHL,2036,30.5081,7.26,126.558226
PHL,2037,30.8739,7.007,127.352596
PHL,2038,31.2395,6.721,128.118527
PHL,2039,31.6078,6.419,128.850041
PHL,2040,31.9804,6.12,129.546659
PHL,2041,32.3613,5.815,130.209802
PHL,2042,32.7471,5.509,130.836996
PHL,2043,33.1367,5.206,131.427393
PHL,2044,33.5254,4.871,131.979664
PHL,2045,33.9163,4.533,132.492032
PHL,2046,34.3126,4.187,132.962
PHL,2047,34.7124,3.822,133.385286
PHL,2048,35.1153,3.459,133.75943
PHL,2049,35.5168,3.098,134.089
PHL,2050,35.9154,2.747,134.373439
PHL,2051,36.3077,2.414,134.612611
PHL,2052,36.6957,2.086,134.805056
PHL,2053,37.0806,1.774,134.952918
PHL,2054,37.471,1.486,135.064723
PHL,2055,37.8621,1.204,135.13913
PHL,2056,38.2517,0.945,135.174396
PHL,2057,38.6345,0.701,135.179348
PHL,2058,39.0072,0.462,135.160428
PHL,2059,39.3709,0.25,135.111092
PHL,2060,39.6942,0.075,135.032258
PHL,2061,39.9599,-0.092,134.929665
PHL,2062,40.1526,-0.26,134.803103
PHL,2063,40.3232,-0.417,134.655396
PHL,2064,40.4886,-0.566,134.488179
PHL,2065,40.6536,-0.732,134.297168
PHL,2066,40.8158,-0.892,134.087428
PHL,2067,40.9749,-1.065,133.857778
PHL,2068,41.1339,-1.223,133.604836
PHL,2069,41.293,-1.401,133.330833
PHL,2070,41.4533,-1.602,133.031693
PHL,2071,41.6148,-1.791,132.708728
PHL,2072,41.7781,-1.995,132.359787
PHL,2073,41.9432,-2.216,131.983146
PHL,2074,42.1103,-2.443,131.578396
PHL,2075,42.2797,-2.652,131.147053
PHL,2076,42.452,-2.9,130.689897
PHL,2077,42.629,-3.145,130.199118
PHL,2078,42.8099,-3.367,129.679234
PHL,2079,42.9926,-3.586,129.138727
PHL,2080,43.1772,-3.804,128.572068
PHL,2081,43.3634,-4.013,127.98017
PHL,2082,43.5493,-4.226,127.366036
PHL,2083,43.7337,-4.412,126.729965
PHL,2084,43.9163,-4.602,126.072691
PHL,2085,44.0975,-4.794,125.3921
PHL,2086,44.2764,-4.942,124.693115
PHL,2087,44.4516,-5.089,123.981062
PHL,2088,44.6226,-5.215,123.258336
PHL,2089,44.7894,-5.312,122.526225
PHL,2090,44.9513,-5.412,121.785757
PHL,2091,45.1071,-5.519,121.03642
PHL,2092,45.2561,-5.587,120.281079
PHL,2093,45.3966,-5.662,119.523821
PHL,2094,45.5275,-5.723,118.766197
PHL,2095,45.6487,-5.776,118.006074
PHL,2096,45.7602,-5.813,117.242732
PHL,2097,45.8607,-5.846,116.482513
PHL,2098,45.9509,-5.851,115.726784
PHL,2099,46.0329,-5.845,114.972808
PHL,2100,46.1075,-5.842,114.221909
SGP,1950,18.8835,32.033,1.013314
SGP,1951,18.5991,31.96,1.068035
SGP,1952,18.358,32.148,1.12609
SGP,1953,18.1536,32.378,1.18752
SGP,1954,17.9839,33.018,1.252281
SGP,1955,17.86,33.623,1.32023
SGP,1956,17.7896,34.31,1.390956
SGP,1957,17.7079,34.253,1.458271
SGP,1958,17.5581,33.878,1.515727
SGP,1959,17.3731,32.752,1.567754
SGP,1960,17.1738,30.486,1.619322
SGP,1961,16.9591,28.387,1.670461
SGP,1962,16.7896,27.187,1.721176
SGP,1963,16.7313,26.811,1.771513
SGP,1964,16.7917,25.643,1.821466
SGP,1965,16.9535,23.93,1.870822
SGP,1966,17.1985,22.96,1.91909
SGP,1967,17.5043,20.146,1.965679
SGP,1968,17.8597,18.121,2.010092
SGP,1969,18.2547,16.639,2.052157
SGP,1970,18.6752,16.192,2.091558
SGP,1971,19.1039,16.579,2.128433
SGP,1972,19.5376,17.357,2.164334
SGP,1973,19.98,16.442,2.200137
SGP,1974,20.4421,14.075,2.235075
SGP,1975,20.9307,12.599,2.268523
SGP,1976,21.4437,13.39,2.300743
SGP,1977,21.9793,11.621,2.331545
SGP,1978,22.5372,11.788,2.360602
SGP,1979,23.1138,12.241,2.388157
SGP,1980,23.7169,12.059,2.437493
SGP,1981,24.3228,12.211,2.531802
SGP,1982,24.8685,12.511,2.627417
SGP,1983,25.3566,11.539,2.685981
SGP,1984,25.8287,11.613,2.720923
SGP,1985,26.2987,11.714,2.73503
SGP,1986,26.7866,9.511,2.744654
SGP,1987,27.2816,10.881,2.781615
SGP,1988,27.7197,13.407,2.849045
SGP,1989,28.106,10.896,2.938655
SGP,1990,28.4622,11.47,3.039591
SGP,1991,28.7859,10.766,3.136291
SGP,1992,29.0965,10.663,3.226464
SGP,1993,29.4056,10.63,3.317892
SGP,1994,29.7,10.119,3.417817
SGP,1995,29.9677,9.596,3.533624
SGP,1996,30.203,9.28,3.66456
SGP,1997,30.4197,8.656,3.796622
SGP,1998,30.6638,7.58,3.901418
SGP,1999,30.9595,7.341,3.966557
SGP,2000,31.226,8.269,4.035245
SGP,2001,31.4414,6.859,4.116166
SGP,2002,31.6782,6.803,4.146892
SGP,2003,31.9494,5.926,4.138245
SGP,2004,32.2274,5.763,4.172768
SGP,2005,32.4479,5.771,4.268364
SGP,2006,32.5756,5.699,4.407058
SGP,2007,32.5779,5.631,4.596515
SGP,2008,32.5152,5.428,4.806741
SGP,2009,32.553,5.141,4.968568
SGP,2010,32.6881,4.517,5.077014
SGP,2011,32.8086,4.842,5.182239
SGP,2012,32.9008,5.431,5.29334
SGP,2013,33.0239,4.654,5.385588
SGP,2014,33.1794,4.989,5.4579
SGP,2015,33.3378,4.641,5.52534
SGP,2016,33.5289,4.293,5.57793
SGP,2017,33.7745,4.193,5.604078
SGP,2018,33.9989,4.286,5.63437
SGP,2019,34.1861,4.154,5.669562
SGP,2020,34.4809,3.97,5.62015
SGP,2021,34.8082,3.525,5.54629
SGP,2022,34.8777,2.979,5.649884
SGP,2023,35.1016,3.41,5.78909
SGP,2024,35.6503,3.403,5.832387
SGP,2025,36.2049,3.403,5.87075
SGP,2026,36.7697,3.344,5.905748
SGP,2027,37.3412,3.245,5.939546
SGP,2028,37.9091,3.128,5.973348
SGP,2029,38.4794,2.936,6.004088
SGP,2030,39.0546,2.707,6.031377
SGP,2031,39.6267,2.416,6.058404
SGP,2032,40.1956,2.108,6.085224
SGP,2033,40.763,1.774,6.111153
SGP,2034,41.3328,1.396,6.134781
SGP,2035,41.913,0.972,6.153232
SGP,2036,42.5031,0.522,6.16685
SGP,2037,43.0957,0.032,6.178212
SGP,2038,43.6886,-0.474,6.188054
SGP,2039,44.2885,-0.987,6.193922
SGP,2040,44.8968,-1.493,6.194782
SGP,2041,45.5113,-1.969,6.191329
SGP,2042,46.1264,-2.414,6.185384
SGP,2043,46.7368,-2.817,6.178282
SGP,2044,47.3486,-3.178,6.168175
SGP,2045,47.9575,-3.495,6.156188
SGP,2046,48.5595,-3.761,6.143609
SGP,2047,49.1617,-4.008,6.128164
SGP,2048,49.7517,-4.218,6.113208
SGP,2049,50.3299,-4.382,6.098708
SGP,2050,50.9064,-4.533,6.081692
SGP,2051,51.4723,-4.666,6.064528
SGP,2052,52.0189,-4.785,6.050282
SGP,2053,52.557,-4.853,6.036534
SGP,2054,53.1022,-4.93,6.018494
SGP,2055,53.6422,-5.002,5.999239
SGP,2056,54.1659,-5.067,5.981474
SGP,2057,54.6699,-5.123,5.9642
SGP,2058,55.1638,-5.19,5.94489
SGP,2059,55.6421,-5.285,5.924037
SGP,2060,56.1036,-5.371,5.901726
SGP,2061,56.5434,-5.511,5.878372
SGP,2062,56.9508,-5.658,5.855449
SGP,2063,57.3214,-5.831,5.832833
SGP,2064,57.6544,-6.009,5.80925
SGP,2065,57.962,-6.23,5.781338
SGP,2066,58.2295,-6.482,5.750388
SGP,2067,58.4101,-6.788,5.720928
SGP,2068,58.4815,-7.075,5.692406
SGP,2069,58.4528,-7.396,5.661829
SGP,2070,58.3316,-7.713,5.631285
SGP,2071,58.1819,-8.049,5.600253
SGP,2072,58.0459,-8.399,5.566913
SGP,2073,57.9172,-8.753,5.531142
SGP,2074,57.8296,-9.112,5.490633
SGP,2075,57.765,-9.478,5.446022
SGP,2076,57.665,-9.856,5.402486
SGP,2077,57.5545,-10.204,5.358724
SGP,2078,57.4705,-10.556,5.311673
SGP,2079,57.3955,-10.908,5.261722
SGP,2080,57.3164,-11.236,5.209688
SGP,2081,57.2522,-11.566,5.156376
SGP,2082,57.2196,-11.877,5.101496
SGP,2083,57.1991,-12.162,5.046182
SGP,2084,57.1805,-12.417,4.991237
SGP,2085,57.1694,-12.623,4.935581
SGP,2086,57.1706,-12.832,4.87838
SGP,2087,57.1719,-12.987,4.821058
SGP,2088,57.1629,-13.094,4.764824
SGP,2089,57.1543,-13.171,4.707955
SGP,2090,57.1396,-13.19,4.651262
SGP,2091,57.1084,-13.168,4.59628
SGP,2092,57.0537,-13.093,4.543642
SGP,2093,56.9782,-12.946,4.492711
SGP,2094,56.9001,-12.759,4.440956
SGP,2095,56.8043,-12.545,4.390131
SGP,2096,56.6822,-12.273,4.341143
SGP,2097,56.5366,-12,4.293577
SGP,2098,56.3684,-11.679,4.247438
SGP,2099,56.1766,-11.287,4.203658
SGP,2100,55.9617,-10.886,4.163012
THA,1950,17.5379,25.031,20.428402
THA,1951,17.5203,25.858,20.965182
THA,1952,17.4946,26.497,21.527582
THA,1953,17.4588,27.12,22.109323
THA,1954,17.4183,27.508,22.713338
THA,1955,17.385,27.812,23.343181
THA,1956,17.3511,28.087,23.997265
THA,1957,17.294,28.309,24.67483
THA,1958,17.1926,28.516,25.367005
THA,1959,17.0637,28.687,26.088013
THA,1960,16.9266,28.832,26.851747
THA,1961,16.78,28.974,27.650334
THA,1962,16.6288,29.098,28.48104
THA,1963,16.4817,29.334,29.342322
THA,1964,16.3524,29.278,30.232141
THA,1965,16.2432,29.182,31.149337
THA,1966,16.1639,28.968,32.086071
THA,1967,16.1422,28.603,33.037801
THA,1968,16.1672,28.051,34.00256
THA,1969,16.2307,27.115,34.973782
THA,1970,16.341,26.064,35.954408
THA,1971,16.4866,25.346,36.937387
THA,1972,16.6586,24.791,37.93393
THA,1973,16.8575,23.969,38.947787
THA,1974,17.0784,23.106,39.952891
THA,1975,17.3191,22.276,40.940005
THA,1976,17.5777,21.34,41.896504
THA,1977,17.8649,20.335,42.843974
THA,1978,18.1813,19.361,43.788976
THA,1979,18.5118,18.861,44.718434
THA,1980,18.8515,18.523,45.650022
THA,1981,19.2012,18.02,46.575855
THA,1982,19.5714,17.222,47.494577
THA,1983,19.9737,16.402,48.423309
THA,1984,20.4044,15.802,49.351708
THA,1985,20.8528,15.455,50.270753
THA,1986,21.309,15.308,51.177834
THA,1987,21.7706,14.873,52.074105
THA,1988,22.2407,14.447,52.969595
THA,1989,22.7103,14.384,53.848956
THA,1990,23.2402,13.899,54.738329
THA,1991,23.8271,13.669,55.637434
THA,1992,24.4194,13.356,56.528834
THA,1993,25.0102,12.85,57.408198
THA,1994,25.5874,12.231,58.260854
THA,1995,26.1637,11.552,59.098232
THA,1996,26.738,11.038,59.920064
THA,1997,27.3123,10.619,60.724584
THA,1998,27.8972,10.034,61.52263
THA,1999,28.4904,9.279,62.299044
THA,2000,29.0199,8.632,63.007815
THA,2001,29.4692,8.236,63.651141
THA,2002,29.9007,7.847,64.266437
THA,2003,30.3324,7.523,64.868166
THA,2004,30.7679,7.128,65.452047
THA,2005,31.2093,6.913,66.01742
THA,2006,31.6586,6.628,66.567687
THA,2007,32.1152,6.339,67.102394
THA,2008,32.578,5.941,67.61983
THA,2009,33.0482,5.617,68.12108
THA,2010,33.5105,5.402,68.579447
THA,2011,33.9595,5.299,69.007208
THA,2012,34.404,5.062,69.436098
THA,2013,34.8522,4.654,69.845114
THA,2014,35.3113,4.196,70.216367
THA,2015,35.7812,3.776,70.540795
THA,2016,36.2511,3.193,70.859841
THA,2017,36.7232,2.736,71.160187
THA,2018,37.2133,2.233,71.376079
THA,2019,37.7142,1.634,71.522271
THA,2020,38.212,1.174,71.641484
THA,2021,38.7107,0.8,71.727332
THA,2022,39.1938,-0.851,71.735329
THA,2023,39.6581,-0.643,71.702435
THA,2024,40.1139,-0.917,71.668011
THA,2025,40.551,-1.137,71.619863
THA,2026,40.9776,-1.339,71.559614
THA,2027,41.3911,-1.55,71.488156
THA,2028,41.7919,-1.731,71.406994
THA,2029,42.1801,-1.929,71.316193
THA,2030,42.5585,-2.113,71.215022
THA,2031,42.928,-2.285,71.104021
THA,2032,43.291,-2.478,70.982289
THA,2033,43.648,-2.676,70.847953
THA,2034,43.9994,-2.891,70.701654
THA,2035,44.3482,-3.101,70.540884
THA,2036,44.6938,-3.32,70.366494
THA,2037,45.0348,-3.551,70.180037
THA,2038,45.3687,-3.785,69.979037
THA,2039,45.6924,-4.028,69.763933
THA,2040,46.0039,-4.264,69.535002
THA,2041,46.3021,-4.531,69.288472
THA,2042,46.5945,-4.789,69.02535
THA,2043,46.8847,-5.048,68.748083
THA,2044,47.1798,-5.318,68.45653
THA,2045,47.4719,-5.573,68.150152
THA,2046,47.7487,-5.849,67.827311
THA,2047,47.9965,-6.101,67.489358
THA,2048,48.203,-6.358,67.136738
THA,2049,48.3881,-6.624,66.767317
THA,2050,48.5719,-6.869,66.382735
THA,2051,48.7635,-7.106,65.985159
THA,2052,48.9625,-7.333,65.572758
THA,2053,49.162,-7.541,65.149673
THA,2054,49.3612,-7.736,64.717022
THA,2055,49.5604,-7.9,64.274511
THA,2056,49.7583,-8.09,63.824141
THA,2057,49.9537,-8.228,63.366876
THA,2058,50.1449,-8.356,62.905908
THA,2059,50.3301,-8.46,62.442759
THA,2060,50.5111,-8.537,61.977019
THA,2061,50.6873,-8.609,61.511688
THA,2062,50.8594,-8.663,61.047652
THA,2063,51.0316,-8.686,60.584869
THA,2064,51.2057,-8.713,60.125173
THA,2065,51.3742,-8.742,59.666022
THA,2066,51.5287,-8.762,59.210715
THA,2067,51.6666,-8.759,58.759723
THA,2068,51.79,-8.756,58.30904
THA,2069,51.8938,-8.757,57.861113
THA,2070,51.9757,-8.751,57.416222
THA,2071,52.0373,-8.752,56.975327
THA,2072,52.0764,-8.734,56.539084
THA,2073,52.0974,-8.733,56.105241
THA,2074,52.1031,-8.728,55.673954
THA,2075,52.0963,-8.721,55.247482
THA,2076,52.0813,-8.727,54.825826
THA,2077,52.0596,-8.732,54.406787
THA,2078,52.0313,-8.743,53.99032
THA,2079,52.0004,-8.75,53.575266
THA,2080,51.9696,-8.746,53.163038
THA,2081,51.94,-8.744,52.755702
THA,2082,51.9147,-8.758,52.350172
THA,2083,51.8951,-8.777,51.945563
THA,2084,51.8813,-8.78,51.542596
THA,2085,51.8716,-8.794,51.142866
THA,2086,51.8641,-8.799,50.747819
THA,2087,51.8588,-8.815,50.356162
THA,2088,51.8553,-8.805,49.968249
THA,2089,51.8563,-8.811,49.58099
THA,2090,51.8603,-8.812,49.194782
THA,2091,51.8643,-8.801,48.813232
THA,2092,51.8702,-8.782,48.434179
THA,2093,51.8782,-8.755,48.0582
THA,2094,51.8854,-8.72,47.68674
THA,2095,51.8914,-8.664,47.319148
THA,2096,51.8968,-8.631,46.955949
THA,2097,51.9,-8.584,46.598082
THA,2098,51.9002,-8.536,46.245564
THA,2099,51.8968,-8.486,45.898054
THA,2100,51.89,-8.434,45.555065
TLS,1950,17.1373,7.37,0.414762
TLS,1951,17.2091,9.409,0.41826
TLS,1952,17.2706,10.39,0.422422
TLS,1953,17.3485,11.135,0.426988
TLS,1954,17.4471,11.764,0.431907
TLS,1955,17.57,12.339,0.43715
TLS,1956,17.7121,12.888,0.442699
TLS,1957,17.8596,13.43,0.448561
TLS,1958,17.9986,13.976,0.454748
TLS,1959,18.1257,14.495,0.461269
TLS,1960,18.2478,14.979,0.468118
TLS,1961,18.3689,15.422,0.475292
TLS,1962,18.4901,15.823,0.482774
TLS,1963,18.6137,16.182,0.490564
TLS,1964,18.7425,16.515,0.498658
TLS,1965,18.8785,16.816,0.507034
TLS,1966,19.0226,17.085,0.515696
TLS,1967,19.1742,17.324,0.524648
TLS,1968,19.3032,17.523,0.533875
TLS,1969,19.4323,17.689,0.543356
TLS,1970,19.5201,17.763,0.553069
TLS,1971,19.4941,17.7,0.562966
TLS,1972,19.4121,17.504,0.572962
TLS,1973,19.3576,17.214,0.582854
TLS,1974,19.3147,14.225,0.590826
TLS,1975,19.372,-1.776,0.598158
TLS,1976,19.5114,1.288,0.60762
TLS,1977,19.6602,0.48,0.618315
TLS,1978,19.8448,-1.591,0.628776
TLS,1979,20.0067,1.545,0.638719
TLS,1980,20.049,10.679,0.649872
TLS,1981,19.8422,14.134,0.660493
TLS,1982,19.5097,14.315,0.669149
TLS,1983,19.2415,14.292,0.677706
TLS,1984,19.0171,15.904,0.686777
TLS,1985,18.821,15.484,0.696665
TLS,1986,18.6442,15.642,0.707185
TLS,1987,18.4703,16.625,0.718476
TLS,1988,18.2824,16.584,0.730744
TLS,1989,18.1231,23.841,0.744856
TLS,1990,18.0387,24.124,0.760344
TLS,1991,18.0194,23.905,0.778278
TLS,1992,18.0089,24.872,0.799318
TLS,1993,17.964,25.286,0.821436
TLS,1994,17.8928,25.751,0.844493
TLS,1995,17.8068,25.297,0.868146
TLS,1996,17.7195,25.444,0.892282
TLS,1997,17.6405,25.623,0.917184
TLS,1998,17.5875,25.029,0.94253
TLS,1999,17.5394,26.202,0.834697
TLS,2000,17.4858,28.962,0.745088
TLS,2001,17.4758,28.703,0.812249
TLS,2002,17.4921,28.902,0.879158
TLS,2003,17.5342,29.338,0.916878
TLS,2004,17.6055,28.793,0.929074
TLS,2005,17.6379,27.852,0.948311
TLS,2006,17.6221,26.849,0.976597
TLS,2007,17.6183,25.947,1.004889
TLS,2008,17.6422,25.075,1.032429
TLS,2009,17.7097,24.27,1.058782
TLS,2010,17.8173,23.523,1.084679
TLS,2011,17.9528,22.731,1.110207
TLS,2012,18.1102,21.932,1.134885
TLS,2013,18.2874,21.177,1.158695
TLS,2014,18.482,20.34,1.181903
TLS,2015,18.7066,19.41,1.205131
TLS,2016,18.9799,18.544,1.228312
TLS,2017,19.2722,17.692,1.251703
TLS,2018,19.5494,16.968,1.275959
TLS,2019,19.8131,16.378,1.300945
TLS,2020,20.0725,15.962,1.326053
TLS,2021,20.3407,14.888,1.350139
TLS,2022,20.6404,15.062,1.369295
TLS,2023,20.9693,14.806,1.384286
TLS,2024,21.3249,14.549,1.400638
TLS,2025,21.7026,14.442,1.418517
TLS,2026,22.089,14.315,1.436923
TLS,2027,22.4839,14.207,1.456334
TLS,2028,22.8848,14.093,1.476843
TLS,2029,23.2879,14,1.498109
TLS,2030,23.6885,13.827,1.519804
TLS,2031,24.0832,13.674,1.540656
TLS,2032,24.4681,13.491,1.559706
TLS,2033,24.8459,13.226,1.578117
TLS,2034,25.2184,12.952,1.597444
TLS,2035,25.5829,12.717,1.618798
TLS,2036,25.9381,12.485,1.639719
TLS,2037,26.2848,12.23,1.65933
TLS,2038,26.6274,11.965,1.678953
TLS,2039,26.9677,11.694,1.698887
TLS,2040,27.3092,11.452,1.718249
TLS,2041,27.6576,11.153,1.736472
TLS,2042,28.0108,10.823,1.755842
TLS,2043,28.373,10.49,1.776065
TLS,2044,28.753,10.139,1.793755
TLS,2045,29.149,9.737,1.809633
TLS,2046,29.5523,9.313,1.825545
TLS,2047,29.961,8.894,1.841554
TLS,2048,30.3704,8.508,1.858307
TLS,2049,30.7864,8.144,1.873844
TLS,2050,31.2027,7.764,1.889249
TLS,2051,31.6223,7.467,1.90281
TLS,2052,32.0432,7.114,1.914566
TLS,2053,32.4315,6.806,1.929098
TLS,2054,32.8138,6.591,1.941285
TLS,2055,33.1827,6.282,1.951794
TLS,2056,33.5027,6.037,1.965166
TLS,2057,33.8029,5.811,1.9782
TLS,2058,34.0987,5.573,1.989852
TLS,2059,34.3947,5.335,2.000693
TLS,2060,34.7011,5.095,2.009637
TLS,2061,35.0225,4.845,2.016254
TLS,2062,35.3415,4.562,2.02262
TLS,2063,35.6415,4.281,2.030463
TLS,2064,35.9329,4.025,2.038603
TLS,2065,36.2263,3.757,2.045914
TLS,2066,36.5104,3.487,2.05355
TLS,2067,36.7892,3.222,2.061001
TLS,2068,37.0688,2.944,2.067558
TLS,2069,37.3443,2.653,2.073625
TLS,2070,37.6316,2.372,2.077649
TLS,2071,37.8985,2.063,2.082758
TLS,2072,38.1489,1.795,2.08847
TLS,2073,38.426,1.48,2.090504
TLS,2074,38.7023,1.142,2.091541
TLS,2075,38.9719,0.831,2.092209
TLS,2076,39.2366,0.525,2.092348
TLS,2077,39.4937,0.206,2.092184
TLS,2078,39.7574,-0.091,2.09044
TLS,2079,40.0006,-0.391,2.089593
TLS,2080,40.2351,-0.645,2.088569
TLS,2081,40.4859,-0.918,2.085224
TLS,2082,40.7245,-1.189,2.082061
TLS,2083,40.961,-1.433,2.078169
TLS,2084,41.2053,-1.677,2.072688
TLS,2085,41.4395,-1.904,2.067098
TLS,2086,41.6447,-2.109,2.062916
TLS,2087,41.851,-2.264,2.057646
TLS,2088,42.0644,-2.455,2.050838
TLS,2089,42.2655,-2.635,2.043953
TLS,2090,42.4547,-2.809,2.03693
TLS,2091,42.6244,-2.942,2.030368
TLS,2092,42.7755,-3.076,2.024162
TLS,2093,42.9021,-3.17,2.018794
TLS,2094,43.025,-3.263,2.012785
TLS,2095,43.1575,-3.345,2.00531
TLS,2096,43.2885,-3.462,1.9973
TLS,2097,43.4003,-3.562,1.990091
TLS,2098,43.4975,-3.634,1.983506
TLS,2099,43.5793,-3.695,1.977727
TLS,2100,43.6438,-3.734,1.972924
VNM,1950,23.0854,21.443,25.100738
VNM,1951,22.9298,18.002,25.600268
VNM,1952,22.7249,23.961,26.143917
VNM,1953,22.4818,22.484,26.757964
VNM,1954,22.2496,26.916,27.427909
VNM,1955,22.0437,26.23,28.166446
VNM,1956,21.8713,26.724,28.922309
VNM,1957,21.5985,29.956,29.754428
VNM,1958,21.2009,29.901,30.658446
VNM,1959,20.7257,29.681,31.585547
VNM,1960,20.1894,29.364,32.531933
VNM,1961,19.7201,23.915,33.409059
VNM,1962,19.2393,27.999,34.28856
VNM,1963,18.666,27.265,35.249101
VNM,1964,18.1334,26.248,36.201563
VNM,1965,17.6862,24.61,37.129656
VNM,1966,17.343,23.045,38.024836
VNM,1967,17.2203,22.164,38.89508
VNM,1968,17.2392,20.514,39.734609
VNM,1969,17.218,21.644,40.582096
VNM,1970,17.215,21.842,41.47523
VNM,1971,17.2742,22.692,42.449276
VNM,1972,17.3444,21.219,43.429168
VNM,1973,17.4068,23.907,44.409861
VNM,1974,17.4705,22.031,45.413538
VNM,1975,17.5767,25.282,46.482903
VNM,1976,17.7428,25.849,47.684931
VNM,1977,17.9426,25.724,48.954872
VNM,1978,18.1398,25.612,50.249552
VNM,1979,18.29,25.586,51.37821
VNM,1980,18.3811,25.178,52.490101
VNM,1981,18.4677,25.28,53.73814
VNM,1982,18.5722,25.594,55.011289
VNM,1983,18.7026,25.807,56.337921
VNM,1984,18.8157,25.603,57.706066
VNM,1985,18.9115,24.618,59.060622
VNM,1986,18.9951,23.331,60.347048
VNM,1987,19.0847,22.075,61.584651
VNM,1988,19.2072,21.802,62.843228
VNM,1989,19.3411,22.193,64.147348
VNM,1990,19.4769,22.123,65.504552
VNM,1991,19.6253,21.816,66.891775
VNM,1992,19.8018,20.802,68.260337
VNM,1993,20.0215,19.693,69.586384
VNM,1994,20.2924,18.228,70.854391
VNM,1995,20.6063,16.706,72.04994
VNM,1996,20.9588,15.155,73.156447
VNM,1997,21.3502,13.851,74.226888
VNM,1998,21.7857,12.736,75.29966
VNM,1999,22.2418,12.132,76.287452
VNM,2000,22.686,12.532,77.154011
VNM,2001,23.1147,12.641,77.969361
VNM,2002,23.5389,12.586,78.772224
VNM,2003,23.9595,12.587,79.563777
VNM,2004,24.3773,12.266,80.338972
VNM,2005,24.8012,11.618,81.088313
VNM,2006,25.2986,11.477,82.167897
VNM,2007,25.8423,11.738,83.633375
VNM,2008,26.3403,11.836,85.175788
VNM,2009,26.7845,11.656,86.460018
VNM,2010,27.1907,11.498,87.455152
VNM,2011,27.6035,11.641,88.468314
VNM,2012,28.0177,11.884,89.510356
VNM,2013,28.4264,11.831,90.573104
VNM,2014,28.8185,12.557,91.679578
VNM,2015,29.1926,12.345,92.823254
VNM,2016,29.5174,11.118,94.000117
VNM,2017,29.819,10.526,95.176977
VNM,2018,30.1749,9.175,96.237319
VNM,2019,30.5859,9.213,97.173776
VNM,2020,31.0268,9.421,98.079191
VNM,2021,31.4759,8.082,98.935098
VNM,2022,31.9384,7.784,99.680655
VNM,2023,32.4294,7.254,100.352192
VNM,2024,32.9257,6.777,100.987686
VNM,2025,33.4196,6.349,101.598527
VNM,2026,33.9036,5.989,102.177431
VNM,2027,34.3716,5.664,102.727396
VNM,2028,34.8262,5.391,103.255744
VNM,2029,35.2672,5.168,103.761156
VNM,2030,35.6855,4.989,104.254902
VNM,2031,36.0789,4.821,104.737911
VNM,2032,36.4481,4.676,105.2044
VNM,2033,36.7879,4.552,105.65631
VNM,2034,37.0928,4.423,106.09752
VNM,2035,37.352,4.284,106.530676
VNM,2036,37.5592,4.135,106.945841
VNM,2037,37.7214,3.976,107.346042
VNM,2038,37.8673,3.771,107.732021
VNM,2039,38.0361,3.561,108.097656
VNM,2040,38.1974,3.322,108.437634
VNM,2041,38.3315,3.063,108.752199
VNM,2042,38.4773,2.757,109.040311
VNM,2043,38.6493,2.423,109.292561
VNM,2044,38.8351,2.089,109.506264
VNM,2045,39.0176,1.745,109.685398
VNM,2046,39.2132,1.403,109.827659
VNM,2047,39.4366,1.062,109.930239
VNM,2048,39.6842,0.729,109.994024
VNM,2049,39.9503,0.394,110.018019
VNM,2050,40.2299,0.082,110.008908
VNM,2051,40.4973,-0.229,109.963189
VNM,2052,40.765,-0.525,109.881108
VNM,2053,41.0512,-0.803,109.772784
VNM,2054,41.4174,-1.061,109.638182
VNM,2055,41.8123,-1.284,109.478382
VNM,2056,42.2135,-1.466,109.300481
VNM,2057,42.5817,-1.648,109.103614
VNM,2058,42.9262,-1.811,108.883031
VNM,2059,43.2648,-1.941,108.644606
VNM,2060,43.583,-2.082,108.396977
VNM,2061,43.8766,-2.213,108.138073
VNM,2062,44.1417,-2.338,107.862806
VNM,2063,44.3763,-2.46,107.57443
VNM,2064,44.5835,-2.568,107.277412
VNM,2065,44.7774,-2.687,106.969671
VNM,2066,44.9744,-2.804,106.646598
VNM,2067,45.1564,-2.937,106.311292
VNM,2068,45.3172,-3.052,105.970083
VNM,2069,45.4567,-3.174,105.622489
VNM,2070,45.5771,-3.302,105.260846
VNM,2071,45.6797,-3.414,104.886214
VNM,2072,45.767,-3.544,104.498443
VNM,2073,45.843,-3.667,104.0957
VNM,2074,45.9094,-3.779,103.685023
VNM,2075,45.9696,-3.893,103.266526
VNM,2076,46.0289,-4.008,102.840319
VNM,2077,46.0931,-4.106,102.402542
VNM,2078,46.1649,-4.182,101.955096
VNM,2079,46.2462,-4.248,101.500588
VNM,2080,46.3396,-4.316,101.038822
VNM,2081,46.4457,-4.37,100.573257
VNM,2082,46.5653,-4.423,100.103744
VNM,2083,46.6964,-4.442,99.635497
VNM,2084,46.8377,-4.438,99.172487
VNM,2085,46.9894,-4.446,98.712645
VNM,2086,47.1508,-4.464,98.251417
VNM,2087,47.3196,-4.475,97.78778
VNM,2088,47.4933,-4.479,97.326977
VNM,2089,47.6712,-4.466,96.868264
VNM,2090,47.8522,-4.492,96.406988
VNM,2091,48.0324,-4.519,95.946917
VNM,2092,48.2074,-4.555,95.490327
VNM,2093,48.3768,-4.584,95.033602
VNM,2094,48.5397,-4.619,94.576334
VNM,2095,48.6941,-4.681,94.117722
VNM,2096,48.8405,-4.74,93.650413
VNM,2097,48.9768,-4.823,93.176206
VNM,2098,49.102,-4.929,92.694015
VNM,2099,49.2158,-5.024,92.201784
VNM,2100,49.3161,-5.141,91.705108
