Region,Y1985,Y2019,growth,group
BRN,97197.3655473461,64157.5310819892,0.660074794421638,ASEAN
IDN,3323.50883910673,11415.0118018728,3.43462658126728,ASEAN
JPN,25141.6504064402,40246.8601593643,1.6008042236183,JPN
KHM,1049.45030328583,4414.17969718901,4.20618268761103,ASEAN
LAO,1795.26103817389,7761.89915895881,4.32354905159312,ASEAN
MMR,759.519285092484,5305.00033310719,6.98468154427602,ASEAN
MYS,8001.12524732404,24556.464618633,3.06912638654743,ASEAN
PHL,3701.05505575987,8392.78148205359,2.26767269214007,ASEAN
SGP,24020.1918489011,85438.6822562307,3.55695253367177,ASEAN
THA,4628.43953471316,17190.7485292239,3.71415644523252,ASEAN
VNM,1476.06227800987,7632.23981848766,5.17067601563395,ASEAN
