Economy,variable,value,year
Asia,Y96,79.1512294471491,1996
China,Y96,8.09764114805554,1996
AsiaNIES,Y96,28.3282658063784,1996
Hong Kong,Y96,9.40590402878996,1996
Taiwan,Y96,4.0482847069004,1996
Korea,Y96,3.46430926625014,1996
Singapore,Y96,11.4097678044379,1996
ASEAN4,Y96,41.5578037737961,1996
Thailand,Y96,15.751899867394,1996
Indonesia,Y96,17.1927954721389,1996
Malaysia,Y96,5.75046158417554,1996
Philippines,Y96,2.86264685008767,1996
India,Y96,0.78507614042473,1996
North America,Y96,97.8808488723366,1996
USA,Y96,94.3358260206105,1996
Canada,Y96,3.54502285172675,1996
Latin America,Y96,11.9808123068633,1996
Mexico,Y96,0.520288028173238,1996
Brazil,Y96,3.75616780284903,1996
Oceania,Y96,10.5012951681649,1996
Australia,Y96,9.20394181605061,1996
New Zealand,Y96,0.685411554097301,1996
Europe,Y96,47.719347015482,1996
Western Europe,Y96,47.5229231124105,1996
Germany,Y96,4.2171745379518,1996
UK,Y96,20.3201688063124,1996
France,Y96,1.515133629531,1996
Netherlands,Y96,8.44006424797418,1996
Italy,Y96,0.473508089394922,1996
"Belgium, Luxembourg",Y96,6.03336601219271,1996
Switzerland,Y96,2.96730227634886,1996
Sweden,Y96,0.122079578579389,1996
Spain,Y96,0.963602820890067,1996
"Eastern Europe, Russia, etc",Y96,0.19642390307146,1996
Russia,Y96,0.0527013942739891,1996
Middle East,Y96,0.966119973821081,1996
Saudi Arabia,Y96,0.486704438616431,1996
UAE,Y96,0.313513098946887,1996
Iran,Y96,0.00232726787809622,1996
Africa,Y96,0.440890186724634,1996
South Africa,Y96,0.0480600433148144,1996
OECD,Y96,155.912218588561,1996
ASEAN,Y96,53.2458768448097,1996
EU,Y96,43.5685951256398,1996
World,Y96,258.653464142559,1996
Asia,Y97,77.2577323468832,1997
China,Y97,21.248460591133,1997
AsiaNIES,Y97,33.3443657635468,1997
Hong Kong,Y97,8.29587438423646,1997
Taiwan,Y97,5.2178263546798,1997
Korea,Y97,8.83081896551724,1997
Singapore,Y97,10.9998460591133,1997
ASEAN4,Y97,20.4456588669951,1997
Thailand,Y97,5.72275246305419,1997
Indonesia,Y97,7.9071736453202,1997
Malaysia,Y97,4.70905172413793,1997
Philippines,Y97,2.10668103448276,1997
India,Y97,0.785339541635407,1997
North America,Y97,107.060498768473,1997
USA,Y97,102.336052955665,1997
Canada,Y97,4.72444581280788,1997
Latin America,Y97,14.5188712671655,1997
Mexico,Y97,1.01677955665025,1997
Brazil,Y97,5.49361277545244,1997
Oceania,Y97,13.2676295335686,1997
Australia,Y97,11.7581905250259,1997
New Zealand,Y97,0.695812807881774,1997
Europe,Y97,56.8120485272708,1997
Western Europe,Y97,55.6317680389348,1997
Germany,Y97,5.41203073939347,1997
UK,Y97,28.7961822660099,1997
France,Y97,2.78786945812808,1997
Netherlands,Y97,8.10575738916256,1997
Italy,Y97,0.695812807881774,1997
"Belgium, Luxembourg",Y97,4.37151391833695,1997
Switzerland,Y97,2.47921798029557,1997
Sweden,Y97,0.10344747099322,1997
Spain,Y97,0.92826354679803,1997
"Eastern Europe, Russia, etc",Y97,1.18028048833597,1997
Russia,Y97,0.938503204556404,1997
Middle East,Y97,1.24615147783251,1997
Saudi Arabia,Y97,0.567078766109103,1997
UAE,Y97,0.42487684729064,1997
Iran,Y97,0.00177361850472085,1997
Africa,Y97,0.671385368588618,1997
South Africa,Y97,0.255392360402983,1997
OECD,Y97,185.202044666574,1997
ASEAN,Y97,32.3435926827264,1997
EU,Y97,52.6388540395657,1997
World,Y97,271.966983484848,1997
Asia,Y98,71.0594864523903,1998
China,Y98,17.912292081021,1998
AsiaNIES,Y98,27.0845701809488,1998
Hong Kong,Y98,9.21191283791331,1998
Taiwan,Y98,4.25809233842688,1998
Korea,Y98,4.12000723051554,1998
Singapore,Y98,9.4945577740931,1998
ASEAN4,Y98,24.1060888117869,1998
Thailand,Y98,5.71827290872293,1998
Indonesia,Y98,11.5425200376528,1998
Malaysia,Y98,4.43878770485207,1998
Philippines,Y98,2.40650816055906,1998
India,Y98,0.989062074980659,1998
North America,Y98,115.071538386559,1998
USA,Y98,111.108204075444,1998
Canada,Y98,3.96333431111533,1998
Latin America,Y98,17.4303560009208,1998
Mexico,Y98,1.05007324790459,1998
Brazil,Y98,5.29852114590659,1998
Oceania,Y98,10.6744015296594,1998
Australia,Y98,8.45934689246987,1998
New Zealand,Y98,0.580424891112366,1998
Europe,Y98,52.9136944653931,1998
Western Europe,Y98,51.9020824060819,1998
Germany,Y98,4.71088797966504,1998
UK,Y98,24.8013320930793,1998
France,Y98,3.06125697932114,1998
Netherlands,Y98,9.28326506367377,1998
Italy,Y98,0.708212386891337,1998
"Belgium, Luxembourg",Y98,4.24351894443646,1998
Switzerland,Y98,2.20805064180942,1998
Sweden,Y98,0.127632697012892,1998
Spain,Y98,0.974185523728847,1998
"Eastern Europe, Russia, etc",Y98,1.0116120593112,1998
Russia,Y98,0.725214120385644,1998
Middle East,Y98,1.24279310831334,1998
Saudi Arabia,Y98,0.717004539010417,1998
UAE,Y98,0.278135548680556,1998
Iran,Y98,0.00691994103872843,1998
Africa,Y98,0.901378158650659,1998
South Africa,Y98,0.521838776715155,1998
OECD,Y98,181.414708475394,1998
ASEAN,Y98,34.0957410004892,1998
EU,Y98,49.1293661295626,1998
World,Y98,270.975495535257,1998
Asia,Y99,45.1327261559561,1999
China,Y99,7.33984773706897,1999
AsiaNIES,Y99,21.4563675940439,1999
Hong Kong,Y99,6.21309714929467,1999
Taiwan,Y99,3.92751960227273,1999
Korea,Y99,2.94095029388715,1999
Singapore,Y99,8.37480054858934,1999
ASEAN4,Y99,14.6180515967868,1999
Thailand,Y99,4.61578031935737,1999
Indonesia,Y99,4.42624261363636,1999
Malaysia,Y99,3.61795214537618,1999
Philippines,Y99,1.95807651841693,1999
India,Y99,0.912911902429467,1999
North America,Y99,121.660869347571,1999
USA,Y99,118.434847119906,1999
Canada,Y99,3.22602222766458,1999
Latin America,Y99,17.9125897825235,1999
Mexico,Y99,2.15420765086207,1999
Brazil,Y99,4.69236190242947,1999
Oceania,Y99,11.5051627840909,1999
Australia,Y99,8.54325552507837,1999
New Zealand,Y99,1.31202622452978,1999
Europe,Y99,50.0967469925549,1999
Western Europe,Y99,49.6698892829154,1999
Germany,Y99,3.43069345611285,1999
UK,Y99,17.9993288891066,1999
France,Y99,3.01870502547022,1999
Netherlands,Y99,17.482121012931,1999
Italy,Y99,0.694756034482759,1999
"Belgium, Luxembourg",Y99,3.40417464733542,1999
Switzerland,Y99,1.10162778213166,1999
Sweden,Y99,0.0548530662225705,1999
Spain,Y99,0.932345807210031,1999
"Eastern Europe, Russia, etc",Y99,0.426857709639499,1999
Russia,Y99,0.0176573863636364,1999
Middle East,Y99,0.798937421630094,1999
Saudi Arabia,Y99,0.731910844435737,1999
UAE,Y99,0.0127226880877743,1999
Iran,Y99,0.00136251959247649,1999
Africa,Y99,0.889273824451411,1999
South Africa,Y99,0.421288352272727,1999
OECD,Y99,186.628356122649,1999
ASEAN,Y99,23.4800371081505,1999
EU,Y99,48.1047476880878,1999
World,Y99,249.070923001567,1999
Asia,Y00,49.3107049608355,2000
China,Y00,8.69886858137511,2000
AsiaNIES,Y00,23.1531766753699,2000
Hong Kong,Y00,6.54308093994778,2000
Taiwan,Y00,3.56483899042646,2000
Korea,Y00,4.19234116623151,2000
Singapore,Y00,8.85291557876414,2000
ASEAN4,Y00,15.568320278503,2000
Thailand,Y00,4.76675369886858,2000
Indonesia,Y00,4.76501305483029,2000
Malaysia,Y00,4.00348128807659,2000
Philippines,Y00,2.03307223672759,2000
India,Y00,1.17145343777198,2000
North America,Y00,138.455178416014,2000
USA,Y00,132.221932114883,2000
Canada,Y00,6.23324630113142,2000
Latin America,Y00,21.0200174064404,2000
Mexico,Y00,2.19321148825065,2000
Brazil,Y00,3.9852045256745,2000
Oceania,Y00,10.1505657093124,2000
Australia,Y00,7.66840731070496,2000
New Zealand,Y00,1.13838120104439,2000
Europe,Y00,56.7885117493473,2000
Western Europe,Y00,56.4473455178416,2000
Germany,Y00,4.12967798085292,2000
UK,Y00,21.7650130548303,2000
France,Y00,3.07136640557006,2000
Netherlands,Y00,16.6666666666667,2000
Italy,Y00,0.642297650130548,2000
"Belgium, Luxembourg",Y00,3.93211488250653,2000
Switzerland,Y00,0.978241949521323,2000
Sweden,Y00,1.43342036553525,2000
Spain,Y00,1.13054830287206,2000
"Eastern Europe, Russia, etc",Y00,0.341166231505657,2000
Russia,Y00,0.0278503046127067,2000
Middle East,Y00,0.792863359442994,2000
Saudi Arabia,Y00,0.714534377719756,2000
UAE,Y00,0.0269799825935596,2000
Iran,Y00,0.00435161009573542,2000
Africa,Y00,0.758050478677111,2000
South Africa,Y00,0.366405570060923,2000
OECD,Y00,210.353350739774,2000
ASEAN,Y00,24.9956483899043,2000
EU,Y00,54.7954743255004,2000
World,Y00,278.444734551784,2000
Asia,Y01,53.2301072070943,2001
China,Y01,10.0434524615396,2001
AsiaNIES,Y01,23.7333812464288,2001
Hong Kong,Y01,5.50605252750096,2001
Taiwan,Y01,3.64633982736292,2001
Korea,Y01,4.39136608864864,2001
Singapore,Y01,10.1896228029163,2001
ASEAN4,Y01,17.5459244729031,2001
Thailand,Y01,6.112588536468,2001
Indonesia,Y01,5.02947403000209,2001
Malaysia,Y01,4.31552129975779,2001
Philippines,Y01,2.08834060667523,2001
India,Y01,1.14866705881705,2001
North America,Y01,144.875897918071,2001
USA,Y01,140.651442186525,2001
Canada,Y01,4.22445573154507,2001
Latin America,Y01,20.7000236053297,2001
Mexico,Y01,2.43056812919458,2001
Brazil,Y01,4.62810948251849,2001
Cayman Is,Y01,8.67086033105933,2001
Oceania,Y01,8.11930691097338,2001
Australia,Y01,6.88108818381251,2001
New Zealand,Y01,0.353624854287328,2001
Europe,Y01,71.0444392306586,2001
Western Europe,Y01,70.6072423605573,2001
Germany,Y01,3.94000660968846,2001
UK,Y01,33.1990338987387,2001
France,Y01,2.90926031898216,2001
Netherlands,Y01,19.5427457004047,2001
Italy,Y01,0.712935081566203,2001
Belgium,Y01,3.65629577185709,2001
Luxembourg,Y01,0.904115078747844,2001
Switzerland,Y01,1.14189604677685,2001
Sweden,Y01,1.1416454680731,2001
Spain,Y01,0.592178794610397,2001
"Eastern Europe, Russia, etc",Y01,0.437196870101369,2001
Russia,Y01,0.0182006607231677,2001
Middle East,Y01,0.885260793514163,2001
Saudi Arabia,Y01,0.807508641756462,2001
UAE,Y01,0.0126453997785655,2001
Iran,Y01,0.0041558606272269,2001
Africa,Y01,0.624957970936606,2001
South Africa,Y01,0.288680472240819,2001
OECD,Y01,229.922178642639,2001
ASEAN,Y01,28.3925434014802,2001
EU,Y01,68.7209047962907,2001
World,Y01,300.868033985267,2001
Asia,Y02,58.4209771634414,2002
China,Y02,12.4082691128424,2002
AsiaNIES,Y02,24.9226493004943,2002
Hong Kong,Y02,5.47098901734104,2002
Taiwan,Y02,3.77911504565636,2002
Korea,Y02,5.24475394152635,2002
Singapore,Y02,10.4277912959705,2002
ASEAN4,Y02,18.7824154058809,2002
Thailand,Y02,6.28651779341543,2002
Indonesia,Y02,5.58889757057887,2002
Malaysia,Y02,3.93621450113094,2002
Philippines,Y02,2.97078554075563,2002
India,Y02,1.31128998910949,2002
North America,Y02,140.981517818547,2002
USA,Y02,136.190478177096,2002
Canada,Y02,4.79103964145095,2002
Latin America,Y02,18.1670128172908,2002
Mexico,Y02,2.57636280472481,2002
Brazil,Y02,3.97387577280724,2002
Cayman Is,Y02,8.58347880539499,2002
Oceania,Y02,11.8517933567898,2002
Australia,Y02,9.96177681997152,2002
New Zealand,Y02,0.558034598307783,2002
Europe,Y02,73.1362060484209,2002
Western Europe,Y02,72.4037103376058,2002
Germany,Y02,4.68910933232806,2002
UK,Y02,26.2991495183044,2002
France,Y02,5.41084505319595,2002
Netherlands,Y02,22.9161965234146,2002
Italy,Y02,1.05802780430594,2002
Belgium,Y02,5.14808041383932,2002
Luxembourg,Y02,1.16823961631901,2002
Switzerland,Y02,1.26537067940018,2002
Sweden,Y02,1.06661808662143,2002
Spain,Y02,0.850418497109827,2002
"Eastern Europe, Russia, etc",Y02,0.732495710815113,2002
Russia,Y02,0.0501674960207757,2002
Middle East,Y02,0.893375119376728,2002
Saudi Arabia,Y02,0.82020971768451,2002
UAE,Y02,0.0427273938175421,2002
Iran,Y02,0.0046534975286923,2002
Africa,Y02,1.23216102873419,2002
South Africa,Y02,0.519341584987853,2002
OECD,Y02,232.323478160342,2002
ASEAN,Y02,29.9749312054955,2002
EU,Y02,70.5306818882466,2002
World,Y02,305.584717039457,2002
Asia,Y03,64.2666987566608,2003
China,Y03,15.2961354398429,2003
AsiaNIES,Y03,24.9339197251566,2003
Hong Kong,Y03,5.68572316537347,2003
Taiwan,Y03,4.34756200803964,2003
Korea,Y03,5.07416836496214,2003
Singapore,Y03,9.82646618678134,2003
ASEAN4,Y03,21.5069162195008,2003
Thailand,Y03,7.64970760961017,2003
Indonesia,Y03,6.73769186687857,2003
Malaysia,Y03,3.95870630083201,2003
Philippines,Y03,3.16081044218005,2003
India,Y03,1.50665952136113,2003
North America,Y03,143.385386921567,2003
USA,Y03,139.194685079929,2003
Canada,Y03,4.19070184163784,2003
Latin America,Y03,21.97452371693,2003
Mexico,Y03,2.87038577171169,2003
Brazil,Y03,4.919952902683,2003
Cayman Is,Y03,10.4171771337758,2003
Oceania,Y03,13.6315115546415,2003
Australia,Y03,11.5182052257642,2003
New Zealand,Y03,0.805291520987193,2003
Europe,Y03,88.7149377675984,2003
Western Europe,Y03,87.5730343928204,2003
Germany,Y03,6.87102447415163,2003
UK,Y03,24.4287956436384,2003
France,Y03,7.27906873889876,2003
Netherlands,Y03,33.6984927362812,2003
Italy,Y03,0.844052444610638,2003
Belgium,Y03,7.15678201364869,2003
Luxembourg,Y03,0.896502692343648,2003
Switzerland,Y03,1.17337216976722,2003
Sweden,Y03,1.31504493783304,2003
Spain,Y03,0.969434018883799,2003
"Eastern Europe, Russia, etc",Y03,1.14190337477798,2003
Russia,Y03,0.0136518276152192,2003
Middle East,Y03,0.899848649153968,2003
Saudi Arabia,Y03,0.803025334205852,2003
UAE,Y03,0.0444000373936618,2003
Iran,Y03,0.00496716836496214,2003
Africa,Y03,2.05190514162849,2003
South Africa,Y03,1.06977741422829,2003
OECD,Y03,252.256797737684,2003
ASEAN,Y03,32.0350295503412,2003
EU,Y03,85.7907854725624,2003
World,Y03,335.911295615593,2003
Asia,Y04,76.416,2004
China,Y04,20.208,2004
AsiaNIES,Y04,29.506,2004
Hong Kong,Y04,6.275,2004
Taiwan,Y04,5.455,2004
Korea,Y04,6.602,2004
Singapore,Y04,11.175,2004
ASEAN4,Y04,23.806,2004
Thailand,Y04,9.909,2004
Indonesia,Y04,6.52,2004
Malaysia,Y04,4.08,2004
Philippines,Y04,3.296,2004
India,Y04,1.756,2004
North America,Y04,146.967,2004
USA,Y04,142.302,2004
Canada,Y04,4.665,2004
Latin America,Y04,26.588,2004
Mexico,Y04,2.888,2004
Brazil,Y04,4.56,2004
Cayman Is,Y04,15.008,2004
Oceania,Y04,15.091,2004
Australia,Y04,12.844,2004
New Zealand,Y04,0.85,2004
Europe,Y04,103.437,2004
Western Europe,Y04,101.886,2004
Germany,Y04,6.99,2004
UK,Y04,26.845,2004
France,Y04,12.937,2004
Netherlands,Y04,36.499,2004
Italy,Y04,1.092,2004
Belgium,Y04,8.848,2004
Luxembourg,Y04,1.107,2004
Switzerland,Y04,1.035,2004
Sweden,Y04,1.56,2004
Spain,Y04,1.15,2004
"Eastern Europe, Russia, etc",Y04,1.551,2004
Russia,Y04,0.087,2004
Middle East,Y04,1.022,2004
Saudi Arabia,Y04,0.859,2004
UAE,Y04,0.039,2004
Iran,Y04,0.005,2004
Africa,Y04,1.628,2004
South Africa,Y04,0.967,2004
OECD,Y04,273.288,2004
ASEAN,Y04,35.794,2004
EU,Y04,101.417,2004
World,Y04,371.755,2004
Asia,Y05,88.1871542800128,2005
China,Y05,24.6549410120729,2005
AsiaNIES,Y05,32.7079833097774,2005
Hong Kong,Y05,6.71491907142417,2005
Taiwan,Y05,5.9318642898605,2005
Korea,Y05,8.25122781131225,2005
Singapore,Y05,11.8099721371805,2005
ASEAN4,Y05,27.6566145687279,2005
Thailand,Y05,11.6766866801479,2005
Indonesia,Y05,7.68055295937382,2005
Malaysia,Y05,4.80340177791888,2005
Philippines,Y05,3.49597315128737,2005
India,Y05,1.80225624024188,2005
North America,Y05,156.18919909092,2005
USA,Y05,150.15198476701,2005
Canada,Y05,6.03721432391084,2005
Latin America,Y05,33.0638404245909,2005
Mexico,Y05,3.63524355096036,2005
Brazil,Y05,6.00051937618043,2005
Cayman Is,Y05,18.0709098800981,2005
Oceania,Y05,12.9608461022818,2005
Australia,Y05,10.6182593961583,2005
New Zealand,Y05,0.899956958018607,2005
Europe,Y05,94.2766242359046,2005
Western Europe,Y05,92.4525564463994,2005
Germany,Y05,6.19689395253972,2005
UK,Y05,24.2637560654253,2005
France,Y05,11.3247731227635,2005
Netherlands,Y05,34.5909814307053,2005
Italy,Y05,0.844532035555547,2005
Belgium,Y05,7.77433214332953,2005
Luxembourg,Y05,0.763341131793667,2005
Switzerland,Y05,0.86902286846991,2005
Sweden,Y05,1.56317020900052,2005
Spain,Y05,1.38967577687403,2005
"Eastern Europe, Russia, etc",Y05,1.82406778950525,2005
Russia,Y05,0.156883630513312,2005
Middle East,Y05,1.68502151811747,2005
Saudi Arabia,Y05,1.43875497503877,2005
UAE,Y05,0.184719677478618,2005
Iran,Y05,0.00452279534100715,2005
Africa,Y05,1.33165076983411,2005
South Africa,Y05,0.792728840840956,2005
OECD,Y05,273.583792036852,2005
ASEAN,Y05,40.4779924062242,2005
EU,Y05,92.1404225799702,2005
World,Y05,388.197386754293,2005
Asia,Y06,107.653299287101,2006
China,Y06,30.3158753898138,2006
AsiaNIES,Y06,39.042314451523,2006
Hong Kong,Y06,7.77619701224243,2006
Taiwan,Y06,6.32755992642171,2006
Korea,Y06,10.6689824675611,2006
Singapore,Y06,14.2695750452977,2006
ASEAN4,Y06,34.3127305283141,2006
Thailand,Y06,14.8393625062699,2006
Indonesia,Y06,7.45678774128789,2006
Malaysia,Y06,7.76342765450764,2006
Philippines,Y06,4.2531526262486,2006
India,Y06,2.31521528404767,2006
North America,Y06,163.229519812428,2006
USA,Y06,156.411209739629,2006
Canada,Y06,6.81831007279882,2006
Latin America,Y06,39.2911014474701,2006
Mexico,Y06,1.7732666593916,2006
Brazil,Y06,7.82863895550416,2006
Cayman Is,Y06,21.4399193762803,2006
Oceania,Y06,13.7936398184907,2006
Australia,Y06,12.181171291979,2006
New Zealand,Y06,0.993585785174151,2006
Europe,Y06,120.972061197002,2006
Western Europe,Y06,118.657066659329,2006
Germany,Y06,7.41526843970605,2006
UK,Y06,31.613411035393,2006
France,Y06,13.0641479396887,2006
Netherlands,Y06,45.4187098237629,2006
Italy,Y06,0.806663779409572,2006
Belgium,Y06,9.63015272148243,2006
Luxembourg,Y06,1.12827156574709,2006
Switzerland,Y06,0.985205036419694,2006
Sweden,Y06,2.19921635081384,2006
Spain,Y06,1.34844857042127,2006
"Eastern Europe, Russia, etc",Y06,2.31499453767309,2006
Russia,Y06,0.258128903342238,2006
Middle East,Y06,2.03811690379654,2006
Saudi Arabia,Y06,1.75344464873915,2006
UAE,Y06,0.18308031204783,2006
Iran,Y06,0.00446802889893643,2006
Africa,Y06,2.70056884709568,2006
South Africa,Y06,1.12510243391885,2006
OECD,Y06,309.274916618251,2006
ASEAN,Y06,49.8373901898821,2006
EU,Y06,118.85172627789,2006
World,Y06,449.680399995167,2006
Asia,Y07,132.985978744295,2007
China,Y07,37.7972726308999,2007
AsiaNIES,Y07,46.5603509942849,2007
Hong Kong,Y07,9.12902640597463,2007
Taiwan,Y07,7.74245649094459,2007
Korea,Y07,12.1031436264559,2007
Singapore,Y07,17.5857244709098,2007
ASEAN4,Y07,42.0547129342005,2007
Thailand,Y07,19.7762408374148,2007
Indonesia,Y07,8.31454409475743,2007
Malaysia,Y07,8.18426889093203,2007
Philippines,Y07,5.77965911109624,2007
Vietnam,Y07,1.71128082280383,2007
India,Y07,4.21784905668183,2007
North America,Y07,183.776094455739,2007
USA,Y07,174.198662371597,2007
Canada,Y07,9.57743208414118,2007
Latin America,Y07,54.7487252603258,2007
Mexico,Y07,1.4690038535,2007
Brazil,Y07,11.027714514341,2007
Cayman Is,Y07,32.0384937197435,2007
Oceania,Y07,19.61714496853,2007
Australia,Y07,17.9400999995245,2007
New Zealand,Y07,0.950706895166257,2007
Europe,Y07,148.747592051448,2007
Western Europe,Y07,145.884053863698,2007
Germany,Y07,9.52386523795942,2007
UK,Y07,32.0207483636094,2007
France,Y07,12.4154861935353,2007
Netherlands,Y07,63.9411040640181,2007
Italy,Y07,0.836888905517415,2007
Belgium,Y07,12.0708736139394,2007
Luxembourg,Y07,3.53699843626322,2007
Switzerland,Y07,1.11824941923554,2007
Sweden,Y07,2.95622819939676,2007
Spain,Y07,1.73605632449002,2007
"Eastern Europe, Russia, etc",Y07,2.86353818775005,2007
Russia,Y07,0.373332988034641,2007
Middle East,Y07,3.06591488327466,2007
Saudi Arabia,Y07,2.58493461513003,2007
UAE,Y07,0.253574102802122,2007
Iran,Y07,0.00469711807515488,2007
Africa,Y07,3.89528046205081,2007
South Africa,Y07,0.85205362190787,2007
OECD,Y07,363.21428103963,2007
ASEAN,Y07,61.4352648697377,2007
EU,Y07,145.280275472889,2007
World,Y07,546.838930805484,2007
Asia,Y08,159.570039019496,2008
China,Y08,49.0015028656702,2008
AsiaNIES,Y08,52.2369493484688,2008
Hong Kong,Y08,11.7159059723327,2008
Taiwan,Y08,8.82993886677558,2008
Korea,Y08,12.180129045036,2008
Singapore,Y08,19.5109754643244,2008
ASEAN4,Y08,44.599634910833,2008
Thailand,Y08,20.5286163943232,2008
Indonesia,Y08,8.52807307722321,2008
Malaysia,Y08,7.74275996073757,2008
Philippines,Y08,7.80018547854899,2008
Vietnam,Y08,3.30726232469288,2008
India,Y08,9.44028894601933,2008
North America,Y08,234.957019450913,2008
USA,Y08,226.610777227615,2008
Canada,Y08,8.34624222329719,2008
Latin America,Y08,90.794043588082,2008
Mexico,Y08,2.09746286159601,2008
Brazil,Y08,16.491776816529,2008
Cayman Is,Y08,61.5306370131595,2008
Oceania,Y08,21.6243317127201,2008
Australia,Y08,19.1065981085192,2008
New Zealand,Y08,1.44031942536965,2008
Europe,Y08,165.435213105396,2008
Western Europe,Y08,161.649302606411,2008
Germany,Y08,11.9923171368048,2008
UK,Y08,32.575874603605,2008
France,Y08,14.9200259069363,2008
Netherlands,Y08,72.1720987281251,2008
Italy,Y08,0.881770775680723,2008
Belgium,Y08,14.0087650199858,2008
Luxembourg,Y08,4.33188837629818,2008
Switzerland,Y08,1.33218887524362,2008
Sweden,Y08,3.05415114457951,2008
Spain,Y08,1.27601999801248,2008
"Eastern Europe, Russia, etc",Y08,3.78591049898506,2008
Russia,Y08,0.668144172609146,2008
Middle East,Y08,4.16382514932249,2008
Saudi Arabia,Y08,3.48077002647233,2008
UAE,Y08,0.303387370991025,2008
Iran,Y08,0.0062974966400257,2008
Africa,Y08,7.32477162481998,2008
South Africa,Y08,1.673171199943,2008
OECD,Y08,433.482419908925,2008
ASEAN,Y08,67.6542013675717,2008
EU,Y08,161.782992647794,2008
World,Y08,683.872000204999,2008
Asia,Y09,175.644807760625,2009
China,Y09,55.0452792212636,2009
AsiaNIES,Y09,58.6074567760409,2009
Hong Kong,Y09,13.0479714752144,2009
Taiwan,Y09,9.34899980958275,2009
Korea,Y09,12.6026508564341,2009
Singapore,Y09,23.6078346348097,2009
ASEAN4,Y09,48.4411287707673,2009
Thailand,Y09,22.7476822687747,2009
Indonesia,Y09,9.49088619635996,2009
Malaysia,Y09,8.01655372854727,2009
Philippines,Y09,8.18600657708538,2009
Vietnam,Y09,3.35290523548294,2009
India,Y09,8.98238599868838,2009
North America,Y09,240.245871776403,2009
USA,Y09,230.948013232491,2009
Canada,Y09,9.29785854391272,2009
Latin America,Y09,99.0560059542607,2009
Mexico,Y09,1.7175374013637,2009
Brazil,Y09,21.3369160481432,2009
Cayman Is,Y09,65.3529558159519,2009
Oceania,Y09,36.1753973456738,2009
Australia,Y09,32.5572084347687,2009
New Zealand,Y09,2.03931595336469,2009
Europe,Y09,179.051926279334,2009
Western Europe,Y09,174.939484513735,2009
Germany,Y09,15.0962305798112,2009
UK,Y09,31.2820060191513,2009
France,Y09,16.8111261305392,2009
Netherlands,Y09,77.4698862950099,2009
Italy,Y09,1.10029127257594,2009
Belgium,Y09,14.5034897243281,2009
Luxembourg,Y09,7.23543395108997,2009
Switzerland,Y09,1.55477872264003,2009
Sweden,Y09,2.56510095203337,2009
Spain,Y09,1.5681096235077,2009
"Eastern Europe, Russia, etc",Y09,4.11244176559861,2009
Russia,Y09,0.953957736587384,2009
Middle East,Y09,4.45301739266959,2009
Saudi Arabia,Y09,3.65042627684383,2009
UAE,Y09,0.337903548504359,2009
Iran,Y09,0.00617104088420189,2009
Africa,Y09,5.7339209193831,2009
South Africa,Y09,1.73037640691744,2009
OECD,Y09,466.629760598039,2009
ASEAN,Y09,75.7459952925904,2009
EU,Y09,174.880515324844,2009
World,Y09,740.363648630103,2009
Asia,Y10,212.708478295634,2010
China,Y10,66.4784123028144,2010
AsiaNIES,Y10,68.4379916066743,2010
Hong Kong,Y10,15.5420502186123,2010
Taiwan,Y10,10.3508957149686,2010
Korea,Y10,15.0427622574225,2010
Singapore,Y10,27.5022834156708,2010
ASEAN4,Y10,58.3940184126561,2010
Thailand,Y10,27.7890134085272,2010
Indonesia,Y10,11.9464547892787,2010
Malaysia,Y10,9.97155464531802,2010
Philippines,Y10,8.68699556953218,2010
Vietnam,Y10,4.50059055652304,2010
India,Y10,13.5577514756517,2010
North America,Y10,262.338541888527,2010
USA,Y10,251.80511112687,2010
Canada,Y10,10.5334307616574,2010
Latin America,Y10,106.977696817577,2010
Mexico,Y10,2.75478339964942,2010
Brazil,Y10,27.0383517073176,2010
Cayman Is,Y10,62.6225569095021,2010
Oceania,Y10,43.8653119352138,2010
Australia,Y10,39.85602748416,2010
New Zealand,Y10,2.27252804412693,2010
Europe,Y10,193.498721296946,2010
Western Europe,Y10,188.860847528004,2010
Germany,Y10,15.3159026454706,2010
UK,Y10,37.9564759278624,2010
France,Y10,16.2115875828258,2010
Netherlands,Y10,75.9952357836009,2010
Italy,Y10,1.41009363272133,2010
Belgium,Y10,14.1200430497054,2010
Luxembourg,Y10,9.63174771177041,2010
Switzerland,Y10,1.86141250123942,2010
Sweden,Y10,1.98742942217256,2010
Spain,Y10,1.56245448647162,2010
"Eastern Europe, Russia, etc",Y10,4.63787376894261,2010
Russia,Y10,1.21979799385664,2010
Middle East,Y10,4.92753824641294,2010
Saudi Arabia,Y10,3.90505561114014,2010
UAE,Y10,0.376691702891823,2010
Iran,Y10,0.00697507050253368,2010
Africa,Y10,6.14457929944552,2010
South Africa,Y10,2.2914599471903,2010
OECD,Y10,510.488858573639,2010
ASEAN,Y10,90.7490073505754,2010
EU,Y10,182.19355035544,2010
World,Y10,830.463920923144,2010
Asia,Y11,257.755304202239,2011
China,Y11,83.3790787157302,2011
AsiaNIES,Y11,78.5769740440792,2011
Hong Kong,Y11,17.1272536191958,2011
Taiwan,Y11,11.7783443779999,2011
Korea,Y11,17.9681764261994,2011
Singapore,Y11,31.703199620684,2011
ASEAN4,Y11,72.4307922369211,2011
Thailand,Y11,35.1778188251554,2011
Indonesia,Y11,15.8163072605864,2011
Malaysia,Y11,11.2112966055924,2011
Philippines,Y11,10.2253695455869,2011
Vietnam,Y11,6.36986879611227,2011
India,Y11,15.4163073741961,2011
North America,Y11,286.176372618258,2011
USA,Y11,275.503653436901,2011
Canada,Y11,10.6727191813583,2011
Latin America,Y11,122.223054789924,2011
Mexico,Y11,2.9828683407251,2011
Brazil,Y11,33.9824574994672,2011
Cayman Is,Y11,67.9816710498957,2011
Oceania,Y11,54.1137581856365,2011
Australia,Y11,49.4170045860453,2011
New Zealand,Y11,2.46933426382421,2011
Europe,Y11,231.001166242207,2011
Western Europe,Y11,225.481973714172,2011
Germany,Y11,16.7152281604779,2011
UK,Y11,48.1941991333012,2011
France,Y11,15.8128225908329,2011
Netherlands,Y11,84.9497015278064,2011
Italy,Y11,2.5075893972651,2011
Belgium,Y11,14.7526217961949,2011
Luxembourg,Y11,6.99509571005362,2011
Switzerland,Y11,4.47392444260808,2011
Sweden,Y11,2.67431668407062,2011
Spain,Y11,1.51663909401495,2011
"Eastern Europe, Russia, etc",Y11,5.51919252803491,2011
Russia,Y11,1.72477563273173,2011
Middle East,Y11,5.29756049349731,2011
Saudi Arabia,Y11,4.01621756981467,2011
UAE,Y11,0.409587078888787,2011
Iran,Y11,0.00732935408871368,2011
Africa,Y11,8.08088405565476,2011
South Africa,Y11,2.44141566983449,2011
OECD,Y11,584.09962536471,2011
ASEAN,Y11,110.954331241531,2011
EU,Y11,215.483908337496,2011
World,Y11,957.702720123759,2011
Asia,Y12,288.923305641417,2012
China,Y12,93.2145986921845,2012
AsiaNIES,Y12,93.372701670125,2012
Hong Kong,Y12,18.3825218411734,2012
Taiwan,Y12,13.3326712574215,2012
Korea,Y12,25.5940190530324,2012
Singapore,Y12,36.0634895184977,2012
ASEAN4,Y12,77.1587615590696,2012
Thailand,Y12,35.0402922174647,2012
Indonesia,Y12,18.4269908130898,2012
Malaysia,Y12,13.3122787002449,2012
Philippines,Y12,10.3791998282702,2012
Vietnam,Y12,8.4152994658207,2012
India,Y12,15.1066700755282,2012
North America,Y12,301.041500901766,2012
USA,Y12,286.528803228737,2012
Canada,Y12,14.512697673028,2012
Latin America,Y12,119.162221049451,2012
Mexico,Y12,3.94750042794322,2012
Brazil,Y12,35.4022951876307,2012
Cayman Is,Y12,59.7855570844367,2012
Oceania,Y12,66.4921616933129,2012
Australia,Y12,61.3439326918157,2012
New Zealand,Y12,2.58716091556561,2012
Europe,Y12,252.884108959721,2012
Western Europe,Y12,246.151886615376,2012
Germany,Y12,16.9064940439203,2012
UK,Y12,53.9555943302907,2012
France,Y12,20.0769302215715,2012
Netherlands,Y12,94.4436748071831,2012
Italy,Y12,2.25340256656457,2012
Belgium,Y12,16.0445129760551,2012
Luxembourg,Y12,6.93317386607282,2012
Switzerland,Y12,5.2606919812903,2012
Sweden,Y12,3.33426673104269,2012
Spain,Y12,1.47638332869737,2012
"Eastern Europe, Russia, etc",Y12,6.73222234434475,2012
Russia,Y12,2.73359717756949,2012
Middle East,Y12,5.06463564566437,2012
Saudi Arabia,Y12,3.80949392693411,2012
UAE,Y12,0.328950428731881,2012
Iran,Y12,0.00658639940525394,2012
Africa,Y12,6.89230180412706,2012
South Africa,Y12,2.44973244728174,2012
OECD,Y12,643.987321955883,2012
ASEAN,Y12,122.269127232793,2012
EU,Y12,237.800482101416,2012
World,Y12,1040.46311870887,2012
Asia,Y13,310.282537506526,2013
China,Y13,98.1320830752045,2013
AsiaNIES,Y13,98.0263937014716,2013
Hong Kong,Y13,19.8198069692223,2013
Taiwan,Y13,11.8078332412645,2013
Korea,Y13,29.8495960936133,2013
Singapore,Y13,36.5491573973716,2013
ASEAN4,Y13,88.323711321856,2013
Thailand,Y13,44.580761149566,2013
Indonesia,Y13,19.7872078395064,2013
Malaysia,Y13,13.2039452225957,2013
Philippines,Y13,10.7517971101878,2013
Vietnam,Y13,10.7897967197876,2013
India,Y13,13.7378074342863,2013
North America,Y13,348.221625363254,2013
USA,Y13,331.43858955574,2013
Canada,Y13,16.7830358075144,2013
Latin America,Y13,109.324726576988,2013
Mexico,Y13,4.2409024275852,2013
Brazil,Y13,33.4017857646208,2013
Cayman Is,Y13,48.3515829827982,2013
Oceania,Y13,59.0221014355465,2013
Australia,Y13,54.1124763063269,2013
New Zealand,Y13,2.47109610647407,2013
Europe,Y13,273.039203337607,2013
Western Europe,Y13,267.006129023807,2013
Germany,Y13,17.0708624569895,2013
UK,Y13,67.7415542119045,2013
France,Y13,17.9709606271971,2013
Netherlands,Y13,96.4512687229582,2013
Italy,Y13,3.04103993926727,2013
Belgium,Y13,19.4919831030749,2013
Luxembourg,Y13,7.49178332944548,2013
Switzerland,Y13,4.94656701696055,2013
Sweden,Y13,3.60857601072441,2013
Spain,Y13,1.51201086241407,2013
"Eastern Europe, Russia, etc",Y13,6.03307431379934,2013
Russia,Y13,2.49891125939883,2013
Middle East,Y13,5.2978919596526,2013
Saudi Arabia,Y13,3.90571412574058,2013
UAE,Y13,0.231553113921555,2013
Iran,Y13,0.00539563439936908,2013
Africa,Y13,12.0770280853649,2013
South Africa,Y13,8.79370208462136,2013
OECD,Y13,710.216107224459,2013
ASEAN,Y13,136.258035897496,2013
EU,Y13,259.152578296805,2013
World,Y13,1117.26747605404,2013
Asia,Y14,345.669778418973,2014
China,Y14,104.407585971002,2014
AsiaNIES,Y14,112.628849069432,2014
Hong Kong,Y14,23.2594226431887,2014
Taiwan,Y14,11.7391094920367,2014
Korea,Y14,31.8971755172621,2014
Singapore,Y14,45.7331414169449,2014
ASEAN4,Y14,101.265071522354,2014
Thailand,Y14,52.5880045621369,2014
Indonesia,Y14,23.7703989836978,2014
Malaysia,Y14,13.7412028137479,2014
Philippines,Y14,11.1654651627713,2014
Vietnam,Y14,12.0093651214608,2014
India,Y14,13.7514253991235,2014
North America,Y14,398.833656393965,2014
USA,Y14,381.845251962437,2014
Canada,Y14,16.9884044315192,2014
Latin America,Y14,73.8377623559266,2014
Mexico,Y14,5.85428545186144,2014
Brazil,Y14,30.9545561617028,2014
Cayman Is,Y14,12.7607910836477,2014
Oceania,Y14,68.8173086839399,2014
Australia,Y14,62.5947550659933,2014
New Zealand,Y14,3.43163341212855,2014
Europe,Y14,282.071189507688,2014
Western Europe,Y14,276.922638951436,2014
Germany,Y14,19.4808390591402,2014
UK,Y14,77.5326165040317,2014
France,Y14,13.8384679240651,2014
Netherlands,Y14,96.7449998928965,2014
Italy,Y14,3.0562376951586,2014
Belgium,Y14,18.5496352783306,2014
Luxembourg,Y14,9.50227399324708,2014
Switzerland,Y14,7.38187258414858,2014
Sweden,Y14,3.08759642286311,2014
Spain,Y14,2.00177159982471,2014
"Eastern Europe, Russia, etc",Y14,5.14855055625209,2014
Russia,Y14,1.69111427127713,2014
Middle East,Y14,6.20339769464942,2014
Saudi Arabia,Y14,4.14102929041736,2014
UAE,Y14,0.466547362804675,2014
Iran,Y14,0.00474572618530885,2014
Africa,Y14,10.0114157094073,2014
South Africa,Y14,7.24719798850584,2014
OECD,Y14,785.533292762438,2014
ASEAN,Y14,159.933150891778,2014
EU,Y14,267.283267765367,2014
World,Y14,1185.44742079892,2014
Asia,Y15,359.263237468411,2015
China,Y15,108.901797026507,2015
AsiaNIES,Y15,118.808947742775,2015
Hong Kong,Y15,24.8533174300448,2015
Taiwan,Y15,11.9801240063195,2015
Korea,Y15,31.4919837570254,2015
Singapore,Y15,50.4835225493855,2015
ASEAN4,Y15,101.58957501043,2015
Thailand,Y15,51.2715853268062,2015
Indonesia,Y15,24.5317870285916,2015
Malaysia,Y15,13.4631227046255,2015
Philippines,Y15,12.3230799504069,2015
Vietnam,Y15,13.1564662904584,2015
India,Y15,14.1012096726707,2015
North America,Y15,435.282062145931,2015
USA,Y15,418.927883452558,2015
Canada,Y15,16.3541786933732,2015
Latin America,Y15,71.309271114001,2015
Mexico,Y15,7.37486605987378,2015
Brazil,Y15,24.7799835127969,2015
Cayman Is,Y15,15.4370234674971,2015
Oceania,Y15,74.4033671281764,2015
Australia,Y15,67.4596150477496,2015
New Zealand,Y15,3.07873952910646,2015
Europe,Y15,304.729949720694,2015
Western Europe,Y15,299.5019172381,2015
Germany,Y15,21.206803127238,2015
UK,Y15,89.0302237106793,2015
France,Y15,12.8818076388889,2015
Netherlands,Y15,106.366705914815,2015
Italy,Y15,3.57708806592759,2015
Belgium,Y15,17.4879211048248,2015
Luxembourg,Y15,13.1477168631789,2015
Switzerland,Y15,6.38872693995184,2015
Sweden,Y15,4.67969289348945,2015
Spain,Y15,2.40141591783757,2015
"Eastern Europe, Russia, etc",Y15,5.22803248259425,2015
Russia,Y15,1.80715925200133,2015
Middle East,Y15,7.11491537493772,2015
Saudi Arabia,Y15,4.92482641461551,2015
UAE,Y15,0.596630817555224,2015
Iran,Y15,0.00609149640425179,2015
Africa,Y15,8.91402636278027,2015
South Africa,Y15,7.15925922433151,2015
OECD,Y15,850.385520110015,2015
ASEAN,Y15,166.996687155705,2015
EU,Y15,290.918478032395,2015
World,Y15,1261.01972635626,2015
Asia,Y16,368.248225508513,2016
China,Y16,108.733676678209,2016
AsiaNIES,Y16,115.104002046537,2016
Hong Kong,Y16,28.4849023579114,2016
Taiwan,Y16,13.0281360068397,2016
Korea,Y16,31.9635735878832,2016
Singapore,Y16,41.6273900939032,2016
ASEAN4,Y16,108.920892187166,2016
Thailand,Y16,55.325965608428,2016
Indonesia,Y16,27.0085335717616,2016
Malaysia,Y16,12.8611625780121,2016
Philippines,Y16,13.7252304289642,2016
Vietnam,Y16,14.4810825893092,2016
India,Y16,17.8893332483989,2016
North America,Y16,468.627880637068,2016
USA,Y16,452.512324973896,2016
Canada,Y16,16.1155556631714,2016
Latin America,Y16,89.546403472829,2016
Mexico,Y16,8.77119226347024,2016
Brazil,Y16,24.4464945704124,2016
Cayman Is,Y16,31.9296181704808,2016
Oceania,Y16,74.2515938033985,2016
Australia,Y16,65.978939198796,2016
New Zealand,Y16,3.40894838979592,2016
Europe,Y16,338.840154587379,2016
Western Europe,Y16,333.972138519546,2016
Germany,Y16,21.7094573083084,2016
UK,Y16,123.938032396926,2016
France,Y16,13.3343601761933,2016
Netherlands,Y16,105.304706543523,2016
Italy,Y16,3.69775531291948,2016
Belgium,Y16,17.8626743454274,2016
Luxembourg,Y16,9.54679725423107,2016
Switzerland,Y16,8.88665990162241,2016
Sweden,Y16,4.47773408186321,2016
Spain,Y16,2.94468070022201,2016
"Eastern Europe, Russia, etc",Y16,4.86801606783366,2016
Russia,Y16,1.49994170225429,2016
Middle East,Y16,7.20675259081206,2016
Saudi Arabia,Y16,4.83807053626505,2016
UAE,Y16,0.78165796842285,2016
Iran,Y16,0.00881682176586116,2016
Africa,Y16,9.9923360211169,2016
South Africa,Y16,8.20777556212108,2016
OECD,Y16,919.908859754598,2016
ASEAN,Y16,167.216124494723,2016
EU,Y16,324.071792836137,2016
World,Y16,1356.71729044929,2016
Asia,Y17,429.99953855905,2017
China,Y17,119.028720096538,2017
AsiaNIES,Y17,146.509716938828,2017
Hong Kong,Y17,30.819545258846,2017
Taiwan,Y17,15.0142593073857,2017
Korea,Y17,37.0600654123036,2017
Singapore,Y17,63.615846960293,2017
ASEAN4,Y17,123.164837957923,2017
Thailand,Y17,63.2964357414825,2017
Indonesia,Y17,30.4603605497292,2017
Malaysia,Y17,14.3149531536707,2017
Philippines,Y17,15.0930885130404,2017
Vietnam,Y17,15.6616751658589,2017
India,Y17,22.2020772503773,2017
North America,Y17,507.294574920923,2017
USA,Y17,490.608462217976,2017
Canada,Y17,16.6861127029472,2017
Latin America,Y17,101.273755744128,2017
Mexico,Y17,10.4008693241012,2017
Brazil,Y17,21.7072703331913,2017
Cayman Is,Y17,35.4123665894629,2017
Oceania,Y17,78.1656004796804,2017
Australia,Y17,69.1053844836662,2017
New Zealand,Y17,3.75656227593431,2017
Europe,Y17,420.902266894976,2017
Western Europe,Y17,415.047974958597,2017
Germany,Y17,27.0255120417932,2017
UK,Y17,154.036502169348,2017
France,Y17,16.2752675846427,2017
Netherlands,Y17,130.409738212108,2017
Italy,Y17,3.68618991645806,2017
Belgium,Y17,20.7138404623879,2017
Luxembourg,Y17,15.2424817173014,2017
Switzerland,Y17,12.4966787513094,2017
Sweden,Y17,5.69877211425655,2017
Spain,Y17,3.35950947949401,2017
"Eastern Europe, Russia, etc",Y17,5.85429193637816,2017
Russia,Y17,1.58011549580115,2017
Middle East,Y17,9.27378688863737,2017
Saudi Arabia,Y17,4.90785997640479,2017
UAE,Y17,1.67773926783844,2017
Iran,Y17,0.0091658943364403,2017
Africa,Y17,7.82440695620062,2017
South Africa,Y17,6.21326964292943,2017
OECD,Y17,1051.02430817901,2017
ASEAN,Y17,204.761879975331,2017
EU,Y17,402.212996129356,2017
World,Y17,1554.73803041445,2017
Asia,Y18,465.819531776739,2018
China,Y18,123.40088244635,2018
AsiaNIES,Y18,165.716092060879,2018
Hong Kong,Y18,33.0793503369384,2018
Taiwan,Y18,15.4079399907609,2018
Korea,Y18,38.7256162378442,2018
Singapore,Y18,78.5031854953351,2018
ASEAN4,Y18,131.404551930752,2018
Thailand,Y18,68.856201536096,2018
Indonesia,Y18,31.3580952930254,2018
Malaysia,Y18,16.6348681652989,2018
Philippines,Y18,14.5553869363315,2018
Vietnam,Y18,16.9011833537138,2018
India,Y18,24.3895527239312,2018
North America,Y18,517.770468526766,2018
USA,Y18,500.342312568958,2018
Canada,Y18,17.428155957808,2018
Latin America,Y18,115.917863966187,2018
Mexico,Y18,11.9600560335598,2018
Brazil,Y18,21.3484066525996,2018
Cayman Is,Y18,47.0512068311141,2018
Oceania,Y18,75.1494921118116,2018
Australia,Y18,67.301131436558,2018
New Zealand,Y18,3.94060134702899,2018
Europe,Y18,455.03488721942,2018
Western Europe,Y18,448.847752087373,2018
Germany,Y18,28.8225271278533,2018
UK,Y18,163.957504130027,2018
France,Y18,16.7081334290399,2018
Netherlands,Y18,134.534640063053,2018
Italy,Y18,4.43649162193841,2018
Belgium,Y18,22.2026597999819,2018
Luxembourg,Y18,13.6240138433333,2018
Switzerland,Y18,14.650114681087,2018
Sweden,Y18,7.79146129400362,2018
Spain,Y18,7.48869300303442,2018
"Eastern Europe, Russia, etc",Y18,6.1871351320471,2018
Russia,Y18,1.53004443674819,2018
Middle East,Y18,8.81290471511776,2018
Saudi Arabia,Y18,5.22302511496377,2018
UAE,Y18,2.15373462765399,2018
Iran,Y18,0.011841450932971,2018
Africa,Y18,8.97067183849638,2018
South Africa,Y18,7.13132478207428,2018
OECD,Y18,1094.41165151809,2018
ASEAN,Y18,229.688042013786,2018
EU,Y18,432.154981267464,2018
World,Y18,1647.48000368458,2018
Asia,Y19,514.019008726624,2019
China,Y19,130.094372915896,2019
AsiaNIES,Y19,180.018969851461,2019
Hong Kong,Y19,36.1656047055795,2019
Taiwan,Y19,16.3614492607421,2019
Korea,Y19,38.9800540413834,2019
Singapore,Y19,88.5118618437563,2019
ASEAN4,Y19,151.167773502593,2019
Thailand,Y19,77.9365144834173,2019
Indonesia,Y19,40.0481975607696,2019
Malaysia,Y19,17.4502765870637,2019
Philippines,Y19,15.7327848713422,2019
Vietnam,Y19,19.5808524614475,2019
India,Y19,27.9532764911956,2019
North America,Y19,555.880707945772,2019
USA,Y19,534.880824310115,2019
Canada,Y19,20.9998836356574,2019
Latin America,Y19,126.43954623607,2019
Mexico,Y19,13.6234032448282,2019
Brazil,Y19,22.8973905190289,2019
Cayman Is,Y19,46.4297916643335,2019
Oceania,Y19,81.927961479093,2019
Australia,Y19,72.9774647994686,2019
New Zealand,Y19,3.82083551113147,2019
Europe,Y19,577.110627181759,2019
Western Europe,Y19,569.467891085149,2019
Germany,Y19,39.8867500557123,2019
UK,Y19,173.758521826083,2019
France,Y19,17.4462072839487,2019
Netherlands,Y19,136.09938260667,2019
Italy,Y19,5.45947802462666,2019
Belgium,Y19,26.4320638030325,2019
Luxembourg,Y19,15.9357844650939,2019
Switzerland,Y19,51.6429904444801,2019
Sweden,Y19,7.78536231326615,2019
Spain,Y19,7.39074371486028,2019
"Eastern Europe, Russia, etc",Y19,7.64273609661017,2019
Russia,Y19,2.19734119410902,2019
Middle East,Y19,9.04754068076958,2019
Saudi Arabia,Y19,4.7241389889235,2019
UAE,Y19,2.30994302039395,2019
Iran,Y19,0.0119770590655062,2019
Africa,Y19,6.10129223341273,2019
South Africa,Y19,4.43601788704535,2019
OECD,Y19,1258.53677419875,2019
ASEAN,Y19,262.880743879047,2019
EU,Y19,511.490807934201,2019
World,Y19,1870.53091592388,2019
Asia,Y20,552.708536173251,2020
China,Y20,143.744866842485,2020
AsiaNIES,Y20,198.873004270464,2020
Hong Kong,Y20,38.1949591366593,2020
Taiwan,Y20,18.644702107268,2020
Korea,Y20,43.3014997639698,2020
Singapore,Y20,98.7318432625666,2020
ASEAN4,Y20,152.184412665915,2020
Thailand,Y20,78.715838017478,2020
Indonesia,Y20,38.4828278809058,2020
Malaysia,Y20,18.5324927111294,2020
Philippines,Y20,16.4532540564018,2020
Vietnam,Y20,22.2584424274073,2020
India,Y20,29.8890747971838,2020
North America,Y20,640.058349997271,2020
USA,Y20,616.744980224939,2020
Canada,Y20,23.313369772341,2020
Latin America,Y20,126.956448788774,2020
Mexico,Y20,13.8526408121456,2020
Brazil,Y20,20.5076735673377,2020
Cayman Is,Y20,43.1955196796768,2020
Oceania,Y20,98.7241228491919,2020
Australia,Y20,89.3602628027291,2020
New Zealand,Y20,4.26519253698829,2020
Europe,Y20,596.723168119752,2020
Western Europe,Y20,587.006670334414,2020
Germany,Y20,46.1619093984322,2020
UK,Y20,179.358633426962,2020
France,Y20,16.7934768770347,2020
Netherlands,Y20,155.621092795742,2020
Italy,Y20,5.21391835399207,2020
Belgium,Y20,29.8012050382948,2020
Luxembourg,Y20,19.0920490203716,2020
Switzerland,Y20,63.3972649437918,2020
Sweden,Y20,9.74162389242234,2020
Spain,Y20,9.14205351637472,2020
"Eastern Europe, Russia, etc",Y20,9.71649778533824,2020
Russia,Y20,3.34260680752928,2020
Middle East,Y20,8.45396018777703,2020
Saudi Arabia,Y20,4.56031247836059,2020
UAE,Y20,2.06086552936224,2020
Iran,Y20,0.0138747314139166,2020
Africa,Y20,4.80018255916965,2020
South Africa,Y20,3.18128138551244,2020
OECD,Y20,1384.22325808986,2020
ASEAN,Y20,277.27010322703,2020
EU,Y20,339.854403305642,2020
World,Y20,2028.4292384489,2020
Asia,Y21,565.622188920144,2021
China,Y21,148.478571803231,2021
AsiaNIES,Y21,211.823102295561,2021
Hong Kong,Y21,40.8739459603023,2021
Taiwan,Y21,19.4972292430681,2021
Korea,Y21,40.8193514701876,2021
Singapore,Y21,110.632575622003,2021
ASEAN4,Y21,143.669017879647,2021
Thailand,Y21,71.986002802467,2021
Indonesia,Y21,36.332153839802,2021
Malaysia,Y21,19.1471511375608,2021
Philippines,Y21,16.2037100998176,2021
Vietnam,Y21,24.6792744162874,2021
India,Y21,31.0719096002519,2021
North America,Y21,680.873600158904,2021
USA,Y21,658.102467749696,2021
Canada,Y21,22.7711324092078,2021
Latin America,Y21,100.787380394319,2021
Mexico,Y21,13.1601645393242,2021
Brazil,Y21,19.6878762009816,2021
Cayman Is,Y21,16.6993325225504,2021
Oceania,Y21,92.4225850775973,2021
Australia,Y21,83.2539203218555,2021
New Zealand,Y21,4.63320140073836,2021
Europe,Y21,583.010308521317,2021
Western Europe,Y21,573.207139459547,2021
Germany,Y21,48.6296958071925,2021
UK,Y21,189.855926827823,2021
France,Y21,16.2208198496873,2021
Netherlands,Y21,156.759647086657,2021
Italy,Y21,5.30240118578874,2021
Belgium,Y21,26.0658066147238,2021
Luxembourg,Y21,29.4680985561154,2021
Switzerland,Y21,40.8316633643763,2021
Sweden,Y21,9.06186879292043,2021
Spain,Y21,8.19733133041174,2021
"Eastern Europe, Russia, etc",Y21,9.80316906177033,2021
Russia,Y21,3.62066221141418,2021
Middle East,Y21,6.15169098188846,2021
Saudi Arabia,Y21,4.03513138502432,2021
UAE,Y21,1.0643931095205,2021
Iran,Y21,0.0124537525799166,2021
Africa,Y21,5.73550939913134,2021
South Africa,Y21,3.54159644654274,2021
OECD,Y21,1404.94452194468,2021
ASEAN,Y21,283.218102872698,2021
EU,Y21,341.697964515097,2021
World,Y21,2034.60727545571,2021
Asia,Y22,566.507718517974,2022
China,Y22,143.307657300371,2022
AsiaNIES,Y22,215.955463784161,2022
Hong Kong,Y22,41.4909794682231,2022
Taiwan,Y22,19.0867460809596,2022
Korea,Y22,42.0895370411912,2022
Singapore,Y22,113.288201193787,2022
ASEAN4,Y22,147.118890290457,2022
Thailand,Y22,74.6873770797261,2022
Indonesia,Y22,35.8233371237475,2022
Malaysia,Y22,20.0679002300363,2022
Philippines,Y22,16.5402758569472,2022
Vietnam,Y22,24.8137142631149,2022
India,Y22,29.6847111563796,2022
North America,Y22,723.691459786068,2022
USA,Y22,699.532005624542,2022
Canada,Y22,24.1594541615257,2022
Latin America,Y22,113.520098734592,2022
Mexico,Y22,13.3672636304753,2022
Brazil,Y22,21.4184960303466,2022
Cayman Is,Y22,23.2515730113743,2022
Oceania,Y22,98.809601999667,2022
Australia,Y22,89.0415505542228,2022
New Zealand,Y22,5.31512939298471,2022
Europe,Y22,574.811677600923,2022
Western Europe,Y22,564.117303004208,2022
Germany,Y22,43.145371600227,2022
UK,Y22,174.261509754798,2022
France,Y22,14.9911491365673,2022
Netherlands,Y22,155.851488944143,2022
Italy,Y22,5.23830084928863,2022
Belgium,Y22,26.632413709331,2022
Luxembourg,Y22,33.8093942164447,2022
Switzerland,Y22,42.1117044992281,2022
Sweden,Y22,8.9513399696761,2022
Spain,Y22,8.90392349529287,2022
"Eastern Europe, Russia, etc",Y22,10.6943745967156,2022
Russia,Y22,4.55663519595127,2022
Middle East,Y22,7.02355077916604,2022
Saudi Arabia,Y22,4.30908529925836,2022
UAE,Y22,1.59851985267898,2022
Iran,Y22,0.0108496745648555,2022
Africa,Y22,7.00491093893598,2022
South Africa,Y22,3.76194408270017,2022
OECD,Y22,1447.63144140285,2022
ASEAN,Y22,289.296708081489,2022
EU,Y22,347.069235540601,2022
World,Y22,2091.37251360266,2022
Asia,Y23,573.962070176775,2023
China,Y23,139.187337355693,2023
AsiaNIES,Y23,212.770270549632,2023
Hong Kong,Y23,38.8011222517327,2023
Taiwan,Y23,18.6296088265205,2023
Korea,Y23,40.4538601037129,2023
Singapore,Y23,114.885679367666,2023
ASEAN4,Y23,153.901457646634,2023
Thailand,Y23,76.3810355390736,2023
Indonesia,Y23,39.0299867352192,2023
Malaysia,Y23,20.5036580726803,2023
Philippines,Y23,17.9867772996605,2023
Vietnam,Y23,29.0268835994484,2023
India,Y23,33.6219687086775,2023
North America,Y23,762.334916510042,2023
USA,Y23,735.511730139929,2023
Canada,Y23,26.8231863701132,2023
Latin America,Y23,119.252822911308,2023
Mexico,Y23,14.551438622553,2023
Brazil,Y23,24.3452291975248,2023
Cayman Is,Y23,19.8950235733946,2023
Oceania,Y23,109.91048612872,2023
Australia,Y23,100.048737106429,2023
New Zealand,Y23,5.92165009373409,2023
Europe,Y23,605.695400829625,2023
Western Europe,Y23,594.617743052617,2023
Germany,Y23,54.278178494604,2023
UK,Y23,187.869396746627,2023
France,Y23,17.4026321828642,2023
Netherlands,Y23,157.345376237376,2023
Italy,Y23,6.03942235033239,2023
Belgium,Y23,28.3847176550141,2023
Luxembourg,Y23,28.2691925782178,2023
Switzerland,Y23,40.7861188032037,2023
Sweden,Y23,12.9120071230764,2023
Spain,Y23,8.11594775879066,2023
"Eastern Europe, Russia, etc",Y23,11.0776577770085,2023
Russia,Y23,4.7516625376662,2023
Middle East,Y23,7.65056414541018,2023
Saudi Arabia,Y23,4.21010293326026,2023
UAE,Y23,2.1650290280198,2023
Iran,Y23,0.0101391513224894,2023
Africa,Y23,8.11729614362801,2023
South Africa,Y23,4.08802032496464,2023
OECD,Y23,1529.78005950057,2023
ASEAN,Y23,301.875471635156,2023
EU,Y23,365.29110167988,2023
World,Y23,2186.92682319429,2023
Asia,Y24,574.469264811223,2024
China,Y24,132.305931722934,2024
AsiaNIES,Y24,216.446744630806,2024
Hong Kong,Y24,38.7318246835899,2024
Taiwan,Y24,16.783704289613,2024
Korea,Y24,36.4054893937108,2024
Singapore,Y24,124.525726263893,2024
ASEAN4,Y24,154.882346382266,2024
Thailand,Y24,76.6336430983596,2024
Indonesia,Y24,39.0401616765596,2024
Malaysia,Y24,21.2810527622015,2024
Philippines,Y24,17.9274888451454,2024
Vietnam,Y24,28.4816881160048,2024
India,Y24,36.8616048485275,2024
North America,Y24,811.066848379898,2024
USA,Y24,786.102840691919,2024
Canada,Y24,24.964007687979,2024
Latin America,Y24,119.942053800678,2024
Mexico,Y24,12.8319646111787,2024
Brazil,Y24,21.3078156243144,2024
Cayman Is,Y24,22.3944144473114,2024
Oceania,Y24,113.021320573279,2024
Australia,Y24,104.193246587827,2024
New Zealand,Y24,5.24093090823992,2024
Europe,Y24,592.959644545779,2024
Western Europe,Y24,582.520611628583,2024
Germany,Y24,52.468205765704,2024
UK,Y24,169.206162953746,2024
France,Y24,23.7152461313446,2024
Netherlands,Y24,165.437715539673,2024
Italy,Y24,6.07000313016024,2024
Belgium,Y24,27.485808054367,2024
Luxembourg,Y24,27.6956667925581,2024
Switzerland,Y24,39.9000693747546,2024
Sweden,Y24,13.157462323814,2024
Spain,Y24,7.97625066923175,2024
"Eastern Europe, Russia, etc",Y24,10.4390329171955,2024
Russia,Y24,4.14151551409209,2024
Middle East,Y24,7.75471754090189,2024
Saudi Arabia,Y24,3.49379652256001,2024
UAE,Y24,2.87450180329977,2024
Iran,Y24,0.00908022038761163,2024
Africa,Y24,9.03175238251948,2024
South Africa,Y24,4.44735016165685,2024
OECD,Y24,1565.38528193593,2024
ASEAN,Y24,311.916199604757,2024
EU,Y24,373.373778704497,2024
World,Y24,2228.24852724624,2024
