gtap_code,gtap_desc,World,Japan,USA
1,PDR - Paddy rice,2.92616668695652,0,0.880654933333334
3,GRO - Cereal grains n.e.c.,0.120341338655462,0,0.4382330125
4,"V_F - Vegetables, fruit, nuts",5.39902505543729,0.000246435849056604,0.754063760526316
5,OSD - Oil seeds,0.0376512116564417,0,0.04605475
7,PFB - Plant-based fibers,0.0235927396226415,0,0
8,OCR - Crops n.e.c.,3.08020047862649,0.000308791044776119,0.0422393063829787
10,OAP - Animal products n.e.c.,1.26247613251422,0.000327672463768116,2.28971702463768
12,"WOL - Wool, silk-worm cocoons",0.0920561866666667,0.86554,
13,FRS - Forestry,2.83447424475138,0,9.09695691818182
14,FSH - Fishing,0.576810660674158,0,0.305063247826087
15,COA - Coal,0.0499615175438597,0.0809635615384615,0
17,GAS - Gas,0.0320407409090909,0.7048963,0
18,OMN - Minerals n.e.c.,0.607561698674873,0.00194451389830508,7.97774647887324e-05
19,CMT - Bovine meat prods,15.6912641613527,0.000607688235294118,1.21544974615385
20,OMT - Meat products n.e.c.,2.83772960484375,0,1.35631772608696
21,VOL - Vegetable oils and fats,3.00677682230129,0.0554900404255319,0.728197233823529
22,MIL - Dairy products,2.93046101201474,1.28372648461538,0.129487022222222
23,PCR - Processed rice,55.585509470437,0,87.07444
24,SGR - Sugar,6.4807100625,0.0598200285714286,0
25,OFD - Food products n.e.c.,3.49943601857558,0.48510419787234,7.60932012982456
26,B_T - Beverages and tobacco products,13.0961632693809,9.93648592711865,7.48292879294118
27,TEX - Textiles,1.99251708913729,7.35704545454545e-05,0.000912833669421487
28,WAP - Wearing apparel,3.98105936136884,0,0
29,LEA - Leather products,3.37343490065108,0,0.0364775247345133
30,LUM - Wood products,2.5010847273924,0,0.1797957968
31,"PPP - Paper products, publishing",1.44317855905969,0.418228873015873,0.000179376990265487
32,"P_C - Petroleum, coal products",1.17776941117296,1.01221604722222,0
33,"CRP - Chemical, rubber, plastic products",1.45710490114213,0.740613568478261,0.3217395790625
34,NMM - Mineral products n.e.c.,3.22548618501109,1.79523639464286,0
35,I_S - Ferrous metals,1.19460057698818,0.0384823071428571,8.9763768115942e-05
36,NFM - Metals n.e.c.,0.632431886965133,0.00441313040740741,0.0132084703221053
37,FMP - Metal products,1.60077099480968,0.226774895522388,0.0155372224137931
38,MVH - Motor vehicules and parts,13.7369682362366,0.445945478431373,0
39,OTN - Transport equipment n.e.c.,1.09626328472466,0.572661922727273,0.0237472461538462
40,ELE - Electronic equipment,2.10598640284765,0.67312396440678,0
41,OME - Machinery and equipment n.e.c.,2.9468888105229,1.94649065684211,0.00022183811023622
42,OMF - Manufactures n.e.c.,3.98967701062473,2.18065077571429,0.144026340480769
