"Source: WTO, Regional Trade Agreements Information System (RTA-IS), Extracted on 06/10/2026 08:49",,,,,
"Evolution of RTAs notified, 1948 - 2026",,,,,
,,,,,
,,,,,
Year of entry into force,Goods notifications,Services notifications,Accessions to an RTA,Cumulative Notifications of RTAs in force,Cumulative Number of notified RTAs in force
,,,,,
,,,,,
1948,0,0,0,0,0
1949,0,0,0,0,0
1950,0,0,0,0,0
1951,0,0,0,0,0
1952,0,0,0,0,0
1953,0,0,0,0,0
1954,0,0,0,0,0
1955,0,0,0,0,0
1956,0,0,0,0,0
1957,0,0,0,0,0
1958,1,1,0,2,1
1959,0,0,0,2,1
1960,1,0,0,3,2
1961,1,0,0,4,3
1962,0,0,0,4,3
1963,0,0,0,4,3
1964,0,0,0,4,3
1965,0,0,0,4,3
1966,0,0,0,4,3
1967,0,0,0,4,3
1968,0,0,0,4,3
1969,0,0,0,4,3
1970,0,0,1,5,3
1971,1,0,0,6,4
1972,0,0,0,6,4
1973,5,0,1,12,9
1974,0,0,0,12,9
1975,0,0,0,12,9
1976,1,0,0,13,10
1977,2,0,0,15,12
1978,0,0,0,15,12
1979,0,0,0,15,12
1980,0,0,0,15,12
1981,1,0,1,17,13
1982,0,0,0,17,13
1983,2,0,0,19,15
1984,1,0,0,20,16
1985,1,0,0,21,17
1986,0,0,1,22,17
1987,2,0,0,24,19
1988,1,0,0,25,20
1989,1,1,0,27,21
1990,0,0,0,27,21
1991,3,0,0,30,24
1992,1,0,0,31,25
1993,6,0,0,37,31
1994,4,1,0,42,36
1995,9,1,2,54,44
1996,9,0,0,63,53
1997,5,1,0,69,58
1998,7,1,0,77,66
1999,7,1,2,87,72
2000,11,1,0,99,83
2001,7,4,0,110,90
2002,10,5,1,126,100
2003,13,6,0,145,112
2004,10,7,2,164,121
2005,13,7,0,184,134
2006,18,10,0,212,152
2007,11,3,3,229,163
2008,15,9,0,253,178
2009,21,17,1,292,198
2010,16,8,0,316,210
2011,10,8,1,335,220
2012,18,10,0,363,237
2013,12,11,3,389,249
2014,13,11,0,413,262
2015,11,11,5,440,273
2016,10,5,0,455,283
2017,8,5,2,470,291
2018,3,5,1,479,295
2019,8,6,2,495,303
2020,9,9,1,514,312
2021,43,24,2,583,356
2022,6,6,0,595,362
2023,5,5,0,605,367
2024,8,6,2,621,376
2025,7,6,0,634,383
2026,4,4,0,642,388
