year,gdp_share,global_trade_share,iso3c
1990,0,0,ABW
2020,1.24137267233696,7.11971401646562e-05,ABW
2020,0.467098945514102,0.00021540929072231,AFG
1990,0,0,AGO
2020,0.659420289329872,0.00073909730109568,AGO
1990,0.394369634031142,9.63473800142841e-05,ALB
2020,0.595207118897718,0.000209641932074893,ALB
1970,0,0,AND
1990,0,0,AND
2020,0,0,AND
1970,0,0,ARE
1990,0,0,ARE
2020,1.85280552445404,0.0149632894417852,ARE
1970,0.103374440809233,0.00474087949235131,ARG
1990,0.149908589999441,0.00255199847013226,ARG
2020,0.30203698807416,0.00269239621908748,ARG
1990,0.81335718545021,0.00022107341143597,ARM
2020,0.694888075396078,0.000203003666958641,ARM
2020,1.54368932038835,2.5720461507004e-05,ASM
1990,0,0,ATG
2020,0.942895298864988,3.07588509367494e-05,ATG
1970,0.26152929063025,0.0156967999969765,AUS
1990,0.321527144597396,0.0120593350447424,AUS
2020,0.446644560654359,0.013711314896618,AUS
1970,0.550761193245757,0.0122459766655645,AUT
1990,0.717694819464079,0.0143319091855878,AUT
2020,0.999482141095974,0.0100333520218641,AUT
1990,0.830832196452933,0.000889023551949985,AZE
2020,0.720178676487813,0.000710526899530625,AZE
1970,0.22309796554468,7.86320115586057e-05,BDI
1990,0.35648139551677,4.86040056317278e-05,BDI
2020,0.267733299995949,1.63937932667466e-05,BDI
1970,0.877273019754198,0.034019076907256,BEL
1990,1.21467851074465,0.0300377483736979,BEL
2020,1.56950121282784,0.0192119164840857,BEL
1970,0.396379034467417,0.0001920209057,BEN
1990,0.457201821451396,0.000107921075187461,BEN
2020,0.448332333768727,0.000162523589193925,BEN
1970,0.215970104218475,0.000143753361974619,BFA
1990,0.354226504401748,0.000132304575576287,BFA
2020,0.607397786403238,0.000248795945945552,BFA
1970,0.208205969538368,0.00271869239514882,BGD
1990,0.189665020125385,0.000721774346683796,BGD
2020,0.26271447376215,0.00227046767102813,BGD
1990,0.698470608451971,0.0017355666681664,BGR
2020,1.10324081132354,0.00179868430934141,BGR
1970,0,0,BHR
1990,1.84828804680899,0.00107058338749915,BHR
2020,1.35460985012932,0.00112185606284002,BHR
1970,0,0,BHS
1990,1.10120025268478,0.00041988188210225,BHS
2020,0.534207580670063,0.000127934453682771,BHS
1990,0,0,BIH
2020,0.821112652572898,0.000383793066726886,BIH
1990,0.89607390300231,0.0018766457552983,BLR
2020,1.18934176146534,0.0016867791572378,BLR
1970,0,0,BLZ
1990,0.794114959334735,5.23286707702581e-05,BLZ
2020,0.81821964412463,3.86269105201771e-05,BLZ
1970,0,0,BMU
1990,0,0,BMU
2020,0.691937002313222,0.000110129377545311,BMU
1970,0.489571263035923,0.000715730001728798,BOL
1990,0.467032725841847,0.000273785576830949,BOL
2020,0.455032626166675,0.000385177753971244,BOL
1970,0.144791733661385,0.00889905306904401,BRA
1990,0.151555990810218,0.00702648997574256,BRA
2020,0.32302078543794,0.0110187408556315,BRA
1970,0,0,BRB
1990,0,0,BRB
2020,0,0,BRB
1970,0,0,BRN
1990,0.577484299019102,0.000420066928747161,BRN
2020,1.10291003563964,0.000305995312258917,BRN
1970,0,0,BTN
1990,0.612162874391515,2.12155791367472e-05,BTN
2020,0.718303510394635,4.07946813986994e-05,BTN
1970,0.855692530819434,0.000119581409132518,BWA
1990,1.04847320396747,0.000478651448952588,BWA
2020,0.776634178431968,0.000268496723105812,BWA
1970,0.735008478028887,0.000201824828276488,CAF
1990,0.429429835183744,7.45107864163383e-05,CAF
2020,0.495210200011921,2.66267073505077e-05,CAF
1970,0.414922765180909,0.0531341139802136,CAN
1990,0.499944644220497,0.0358899770735417,CAN
2020,0.611567709632764,0.0233994571870363,CAN
1970,0.828812630066084,0.0300842025230691,CHE
1990,0.825088186848907,0.0264086224090167,CHE
2020,1.21785978141921,0.0208825937020933,CHE
2020,0,0,CHI
1970,0.279675889817453,0.00376087534343372,CHL
1990,0.612086377787819,0.00246422620223608,CHL
2020,0.581828635629747,0.00341573743988645,CHL
1970,0.0482548633004292,0.0064989687786395,CHN
1990,0.242259824799678,0.010549016569198,CHN
2020,0.340389507864019,0.117963373436176,CHN
1970,0.648769566959781,0.00137111305166457,CIV
1990,0.588014956103208,0.000764531106001493,CIV
2020,0.419426318190526,0.000610902331810089,CIV
1970,0.50879952641054,0.000850510362173675,CMR
1990,0.374964454411258,0.000556104222282066,CMR
2020,0.337388313623871,0.000317898782195281,CMR
1970,0,0,COD
1990,0,0,COD
2020,0.584917573282024,0.000658504062597404,COD
1970,0.924999736842105,0.000369307351648474,COG
1990,0.708193543307085,0.000238707123227916,COG
2020,0.693066247188398,0.000183684309225307,COG
1970,0.278252289708363,0.00290835928616955,COL
1990,0.347778103803082,0.00200392038271815,COL
2020,0.340555709680102,0.00212762688706617,COL
1990,0.357570317175344,1.85011223098779e-05,COM
2020,0.33729934615749,9.54880614052139e-06,COM
1990,0.859515840306444,3.17678560893212e-05,CPV
2020,0.783934545931902,3.29995650005721e-05,CPV
1970,0.624139799958304,0.000892522012956636,CRI
1990,0.752851641940228,0.000517873614241652,CRI
2020,0.601398862509037,0.000867161993554412,CRI
1970,0.768065379599513,0.00634914856880204,CUB
1990,0.711144932237198,0.00245337246835502,CUB
2020,0.156825502693015,0.000389053755346959,CUB
2020,0,0,CUW
2020,1.05472789465325,0.000137842813379733,CYM
1990,1.08608208716903,0.000731327964624589,CYP
2020,1.6066871645997,0.000948838715999026,CYP
1990,0.630512785845123,0.00311462999286369,CZE
2020,1.28780430305965,0.00747303275097082,CZE
1970,0.315904531520063,0.099368476407932,DEU
1990,0.456889546847933,0.0978436210909105,DEU
2020,0.729932572283324,0.0664627443441724,DEU
1990,0,0,DJI
2020,2.25744871323723,0.000164022276554555,DJI
1990,0,0,DMA
2020,0,0,DMA
1970,0.571347346526575,0.014166034282232,DNK
1990,0.673045794419523,0.0112036188837113,DNK
2020,1.04433432671151,0.00858267729664793,DNK
1970,0.458826916189835,0.000989685625417373,DOM
1990,0.691984136752272,0.000589510027425949,DOM
2020,0.447331613466756,0.000811971853717969,DOM
1970,0.512254018061269,0.00361753227835004,DZA
1990,0.483807136815584,0.00361537651529104,DZA
2020,0.40389756562539,0.00153888250583822,DZA
1970,0.224512535597798,0.000933173259970583,ECU
1990,0.44594912294028,0.000818463797924616,ECU
2020,0.439893109378389,0.000974524969388376,ECU
1970,0.306627936031984,0.00358065379970155,EGY
1990,0.529227557411273,0.00273935182072914,EGY
2020,0.321262555667523,0.00284950131210315,EGY
1970,0.258528842334683,0.0153774406383551,ESP
1990,0.356529049772589,0.0230224569167094,ESP
2020,0.594461280147075,0.0177183834117252,ESP
2020,1.37392641283846,0.00101031725470706,EST
1970,0,0,ETH
1990,0,0,ETH
2020,0.240061143401794,0.000597242481168079,ETH
1970,0.494169684302622,0.00815030602892076,FIN
1990,0.458390132360054,0.00780865476686287,FIN
2020,0.721845955995889,0.00450393781594361,FIN
1970,0,0,FJI
1990,1.295,0.000208524362329248,FJI
2020,0.723435757807251,7.41018410791023e-05,FJI
1970,0.321232487070859,0.0685325335604424,FRA
1990,0.445862869486887,0.0675321895498989,FRA
2020,0.588388907240647,0.0360042627243078,FRA
1970,0.752590266875982,9.28137853805675e-05,FRO
1990,0.788765556676758,9.12711031121856e-05,FRO
2020,0.962241937518396,7.2753918383215e-05,FRO
1970,0,0,FSM
1990,0,0,FSM
2020,0.85309816339618,7.35153646703326e-06,FSM
1970,0.877094776068206,0.000412384571153578,GAB
1990,0.768974453905961,0.000551246939862275,GAB
2020,0.701140546463796,0.000248586385113079,GAB
1970,0.429892674147401,0.0815676824767862,GBR
1990,0.482329411879357,0.0635010826770869,GBR
2020,0.587811375973028,0.0366325236144202,GBR
1990,0.855271949752774,0.000796831563627656,GEO
2020,0.928910841752192,0.000343694462039213,GEO
1970,0.440460380699424,0.00141664784389569,GHA
1990,0.427281781307804,0.000303049597505607,GHA
2020,0.665754987162431,0.00107707812252769,GHA
1970,0,0,GIN
1990,0.442481030022452,0.000207208063651372,GIN
2020,1.15765259518929,0.000376905583307396,GIN
1970,0.787004130335017,5.97615561570375e-05,GMB
1990,1.31485415341849,5.02112942570766e-05,GMB
2020,0.473955201736291,1.98481501538584e-05,GMB
1970,0.341885886489373,0.000101604337969614,GNB
1990,0.469705027190619,3.58750611849956e-05,GNB
2020,0.434304481311734,1.68974749833919e-05,GNB
1970,0,0,GNQ
1990,0,0,GNQ
2020,0.779278846441807,0.000178172350648644,GNQ
1970,0.224573900261879,0.00422516105954088,GRC
1990,0.390357306279462,0.00453808560553817,GRC
2020,0.702937864486396,0.0031085543738137,GRC
1990,0,0,GRD
2020,0,0,GRD
1970,0,0,GRL
1990,0,0,GRL
2020,0.826595028892583,5.90176931790877e-05,GRL
1970,0.363497899159664,0.00100495026379679,GTM
1990,0.458694854703458,0.000422616453229545,GTM
2020,0.411407616494522,0.000738900087977492,GTM
2020,0.636747802569304,8.70520920906415e-05,GUM
1970,1.13461538461538,0.000441199447557657,GUY
1990,1.42566230803686,6.80925936956045e-05,GUY
2020,0,0,GUY
1970,1.78672206353328,0.00986061297561078,HKG
1990,2.2600024029797,0.020938602602931,HKG
2020,3.50679705044449,0.0279538576773049,HKG
1970,0.620193637621024,0.000651090446881203,HND
1990,0.71008068283033,0.000421006013225528,HND
2020,0.880008563836291,0.000474896421199982,HND
1990,0,0,HRV
2020,0.895334538008947,0.00119928544982185,HRV
1970,0,0,HTI
1990,0.464148543201609,0.0001730806494474,HTI
2020,0.374138801252638,0.000125438413028051,HTI
1970,0,0,HUN
1990,0,0,HUN
2020,1.54295498794188,0.00565040741119354,HUN
1970,0.286826347305389,0.00381108262016663,IDN
1990,0.528918614376892,0.00676115408008103,IDN
2020,0.329721754002428,0.00806955608789022,IDN
1990,0,0,IMN
2020,0,0,IMN
1970,0.0766176933794547,0.00694457755861692,IND
1990,0.155062615101966,0.00599423384880077,IND
2020,0.377581053292767,0.0233396035758322,IND
1970,0.744260445647121,0.00475070273499808,IRL
1990,1.05029447108304,0.00623673850404477,IRL
2020,2.5010845231469,0.0252319865108956,IRL
1970,0.396670145482825,0.0063220661130713,IRN
1990,0.370805676988109,0.00557387259003059,IRN
2020,0.438101646870977,0.00265441164106983,IRN
1970,0.575219728645789,0.00274067730845552,IRQ
1990,0.151262818163125,0.00328653345148725,IRQ
2020,0.577423163951461,0.00241386776239775,IRQ
1970,0.870692556634305,0.000665897857245102,ISL
1990,0.65110850561994,0.000507250801726786,ISL
2020,0.679750756256745,0.000339773005420796,ISL
1970,0.582804644747422,0.00626793137608652,ISR
1990,0.608974222016245,0.00454838995293927,ISR
2020,0.512366737920366,0.00486364084669708,ISR
1970,0.300296336389734,0.049558788345218,ITA
1990,0.362382276733087,0.0516711880669868,ITA
2020,0.539394839042763,0.0237766476283481,ITA
1970,0.706475372157471,0.0014409955797098,JAM
1990,0.999401719360274,0.000552728137536008,JAM
2020,0,0,JAM
1970,0,0,JOR
1990,1.494476838941,0.000748758175403907,JOR
2020,0.66059948808906,0.000667124775476075,JOR
1970,0.191505027658982,0.0604036262578329,JPN
1990,0.193357137329228,0.0741895786743104,JPN
2020,0.31335208636773,0.0365979925661387,JPN
1990,0,0,KAZ
2020,0.570264423660931,0.00225457724103075,KAZ
1970,0.604896448154227,0.00140835279580031,KEN
1990,0.570209136817269,0.000588687001865066,KEN
2020,0.272378155252369,0.000633580834173041,KEN
1990,0.787383177570095,0.000252261382503681,KGZ
2020,0.789922784304739,0.000150972675354964,KGZ
1990,0,0,KHM
2020,1.22105396346568,0.000982478811530924,KHM
1970,0,0,KIR
1990,1.51071702815406,6.64712392503794e-06,KIR
2020,0.767089561131335,3.91580851703942e-06,KIR
1970,0,0,KNA
1990,0,0,KNA
2020,0,0,KNA
1970,0.325609668883644,0.00425758885765484,KOR
1990,0.507503133784944,0.0173195319593303,KOR
2020,0.690340450909561,0.0262319973898714,KOR
1970,0.83932573321641,0.0035021798449838,KWT
1990,1.03011000150739,0.00228615931974226,KWT
2020,0.820107458304902,0.00210453039517843,KWT
1990,0.358472084769786,3.73682174633735e-05,LAO
2020,0,0,LAO
1990,1.17905808025004,0.000403061928913309,LBN
2020,0.501298042879628,0.000367371101930267,LBN
1970,0,0,LBR
1990,0,0,LBR
2020,0,0,LBR
1970,0,0,LBY
1990,0.707978008552229,0.00246450893657841,LBY
2020,0.509757934373318,0.000551946401051308,LBY
1990,0,0,LCA
2020,0,0,LCA
1970,0,0,LIE
1990,0,0,LIE
2020,0,0,LIE
1970,0.54054449648712,0.0018024700487502,LKA
1990,0.68243915172911,0.000660187592248401,LKA
2020,0.370891188572919,0.000722837901608808,LKA
1970,0.610997963340122,6.09852538597132e-05,LSO
1990,0,0,LSO
2020,1.41096604645579,6.69633436948648e-05,LSO
2020,1.35796565563519,0.00180167041289847,LTU
1970,1.60837985858684,0.00340449651045732,LUX
1990,1.87811167101456,0.00289042140042852,LUX
2020,3.75581396376431,0.00639415184276124,LUX
2020,1.2388319804656,0.000955611547299791,LVA
1990,1.75664362519201,0.00068682561396293,MAC
2020,1.2150036301495,0.000711587326139534,MAC
1970,0.39216322860996,0.00225286819208749,MAR
1990,0.546266874206199,0.00198551591509664,MAR
2020,0.688438033904363,0.00193063988434479,MAR
1970,0,0,MCO
1990,0,0,MCO
2020,0,0,MCO
1990,0,0,MDA
2020,0.792657221191579,0.000211215812152975,MDA
1970,0.407459669717525,0.000657824867511859,MDG
1990,0.323809923743425,0.000153313400256281,MDG
2020,0.490107073664369,0.000147819944383315,MDG
1970,0,0,MDV
1990,0,0,MDV
2020,1.14361902904327,9.81168647523064e-05,MDV
1970,0.174122972972973,0.00898058752946546,MEX
1990,0.385196964133296,0.0121197925832115,MEX
2020,0.7685455569922,0.0199105800636779,MEX
1970,0,0,MHL
1990,0,0,MHL
2020,1.07825971877585,6.02508627994869e-06,MHL
1990,0.586870300751878,0.000332167593321109,MKD
2020,1.28241244322257,0.000366324714066933,MKD
1970,0.306710851866592,0.000160225856689068,MLI
1990,0.465841612438988,0.000150464050982966,MLI
2020,0.560415474422019,0.000268061142107705,MLI
1970,1.15539678143387,0.000420640503284222,MLT
1990,1.6448373762214,0.000504612361448013,MLT
2020,2.56402967044058,0.000972327545926568,MLT
1970,0,0,MMR
1990,0,0,MMR
2020,0,0,MMR
2020,0.870060180817206,9.59071486561277e-05,MNE
1990,0.586218949695306,0.000180793579981267,MNG
2020,1.12838647629317,0.000347149697614475,MNG
2020,0.789838337182448,1.58066448075388e-05,MNP
2020,0.999061460519792,0.000328659423451241,MOZ
1970,0.495912541920553,0.00022279661204445,MRT
1990,0.781245487729655,0.000141783609902707,MRT
2020,0.867761681322741,0.00016565466313843,MRT
1970,0,0,MUS
1990,1.35290500660692,0.000438169747764136,MUS
2020,0.832396173536448,0.000219445779443524,MUS
1990,0,0,MWI
2020,0,0,MWI
1970,0.868797024262404,0.00487469596322205,MYS
1990,1.46888252533989,0.00778811327814525,MYS
2020,1.16788182437639,0.00910751421121036,MYS
1990,0.937592455854005,0.000315033011881159,NAM
2020,0.769252424036466,0.000188144695738227,NAM
1970,0,0,NCL
1990,0.531999346943577,0.000162063597976129,NCL
2020,0,0,NCL
1970,0.288730742489038,0.00027247483038111,NER
1990,0.3561677355533,0.000150661777978728,NER
2020,0.355129906570841,0.000112798837282667,NER
1970,0,0,NGA
1990,0,0,NGA
2020,0,0,NGA
1970,0.559242870444615,0.00063222811767433,NIC
1990,0.712908140830954,8.66703734848494e-05,NIC
2020,0.886381231228971,0.000260681660613204,NIC
1970,0.864827481438493,0.0479960983237095,NLD
1990,1.04115680713624,0.0399744982346795,NLD
2020,1.52233230409706,0.0328072811656176,NLD
1970,0.709636184857424,0.0132038433716732,NOR
1990,0.713870970753243,0.0102990434667728,NOR
2020,0.653539790413324,0.00555227042220233,NOR
1970,0.132071167883212,0.000166069258595926,NPL
1990,0.32188754157964,0.000140627003674557,NPL
2020,0.409188741243441,0.000316148540214517,NPL
1970,0,0,NRU
1990,0,0,NRU
2020,1.3514880806541,3.88928613818578e-06,NRU
1970,0.471633776017142,0.00444836329274576,NZL
1990,0.526081416580188,0.00288248985701313,NZL
2020,0.439772422862431,0.00216496781463558,NZL
1970,0.933520599250937,0.000347441564441339,OMN
1990,0.61237250381023,0.000981640731354897,OMN
2020,0.918758908014471,0.00161168901344862,OMN
1970,0.179661158928609,0.00261591119247353,PAK
1990,0.350345759004981,0.00168818462401039,PAK
2020,0.267162807328814,0.00185479767299613,PAK
1970,1.17373122732801,0.00230251137752843,PAN
1990,1.21793552873367,0.000943741495413241,PAN
2020,0.68700423510603,0.000905886121026904,PAN
1970,0.329936758795719,0.00356061621509116,PER
1990,0.29469676899683,0.000937346282210106,PER
2020,0.442459671977441,0.0020593855300595,PER
1970,0,0,PHL
1990,0.429223562880581,0.00261093532440326,PHL
2020,0.58169560302228,0.00486283225374626,PHL
1970,0,0,PLW
1990,0,0,PLW
2020,1.07241569970825,6.41846375348789e-06,PLW
1970,0.724149770272421,0.000678806912426233,PNG
1990,0.895715493140885,0.000347327634923832,PNG
2020,0,0,PNG
1990,0,0,POL
2020,0.992590912303438,0.0138984064419226,POL
1970,0.499215444812998,0.00364953329436043,PRI
1990,1.14452662092067,0.00421844959970041,PRI
2020,1.03509617389163,0.00246690885360043,PRI
1970,0.432134622149252,0.00508769592700832,PRT
1990,0.650555926306886,0.00616716788364656,PRT
2020,0.765086407209214,0.00405977038821219,PRT
1970,0.3103802672148,0.000267980283543879,PRY
1990,0.913083408020562,0.000639137848810786,PRY
2020,0.627602174748561,0.000513884930472028,PRY
2020,0.672881912475775,0.000241513515911679,PSE
1970,0,0,PYF
1990,0,0,PYF
2020,0.458331834386023,5.90465625913525e-05,PYF
1970,0,0,QAT
1990,0,0,QAT
2020,0.900190948833104,0.00300413608932946,QAT
1990,0.429070987294558,0.00197645288582579,ROU
2020,0.779236434600616,0.00453849245828112,ROU
1990,0.361067991307048,0.0224823440924182,RUS
2020,0.459669082029128,0.0158602770713817,RUS
1970,0.267394262826896,8.53793895553406e-05,RWA
1990,0.196841588743296,6.04558854830216e-05,RWA
2020,0.551879515519856,0.000129758588748781,RWA
1970,0.72365484750806,0.00565033443123043,SAU
1990,0.717080755916236,0.0101586670785955,SAU
2020,0.475331592250479,0.0084355595572733,SAU
1970,0.3274989744291,0.000998740063437523,SDN
1990,0.110908904749794,0.000449353475122175,SDN
2020,0.0995514507626148,6.2194364388489e-05,SDN
1970,0.393467451277859,0.000741243652579316,SEN
1990,0.447892639604104,0.000398680626712544,SEN
2020,0.600468716137066,0.000340392991680069,SEN
1970,2.71059479870053,0.00755912277398968,SGP
1990,3.44332217845069,0.0149888337383307,SGP
2020,3.32040805481914,0.0267921041700889,SGP
1990,1.42442017969001,3.68620360718258e-05,SLB
2020,0.602203376396923,2.13776134830624e-05,SLB
1970,0.60302368173167,0.000380526103092887,SLE
1990,0.68690667371374,5.37431546238044e-05,SLE
2020,0.305875766269584,4.73159061178055e-05,SLE
1970,0.493838929491932,0.000812381987558197,SLV
1990,0.496156277783176,0.000287868364962457,SLV
2020,0.664595069497083,0.000382744962901845,SLV
2020,3.04903167579062,0.000108841307462179,SMR
1970,0.261915794035625,0.000132342222382723,SOM
1990,0.42263332469949,5.24917597467624e-05,SOM
2020,0.756877839830262,0.000150917407669452,SOM
2020,1.00324460810129,0.00129538936649774,SRB
1970,0,0,STP
1990,0,0,STP
2020,0,0,STP
1970,0,0,SUR
1990,0,0,SUR
2020,0,0,SUR
1990,0.564662657120491,0.000878284018016925,SVK
2020,1.67534173320366,0.00417094201694024,SVK
1990,1.39573592304258,0.00333365251893756,SVN
2020,1.47549008584942,0.0018202757528105,SVN
1970,0.443602237137739,0.0245009699295959,SWE
1990,0.559048535341562,0.0176043746844697,SWE
2020,0.843307817719974,0.0106238966056167,SWE
1970,0,0,SWZ
1990,0,0,SWZ
2020,0.843006119726656,8.0274392152421e-05,SWZ
2020,0,0,SXM
1970,0,0,SYC
1990,0.625764814210132,2.95548186931914e-05,SYC
2020,1.5348333156592,4.90372612820644e-05,SYC
1970,0.385588235294117,0.00119837072696241,SYR
1990,0.562900629080827,0.000834432433466941,SYR
2020,0.448183353027481,0.000124780101459511,SYR
2020,0,0,TCA
1970,0.383095679084533,0.000261037405238522,TCD
1990,0.413870234428165,8.66593004624974e-05,TCD
2020,0.406428170621933,0.000140252783281239,TCD
1970,0.59837177746536,0.000311628186458185,TGO
1990,0.597664883098491,0.000165528329463533,TGO
2020,0.55548538560864,9.49958486441567e-05,TGO
1970,0.344023067652725,0.00353995246677278,THA
1990,0.757823643645399,0.00778909407125405,THA
2020,0.978007432465176,0.0113108896902041,THA
1990,0,0,TJK
2020,0.557491040194955,0.000104790932857819,TJK
1990,0,0,TKM
2020,0.359365938526967,0.000380501726655662,TKM
1990,0,0,TLS
2020,0.847503095026238,4.23550255545973e-05,TLS
1990,0.989657234499442,1.35355131395665e-05,TON
2020,0.834579923473471,9.58257727565019e-06,TON
1970,0,0,TTO
1990,0,0,TTO
2020,0,0,TTO
1970,0.467443091582847,0.000976870760963599,TUN
1990,0.941612655676469,0.00139377981184868,TUN
2020,0.843382668589088,0.000828157993971278,TUN
1970,0.107888040712468,0.00279845865580276,TUR
1990,0.309429955004348,0.00561432136608149,TUR
2020,0.613437557667653,0.0102115243212819,TUR
1970,0,0,TUV
1990,0,0,TUV
2020,0,0,TUV
1970,0,0,TZA
1990,0.344836065795065,0.000256837874782478,TZA
2020,0.279630151969884,0.000426936810421564,TZA
1970,0.434700455707459,0.000795028843592027,UGA
1990,0.266095437605897,0.000137943075265923,UGA
2020,0.370006923916369,0.000321503379135412,UGA
1990,0.564071856287426,0.00552935392971413,UKR
2020,0.791564523761816,0.00286490890503511,UKR
1970,0.290943396226415,0.000902835052490229,URY
1990,0.416284721190914,0.000466195060046508,URY
2020,0.47731873318209,0.000590782258549404,URY
1970,0.107582854049602,0.167664502254517,USA
1990,0.198150673537315,0.142305200715323,USA
2020,0.230797778694073,0.113892884212074,USA
1990,0,0,UZB
2020,0.560515308349972,0.000860641014630089,UZB
1970,0,0,VCT
1990,0,0,VCT
2020,0,0,VCT
1970,0.420369053339741,0.00705677111019815,VEN
1990,0.577072173831781,0.00337814623794471,VEN
2020,1.13596594939702,0.000111016259730141,VIR
1990,0.81315697940889,0.000633790071645625,VNM
2020,1.63245862814935,0.0130759741932609,VNM
1990,1.12575244068997,2.28964947699672e-05,VUT
2020,0.699148948336494,1.46932646374433e-05,VUT
1970,0,0,WSM
1990,0,0,WSM
2020,0.774835999958194,1.55583078193303e-05,WSM
2020,0.756080171280002,0.000134836699629991,XKX
1990,0.276276662296056,0.000420699970324176,YEM
1970,0.397862232779097,0.0122580360258023,ZAF
1990,0.382118009241798,0.0058007462883423,ZAF
2020,0.507596590804177,0.00396448175110431,ZAF
1970,0,0,ZMB
1990,0,0,ZMB
2020,0.792068494095954,0.000331993897210996,ZMB
1970,0,0,ZWE
1990,0.456592519741448,0.000483016552603937,ZWE
2020,0.473133820116249,0.000293773111103756,ZWE
