date,value,region,variable
1910,1056.07266249152,East Asia,GDPpc
1920,1215.61564030937,East Asia,GDPpc
1930,1296.04836898522,East Asia,GDPpc
1940,1496.27657563282,East Asia,GDPpc
1950,1109.44073737459,East Asia,GDPpc
1960,1725.52175975897,East Asia,GDPpc
1970,3030.77205392167,East Asia,GDPpc
1980,4191.31840830088,East Asia,GDPpc
1990,6089.84146462052,East Asia,GDPpc
2000,8152.87700710595,East Asia,GDPpc
2010,12862.3451209881,East Asia,GDPpc
2015,16298.285535914,East Asia,GDPpc
2016,17048.7885159528,East Asia,GDPpc
2017,17909.3924270298,East Asia,GDPpc
2018,18785.0729355872,East Asia,GDPpc
2019,19580.744852857,East Asia,GDPpc
2020,19749.5138074548,East Asia,GDPpc
2021,21157.305464436,East Asia,GDPpc
2022,21728.5204358748,East Asia,GDPpc
1910,2240.67788822859,Eastern Europe,GDPpc
1920,1374.98721494835,Eastern Europe,GDPpc
1930,2506.87991575829,Eastern Europe,GDPpc
1940,3216.90690163888,Eastern Europe,GDPpc
1950,4133.08421810367,Eastern Europe,GDPpc
1960,5865.57763593451,Eastern Europe,GDPpc
1970,8330.06725681435,Eastern Europe,GDPpc
1980,9783.95110730244,Eastern Europe,GDPpc
1990,10091.2730769913,Eastern Europe,GDPpc
2000,8833.69296448214,Eastern Europe,GDPpc
2010,16320.2711820128,Eastern Europe,GDPpc
2015,18062.734988758,Eastern Europe,GDPpc
2016,18301.7749981928,Eastern Europe,GDPpc
2017,18917.4571282013,Eastern Europe,GDPpc
2018,19560.4262910511,Eastern Europe,GDPpc
2019,20051.0416408449,Eastern Europe,GDPpc
2020,19578.5751650745,Eastern Europe,GDPpc
2021,20696.9899671947,Eastern Europe,GDPpc
2022,20656.2663073771,Eastern Europe,GDPpc
1910,2189.3702418491,Latin America,GDPpc
1920,2332.36854988978,Latin America,GDPpc
1930,2687.60145350593,Latin America,GDPpc
1940,2984.41521802507,Latin America,GDPpc
1950,3678.34590015453,Latin America,GDPpc
1960,4698.25223760414,Latin America,GDPpc
1970,6193.17748467192,Latin America,GDPpc
1980,8611.50698743431,Latin America,GDPpc
1990,8054.83021339963,Latin America,GDPpc
2000,10132.7495637861,Latin America,GDPpc
2010,13356.4419018311,Latin America,GDPpc
2015,14328.6773212664,Latin America,GDPpc
2016,14074.3772389897,Latin America,GDPpc
2017,14102.6699814274,Latin America,GDPpc
2018,14103.0970385445,Latin America,GDPpc
2019,13957.8866144053,Latin America,GDPpc
2020,12865.4961597412,Latin America,GDPpc
2021,13610.7889536395,Latin America,GDPpc
2022,14028.0377625622,Latin America,GDPpc
1930,1600,Middle East and North Africa,GDPpc
1940,2146,Middle East and North Africa,GDPpc
1950,2287.55525799981,Middle East and North Africa,GDPpc
1960,3102.62796705928,Middle East and North Africa,GDPpc
1970,4790.01613621639,Middle East and North Africa,GDPpc
1980,6731.17723938278,Middle East and North Africa,GDPpc
1990,6431.51513241063,Middle East and North Africa,GDPpc
2000,9658.65598715173,Middle East and North Africa,GDPpc
2010,16565.3712244425,Middle East and North Africa,GDPpc
2015,18401.5364722795,Middle East and North Africa,GDPpc
2016,18831.9764864768,Middle East and North Africa,GDPpc
2017,19067.0900992745,Middle East and North Africa,GDPpc
2018,19221.928825646,Middle East and North Africa,GDPpc
2019,19088.2892320146,Middle East and North Africa,GDPpc
2020,18227.4077741004,Middle East and North Africa,GDPpc
2021,19162.6924333189,Middle East and North Africa,GDPpc
2022,19874.7981590635,Middle East and North Africa,GDPpc
1910,1144.26124661069,South and South East Asia,GDPpc
1920,1117.52672037516,South and South East Asia,GDPpc
1930,1308.05715817784,South and South East Asia,GDPpc
1940,1261.43727430829,South and South East Asia,GDPpc
1950,1069.71464636645,South and South East Asia,GDPpc
1960,1294.9342662795,South and South East Asia,GDPpc
1970,1545.87788614673,South and South East Asia,GDPpc
1980,1897.42574778987,South and South East Asia,GDPpc
1990,2573.68339103244,South and South East Asia,GDPpc
2000,3427.39932526445,South and South East Asia,GDPpc
2010,5364.82794739171,South and South East Asia,GDPpc
2015,6704.32928619071,South and South East Asia,GDPpc
2016,7084.08646145899,South and South East Asia,GDPpc
2017,7407.73641548759,South and South East Asia,GDPpc
2018,7778.0246222599,South and South East Asia,GDPpc
2019,8027.96537977546,South and South East Asia,GDPpc
2020,7590.15416732545,South and South East Asia,GDPpc
2021,7983.71661782125,South and South East Asia,GDPpc
2022,8377.07373301653,South and South East Asia,GDPpc
1910,1687.82927827061,Sub Saharan Africa,GDPpc
1950,1326.62311128186,Sub Saharan Africa,GDPpc
1960,1578.20067475543,Sub Saharan Africa,GDPpc
1970,1968.36269059394,Sub Saharan Africa,GDPpc
1980,2036.62993127135,Sub Saharan Africa,GDPpc
1990,1812.68132231706,Sub Saharan Africa,GDPpc
2000,2009.1904885118,Sub Saharan Africa,GDPpc
2010,3204.65197541446,Sub Saharan Africa,GDPpc
2015,3523.81470119859,Sub Saharan Africa,GDPpc
2016,3477.27322259396,Sub Saharan Africa,GDPpc
2017,3474.02725958197,Sub Saharan Africa,GDPpc
2018,3480.80828245857,Sub Saharan Africa,GDPpc
2019,3488.15526486181,Sub Saharan Africa,GDPpc
2020,3335.98716951382,Sub Saharan Africa,GDPpc
2021,3398.57847954257,Sub Saharan Africa,GDPpc
2022,3436.59571491649,Sub Saharan Africa,GDPpc
1910,5121.34682169349,Western Europe,GDPpc
1920,4869.03304591799,Western Europe,GDPpc
1930,6389.67187978548,Western Europe,GDPpc
1940,7160.77283218506,Western Europe,GDPpc
1950,7239.91429556919,Western Europe,GDPpc
1960,10928.7132494167,Western Europe,GDPpc
1970,16096.7432341164,Western Europe,GDPpc
1980,20870.2599241113,Western Europe,GDPpc
1990,25367.2186913205,Western Europe,GDPpc
2000,32593.1653680629,Western Europe,GDPpc
2010,37420.329231708,Western Europe,GDPpc
2015,38740.2849914786,Western Europe,GDPpc
2016,39299.826450004,Western Europe,GDPpc
2017,40116.6362353892,Western Europe,GDPpc
2018,40640.9857652411,Western Europe,GDPpc
2019,41090.7575108978,Western Europe,GDPpc
2020,38162.5344015758,Western Europe,GDPpc
2021,40164.1422061703,Western Europe,GDPpc
2022,41323.0251886418,Western Europe,GDPpc
1910,9354.69092057336,Western Offshoots,GDPpc
1920,9741.42276052685,Western Offshoots,GDPpc
1930,10297.1231602335,Western Offshoots,GDPpc
1940,11620.5009781727,Western Offshoots,GDPpc
1950,14773.2064529676,Western Offshoots,GDPpc
1960,17471.5146457387,Western Offshoots,GDPpc
1970,23209.6501973691,Western Offshoots,GDPpc
1980,28786.7559519832,Western Offshoots,GDPpc
1990,35619.3822265873,Western Offshoots,GDPpc
2000,44321.3181368936,Western Offshoots,GDPpc
2010,48083.1795769014,Western Offshoots,GDPpc
2015,51453.0555104826,Western Offshoots,GDPpc
2016,51890.5591227337,Western Offshoots,GDPpc
2017,52692.2258599615,Western Offshoots,GDPpc
2018,53866.6433377776,Western Offshoots,GDPpc
2019,54730.8075228798,Western Offshoots,GDPpc
2020,52617.6500143633,Western Offshoots,GDPpc
2021,55576.0193313349,Western Offshoots,GDPpc
2022,56567.8858310552,Western Offshoots,GDPpc
1901,2161.51483428,Japan,GDPpc
1902,2012.76705888,Japan,GDPpc
1903,2203.87163451,Japan,GDPpc
1904,2178.9910617,Japan,GDPpc
1905,2111.25102447,Japan,GDPpc
1906,2328.97726425,Japan,GDPpc
1907,2358.22048701,Japan,GDPpc
1908,2356.91760126,Japan,GDPpc
1909,2333.20124235,Japan,GDPpc
1910,2316.97590609,Japan,GDPpc
1911,2399.77477131,Japan,GDPpc
1912,2419.70949012,Japan,GDPpc
1913,2430.62504205,Japan,GDPpc
1914,2357.80394835,Japan,GDPpc
1915,2512.06480389,Japan,GDPpc
1916,2829.28709514,Japan,GDPpc
1917,2940.62584185,Japan,GDPpc
1918,2973.4880016,Japan,GDPpc
1919,3219.30540102,Japan,GDPpc
1920,2973.96228429,Japan,GDPpc
1921,3244.35210021,Japan,GDPpc
1922,3243.83007618,Japan,GDPpc
1923,3243.54978144,Japan,GDPpc
1924,3316.35719319,Japan,GDPpc
1925,3414.35396529,Japan,GDPpc
1926,3358.53933669,Japan,GDPpc
1927,3346.89218283,Japan,GDPpc
1928,3554.11569192,Japan,GDPpc
1929,3665.08668594,Japan,GDPpc
1930,3334.10818374,Japan,GDPpc
1931,3320.81067189,Japan,GDPpc
1932,3529.28786259,Japan,GDPpc
1933,3786.8017329,Japan,GDPpc
1934,3755.68783221,Japan,GDPpc
1935,3825.30299619,Japan,GDPpc
1936,3985.54558119,Japan,GDPpc
1937,4074.92227323,Japan,GDPpc
1938,4256.84109609,Japan,GDPpc
1939,4803.78281109,Japan,GDPpc
1940,4882.39852782,Japan,GDPpc
1941,4986.24,Japan,GDPpc
1942,4938.54,Japan,GDPpc
1943,4825.65,Japan,GDPpc
1944,4816.11,Japan,GDPpc
1945,3677.67,Japan,GDPpc
1946,2771.37,Japan,GDPpc
1947,2710.95,Japan,GDPpc
1948,2857.23,Japan,GDPpc
1949,2866.77,Japan,GDPpc
1950,3062,Japan,GDPpc
1951,3389,Japan,GDPpc
1952,3724,Japan,GDPpc
1953,3944,Japan,GDPpc
1954,4116,Japan,GDPpc
1955,4417,Japan,GDPpc
1956,4699,Japan,GDPpc
1957,4999,Japan,GDPpc
1958,5243,Japan,GDPpc
1959,5665,Japan,GDPpc
1960,6354,Japan,GDPpc
1961,7055,Japan,GDPpc
1962,7614,Japan,GDPpc
1963,8176,Japan,GDPpc
1964,9035,Japan,GDPpc
1965,9459,Japan,GDPpc
1966,10370,Japan,GDPpc
1967,11400,Japan,GDPpc
1968,12725,Japan,GDPpc
1969,14145,Japan,GDPpc
1970,15484,Japan,GDPpc
1971,16004,Japan,GDPpc
1972,17110,Japan,GDPpc
1973,18226,Japan,GDPpc
1974,17765,Japan,GDPpc
1975,18082,Japan,GDPpc
1976,18600,Japan,GDPpc
1977,19230,Japan,GDPpc
1978,20060,Japan,GDPpc
1979,20982,Japan,GDPpc
1980,21404,Japan,GDPpc
1981,21924,Japan,GDPpc
1982,22440,Japan,GDPpc
1983,22805,Japan,GDPpc
1984,23548,Japan,GDPpc
1985,24437,Japan,GDPpc
1986,24992,Japan,GDPpc
1987,25904,Japan,GDPpc
1988,27393,Japan,GDPpc
1989,28601,Japan,GDPpc
1990,29949,Japan,GDPpc
1991,30837.4307370409,Japan,GDPpc
1992,30977.8144904312,Japan,GDPpc
1993,30920.6592683117,Japan,GDPpc
1994,31135.4272257458,Japan,GDPpc
1995,31887.2776357645,Japan,GDPpc
1996,32784.1581859793,Japan,GDPpc
1997,33038.2930013985,Japan,GDPpc
1998,32558.1866160658,Japan,GDPpc
1999,32394.5154905404,Japan,GDPpc
2000,33210.8078159904,Japan,GDPpc
2001,33246.3920663478,Japan,GDPpc
2002,33195.4004758957,Japan,GDPpc
2003,33619.9480705683,Japan,GDPpc
2004,34313.5568847059,Japan,GDPpc
2005,34857.7558196049,Japan,GDPpc
2006,35333.1130923739,Japan,GDPpc
2007,35892.7127732509,Japan,GDPpc
2008,35496.22745171,Japan,GDPpc
2009,33590.0109446027,Japan,GDPpc
2010,35011.4025017665,Japan,GDPpc
2011,34979,Japan,GDPpc
2012,35537.4387641568,Japan,GDPpc
2013,36312.3465158189,Japan,GDPpc
2014,36440.2154003201,Japan,GDPpc
2015,37053.1740467391,Japan,GDPpc
2016,37384.5570542166,Japan,GDPpc
2017,38078.9622718879,Japan,GDPpc
2018,38403.6811950071,Japan,GDPpc
2019,38332.9352636429,Japan,GDPpc
2020,36826.6389692139,Japan,GDPpc
2021,37678.2757984495,Japan,GDPpc
2022,38268.7883014908,Japan,GDPpc
