ISOcode,date,labsh,gyoy,Variablename2
CHN,1953,0.592168569564819,0.0118865959941528,Human capital index
CHN,1953,0.592168569564819,0.0247224865328826,Number of persons engaged
CHN,1953,0.592168569564819,0.130947016831562,Real GDP
CHN,1954,0.592168569564819,0.011886702670233,Human capital index
CHN,1954,0.592168569564819,0.0234698521958052,Number of persons engaged
CHN,1954,0.592168569564819,-0.0693386669447673,Real GDP
CHN,1955,0.592168569564819,0.0118866244754612,Human capital index
CHN,1955,0.592168569564819,0.02245162023165,Number of persons engaged
CHN,1955,0.592168569564819,0.0934468410917657,Real GDP
CHN,1956,0.592168569564819,0.0123073097833226,Human capital index
CHN,1956,0.592168569564819,0.0296187995853363,Number of persons engaged
CHN,1956,0.592168569564819,0.0839781348879813,Real GDP
CHN,1957,0.592168569564819,0.0784309409108912,Capital services
CHN,1957,0.592168569564819,0.012307249941798,Human capital index
CHN,1957,0.592168569564819,0.031882387606021,Number of persons engaged
CHN,1957,0.592168569564819,0.033452756645689,Real GDP
CHN,1957,0.592168569564819,-0.0152546694328428,TFP
CHN,1958,0.592168569564819,0.133665904323943,Capital services
CHN,1958,0.592168569564819,0.0123072828442687,Human capital index
CHN,1958,0.592168569564819,0.0744755499046892,Number of persons engaged
CHN,1958,0.592168569564819,0.0290931732002968,Real GDP
CHN,1958,0.592168569564819,-0.0599995970964986,TFP
CHN,1959,0.592168569564819,0.175947754572011,Capital services
CHN,1959,0.592168569564819,0.0123072826288471,Human capital index
CHN,1959,0.592168569564819,0.0404413404574251,Number of persons engaged
CHN,1959,0.592168569564819,-0.0205158538857622,Real GDP
CHN,1959,0.592168569564819,-0.117759693997706,TFP
CHN,1960,0.592168569564819,0.119665320772473,Capital services
CHN,1960,0.592168569564819,0.0123073268420568,Human capital index
CHN,1960,0.592168569564819,-0.0318458142784505,Number of persons engaged
CHN,1960,0.592168569564819,-0.047862044345551,Real GDP
CHN,1960,0.592168569564819,-0.0746317582664612,TFP
CHN,1961,0.592168569564819,0.00627812280569007,Capital services
CHN,1961,0.592168569564819,0.01815889077876,Human capital index
CHN,1961,0.592168569564819,-0.032873820790625,Number of persons engaged
CHN,1961,0.592168569564819,-0.190611774107763,Real GDP
CHN,1961,0.592168569564819,-0.18161566121916,TFP
CHN,1962,0.592168569564819,-0.0179498141111706,Capital services
CHN,1962,0.592168569564819,0.0181588584897905,Human capital index
CHN,1962,0.592168569564819,-0.0172929101725813,Number of persons engaged
CHN,1962,0.592168569564819,0.0592164727054616,Real GDP
CHN,1962,0.592168569564819,0.0603532161087856,TFP
CHN,1963,0.592168569564819,0.00814432615467786,Capital services
CHN,1963,0.592168569564819,0.0181589400036886,Human capital index
CHN,1963,0.592168569564819,0.00406824804030004,Number of persons engaged
CHN,1963,0.592168569564819,0.14553861502918,Real GDP
CHN,1963,0.592168569564819,0.131013345545971,TFP
CHN,1964,0.592168569564819,0.0329467224411226,Capital services
CHN,1964,0.592168569564819,0.0181588406527238,Human capital index
CHN,1964,0.592168569564819,0.0199041482262836,Number of persons engaged
CHN,1964,0.592168569564819,0.139128267874511,Real GDP
CHN,1964,0.592168569564819,0.0970906600421246,TFP
CHN,1965,0.592168569564819,0.0587858668391801,Capital services
CHN,1965,0.592168569564819,0.0181589209647071,Human capital index
CHN,1965,0.592168569564819,0.0178120470151839,Number of persons engaged
CHN,1965,0.592168569564819,0.111217066400409,Real GDP
CHN,1965,0.592168569564819,0.0565140983333996,TFP
CHN,1966,0.592168569564819,0.0771255121755989,Capital services
CHN,1966,0.592168569564819,0.0149805116005888,Human capital index
CHN,1966,0.592168569564819,0.0295013814624339,Number of persons engaged
CHN,1966,0.592168569564819,0.0324702794058009,Real GDP
CHN,1966,0.592168569564819,-0.0266688514684492,TFP
CHN,1967,0.592168569564819,0.0362916405174267,Capital services
CHN,1967,0.592168569564819,0.0149803983495118,Human capital index
CHN,1967,0.592168569564819,0.0453886423183847,Number of persons engaged
CHN,1967,0.592168569564819,0.00451198296268451,Real GDP
CHN,1967,0.592168569564819,-0.0374872774101406,TFP
CHN,1968,0.592168569564819,0.0325174697153237,Capital services
CHN,1968,0.592168569564819,0.0149805509848027,Human capital index
CHN,1968,0.592168569564819,0.0443621297338699,Number of persons engaged
CHN,1968,0.592168569564819,-0.0262654549234138,Real GDP
CHN,1968,0.592168569564819,-0.070449337686774,TFP
CHN,1969,0.592168569564819,0.0429434846602346,Capital services
CHN,1969,0.592168569564819,0.0149803976632528,Human capital index
CHN,1969,0.592168569564819,0.0480388487726664,Number of persons engaged
CHN,1969,0.592168569564819,0.101010682760453,Real GDP
CHN,1969,0.592168569564819,0.043188549061298,TFP
CHN,1970,0.592168569564819,0.0874794485672881,Capital services
CHN,1970,0.592168569564819,0.014980492151806,Human capital index
CHN,1970,0.592168569564819,0.0462429105741404,Number of persons engaged
CHN,1970,0.592168569564819,0.138318167957185,Real GDP
CHN,1970,0.592168569564819,0.0763608615962033,TFP
CHN,1971,0.592168569564819,-0.000262257331054672,Average annual hours worked
CHN,1971,0.592168569564819,0.0883675126619521,Capital services
CHN,1971,0.592168569564819,0.0191260442304837,Human capital index
CHN,1971,0.592168569564819,0.041483979421737,Number of persons engaged
CHN,1971,0.592168569564819,0.0894784347179325,Real GDP
CHN,1971,0.592168569564819,0.0161603712958085,TFP
CHN,1972,0.592168569564819,-0.000144745504447097,Average annual hours worked
CHN,1972,0.592168569564819,0.0801732503729447,Capital services
CHN,1972,0.592168569564819,0.0191260581693284,Human capital index
CHN,1972,0.592168569564819,0.0283081911702763,Number of persons engaged
CHN,1972,0.592168569564819,-0.00750461486613774,Real GDP
CHN,1972,0.592168569564819,-0.0644764757554504,TFP
CHN,1973,0.592168569564819,-7.23358310232847e-05,Average annual hours worked
CHN,1973,0.592168569564819,0.0789295843690612,Capital services
CHN,1973,0.592168569564819,0.0191259836574083,Human capital index
CHN,1973,0.592168569564819,0.0229476952993068,Number of persons engaged
CHN,1973,0.592168569564819,0.074764702718334,Real GDP
CHN,1973,0.592168569564819,0.0166446382684242,TFP
CHN,1974,0.592168569564819,-8.86389625375239e-05,Average annual hours worked
CHN,1974,0.592168569564819,0.085345621362529,Capital services
CHN,1974,0.592168569564819,0.0191260892081198,Human capital index
CHN,1974,0.592168569564819,0.0298778017794727,Number of persons engaged
CHN,1974,0.592168569564819,0.0301483708344255,Real GDP
CHN,1974,0.592168569564819,-0.0317818372936928,TFP
CHN,1975,0.592168569564819,-0.000147965776381209,Average annual hours worked
CHN,1975,0.592168569564819,0.0957408792458199,Capital services
CHN,1975,0.592168569564819,0.019126006419842,Human capital index
CHN,1975,0.592168569564819,0.0307760924400804,Number of persons engaged
CHN,1975,0.592168569564819,0.0710822035227194,Real GDP
CHN,1975,0.592168569564819,0.00230278414320262,TFP
CHN,1976,0.592168569564819,-0.000349366074747115,Average annual hours worked
CHN,1976,0.592168569564819,0.0763970532636495,Capital services
CHN,1976,0.592168569564819,0.0184482932799368,Human capital index
CHN,1976,0.592168569564819,0.0287433422348276,Number of persons engaged
CHN,1976,0.592168569564819,-0.030056595761192,Real GDP
CHN,1976,0.592168569564819,-0.0841849194918271,TFP
CHN,1977,0.592168569564819,-0.000391157090035121,Average annual hours worked
CHN,1977,0.592168569564819,0.0745937935259442,Capital services
CHN,1977,0.592168569564819,0.0184482641398007,Human capital index
CHN,1977,0.592168569564819,0.024960695712738,Number of persons engaged
CHN,1977,0.592168569564819,0.0584385392981146,Real GDP
CHN,1977,0.592168569564819,0.00226404885439302,TFP
CHN,1978,0.592168569564819,-0.000358672538165683,Average annual hours worked
CHN,1978,0.592168569564819,0.0961272696100382,Capital services
CHN,1978,0.592168569564819,0.0184483111625076,Human capital index
CHN,1978,0.592168569564819,0.026127954717033,Number of persons engaged
CHN,1978,0.592168569564819,0.116181382268767,Real GDP
CHN,1978,0.592168569564819,0.0476978880111922,TFP
CHN,1979,0.592168569564819,-0.000316120392801267,Average annual hours worked
CHN,1979,0.592168569564819,0.0895261946801014,Capital services
CHN,1979,0.592168569564819,0.0175728312169803,Human capital index
CHN,1979,0.592168569564819,0.029408158220622,Number of persons engaged
CHN,1979,0.592168569564819,0.0783940875231863,Real GDP
CHN,1979,0.592168569564819,0.0133001389833498,TFP
CHN,1980,0.592168569564819,-0.000307832979271616,Average annual hours worked
CHN,1980,0.592168569564819,0.0892467000423518,Capital services
CHN,1980,0.592168569564819,0.0138737268115876,Human capital index
CHN,1980,0.592168569564819,0.0365915171388844,Number of persons engaged
CHN,1980,0.592168569564819,0.0493931465922484,Real GDP
CHN,1980,0.592168569564819,-0.0157842330934561,TFP
CHN,1981,0.592168569564819,-0.000200415789597286,Average annual hours worked
CHN,1981,0.592168569564819,0.0739600731841719,Capital services
CHN,1981,0.592168569564819,0.0124513994041806,Human capital index
CHN,1981,0.592168569564819,0.0412301534055475,Number of persons engaged
CHN,1981,0.592168569564819,0.0315130481182455,Real GDP
CHN,1981,0.592168569564819,-0.0287852375163434,TFP
CHN,1982,0.592168569564819,-0.000200581655231957,Average annual hours worked
CHN,1982,0.592168569564819,0.0802103866013315,Capital services
CHN,1982,0.592168569564819,0.0124513575431884,Human capital index
CHN,1982,0.592168569564819,0.0493558132344274,Number of persons engaged
CHN,1982,0.592168569564819,0.0913749716389971,Real GDP
CHN,1982,0.592168569564819,0.0204403040240149,TFP
CHN,1983,0.592168569564819,-0.000260577690070263,Average annual hours worked
CHN,1983,0.592168569564819,0.0856985208399326,Capital services
CHN,1983,0.592168569564819,0.0124513750984248,Human capital index
CHN,1983,0.592168569564819,0.0257062342242664,Number of persons engaged
CHN,1983,0.592168569564819,0.072136399731777,Real GDP
CHN,1983,0.592168569564819,0.0140137596083314,TFP
CHN,1984,0.592168569564819,-0.000238466082348898,Average annual hours worked
CHN,1984,0.592168569564819,0.0991414316736217,Capital services
CHN,1984,0.592168569564819,0.0124513599126508,Human capital index
CHN,1984,0.592168569564819,0.0272469796900554,Number of persons engaged
CHN,1984,0.592168569564819,0.108667346336115,Real GDP
CHN,1984,0.592168569564819,0.0423743761755835,TFP
CHN,1985,0.592168569564819,-0.000168776206674881,Average annual hours worked
CHN,1985,0.592168569564819,0.111760534681153,Capital services
CHN,1985,0.592168569564819,0.0124513557189523,Human capital index
CHN,1985,0.592168569564819,0.0275209025778802,Number of persons engaged
CHN,1985,0.592168569564819,0.0775894410326252,Real GDP
CHN,1985,0.592168569564819,0.00824810440373036,TFP
CHN,1986,0.592168569564819,0.000533735756204967,Average annual hours worked
CHN,1986,0.592168569564819,0.10379935792503,Capital services
CHN,1986,0.592168569564819,0.0113961898156298,Human capital index
CHN,1986,0.592168569564819,0.0242354051341969,Number of persons engaged
CHN,1986,0.592168569564819,0.0684972960468668,Real GDP
CHN,1986,0.592168569564819,0.00478139957992041,TFP
CHN,1987,0.592168569564819,0.000518520046660198,Average annual hours worked
CHN,1987,0.592168569564819,0.100365624216386,Capital services
CHN,1987,0.592168569564819,0.0113961469277144,Human capital index
CHN,1987,0.592168569564819,0.0211621194714628,Number of persons engaged
CHN,1987,0.592168569564819,0.0819560231762846,Real GDP
CHN,1987,0.592168569564819,0.0205548568549288,TFP
CHN,1988,0.592168569564819,0.000615316237454477,Average annual hours worked
CHN,1988,0.592168569564819,0.104578675036574,Capital services
CHN,1988,0.592168569564819,0.011396045705494,Human capital index
CHN,1988,0.592168569564819,0.0301788529904503,Number of persons engaged
CHN,1988,0.592168569564819,0.0443884103908674,Real GDP
CHN,1988,0.592168569564819,-0.0215779657674141,TFP
CHN,1989,0.592168569564819,0.000664524752173712,Average annual hours worked
CHN,1989,0.592168569564819,0.0600517346287632,Capital services
CHN,1989,0.592168569564819,0.0113961842074013,Human capital index
CHN,1989,0.592168569564819,0.0377248334627311,Number of persons engaged
CHN,1989,0.592168569564819,0.00370421351801231,Real GDP
CHN,1989,0.592168569564819,-0.0479315990899613,TFP
CHN,1990,0.592168569564819,0.00069236275331952,Average annual hours worked
CHN,1990,0.592168569564819,0.0508984073634682,Capital services
CHN,1990,0.592168569564819,0.0113961039401285,Human capital index
CHN,1990,0.592168569564819,0.0303028369956448,Number of persons engaged
CHN,1990,0.592168569564819,0.00367928622814295,Real GDP
CHN,1990,0.592168569564819,-0.0405283231261898,TFP
CHN,1991,0.592168569564819,0.000776605067709157,Average annual hours worked
CHN,1991,0.592168569564819,0.0656691528732807,Capital services
CHN,1991,0.592168569564819,0.0179539998343574,Human capital index
CHN,1991,0.592168569564819,0.0227517216823525,Number of persons engaged
CHN,1991,0.592168569564819,0.0427172609494539,Real GDP
CHN,1991,0.592168569564819,-0.00839289798899035,TFP
CHN,1992,0.592168569564819,0.000776367466802874,Average annual hours worked
CHN,1992,0.592168569564819,0.099531408857132,Capital services
CHN,1992,0.592168569564819,0.0179539817414127,Human capital index
CHN,1992,0.592168569564819,0.0107142124621495,Number of persons engaged
CHN,1992,0.592168569564819,0.0775322708375703,Real GDP
CHN,1992,0.592168569564819,0.0188442818032859,TFP
CHN,1993,0.566812694072723,0.00162879241250757,Average annual hours worked
CHN,1993,0.566812694072723,0.133869457843841,Capital services
CHN,1993,0.566812694072723,0.0179539667153259,Human capital index
CHN,1993,0.566812694072723,0.00855111394321528,Number of persons engaged
CHN,1993,0.566812694072723,0.102515825266312,Real GDP
CHN,1993,0.566812694072723,0.0289865121297896,TFP
CHN,1994,0.561033666133881,0.00386226300905257,Average annual hours worked
CHN,1994,0.561033666133881,0.127598061310229,Capital services
CHN,1994,0.561033666133881,0.0179540293928919,Human capital index
CHN,1994,0.561033666133881,0.0077472497228035,Number of persons engaged
CHN,1994,0.561033666133881,0.0855321183553708,Real GDP
CHN,1994,0.561033666133881,0.0132279402316229,TFP
CHN,1995,0.56735098361969,0.00630121655307203,Average annual hours worked
CHN,1995,0.56735098361969,0.114945001843668,Capital services
CHN,1995,0.56735098361969,0.017953952303204,Human capital index
CHN,1995,0.56735098361969,0.00762145900421318,Number of persons engaged
CHN,1995,0.56735098361969,0.0941786482301305,Real GDP
CHN,1995,0.56735098361969,0.0250266736676332,TFP
CHN,1996,0.588390588760376,0.00770830633112496,Average annual hours worked
CHN,1996,0.588390588760376,0.111664434135735,Capital services
CHN,1996,0.588390588760376,0.0158976276944118,Human capital index
CHN,1996,0.588390588760376,0.00919679336073864,Number of persons engaged
CHN,1996,0.588390588760376,0.0716197429499548,Real GDP
CHN,1996,0.588390588760376,0.00565926190100607,TFP
CHN,1997,0.588529646396637,0.00996357924174984,Average annual hours worked
CHN,1997,0.588529646396637,0.107164152576871,Capital services
CHN,1997,0.588529646396637,0.0158975753269666,Human capital index
CHN,1997,0.588529646396637,0.0109739671560327,Number of persons engaged
CHN,1997,0.588529646396637,0.0569579658939878,Real GDP
CHN,1997,0.588529646396637,-0.00800663374255661,TFP
CHN,1998,0.592412769794464,0.0121178380720048,Average annual hours worked
CHN,1998,0.592412769794464,0.118208094855262,Capital services
CHN,1998,0.592412769794464,0.0158976300499056,Human capital index
CHN,1998,0.592412769794464,0.0108851340084266,Number of persons engaged
CHN,1998,0.592412769794464,0.00587763590297241,Real GDP
CHN,1998,0.592412769794464,-0.0607873207224649,TFP
CHN,1999,0.606276869773865,0.00970597888318325,Average annual hours worked
CHN,1999,0.606276869773865,0.111470358103173,Capital services
CHN,1999,0.606276869773865,0.0158976179577213,Human capital index
CHN,1999,0.606276869773865,0.0104826975187187,Number of persons engaged
CHN,1999,0.606276869773865,0.0503555456422489,Real GDP
CHN,1999,0.606276869773865,-0.014598789659668,TFP
CHN,2000,0.591961801052094,0.00403866545408094,Average annual hours worked
CHN,2000,0.591961801052094,0.107131072529447,Capital services
CHN,2000,0.591961801052094,0.0158976916143894,Human capital index
CHN,2000,0.591961801052094,0.00963637023046804,Number of persons engaged
CHN,2000,0.591961801052094,0.0698105177182316,Real GDP
CHN,2000,0.591961801052094,0.00911420737624069,TFP
CHN,2001,0.588033199310303,0.0062377515046359,Average annual hours worked
CHN,2001,0.588033199310303,0.10931110561702,Capital services
CHN,2001,0.588033199310303,0.0069790024999814,Human capital index
CHN,2001,0.588033199310303,0.00945032092017284,Number of persons engaged
CHN,2001,0.588033199310303,0.0685415395824365,Real GDP
CHN,2001,0.588033199310303,0.0104943986933688,TFP
CHN,2002,0.60328334569931,0.00698174176255462,Average annual hours worked
CHN,2002,0.60328334569931,0.113884321773185,Capital services
CHN,2002,0.60328334569931,0.00697904016015682,Human capital index
CHN,2002,0.60328334569931,0.00810510977027246,Number of persons engaged
CHN,2002,0.60328334569931,0.0940065908900056,Real GDP
CHN,2002,0.60328334569931,0.0336970551882583,TFP
CHN,2003,0.598127961158752,0.00938574649613999,Average annual hours worked
CHN,2003,0.598127961158752,0.133795190156594,Capital services
CHN,2003,0.598127961158752,0.00697914833088564,Human capital index
CHN,2003,0.598127961158752,0.00648458671520591,Number of persons engaged
CHN,2003,0.598127961158752,0.0756247325075543,Real GDP
CHN,2003,0.598127961158752,0.00913107500666799,TFP
CHN,2004,0.572884440422058,0.0139441167004575,Average annual hours worked
CHN,2004,0.572884440422058,0.137648058892846,Capital services
CHN,2004,0.572884440422058,0.00697901994576511,Human capital index
CHN,2004,0.572884440422058,0.0067200597432231,Number of persons engaged
CHN,2004,0.572884440422058,0.0972264721190612,Real GDP
CHN,2004,0.572884440422058,0.0235016751544659,TFP
CHN,2005,0.568218648433685,0.011282202682761,Average annual hours worked
CHN,2005,0.568218648433685,0.135447849496499,Capital services
CHN,2005,0.568218648433685,0.00697906011354887,Human capital index
CHN,2005,0.568218648433685,0.0060606782272985,Number of persons engaged
CHN,2005,0.568218648433685,0.0965191584417953,Real GDP
CHN,2005,0.568218648433685,0.0240573401849009,TFP
CHN,2006,0.557359337806702,-0.00424031418046433,Average annual hours worked
CHN,2006,0.557359337806702,0.127932761971527,Capital services
CHN,2006,0.557359337806702,0.00378011418474999,Human capital index
CHN,2006,0.557359337806702,0.00523748875001928,Number of persons engaged
CHN,2006,0.557359337806702,0.106716463994999,Real GDP
CHN,2006,0.557359337806702,0.0471699873193521,TFP
CHN,2007,0.553081870079041,-0.013929128995934,Average annual hours worked
CHN,2007,0.553081870079041,0.118968422324903,Capital services
CHN,2007,0.553081870079041,0.00378015732228909,Human capital index
CHN,2007,0.553081870079041,0.0049908679090247,Number of persons engaged
CHN,2007,0.553081870079041,0.0996194471063734,Real GDP
CHN,2007,0.553081870079041,0.0490624723223563,TFP
CHN,2008,0.552076160907745,-0.0097821405660018,Average annual hours worked
CHN,2008,0.552076160907745,0.122375184770077,Capital services
CHN,2008,0.552076160907745,0.00378014636348989,Human capital index
CHN,2008,0.552076160907745,0.00443294236628722,Number of persons engaged
CHN,2008,0.552076160907745,0.0582592244280662,Real GDP
CHN,2008,0.552076160907745,0.00589213060796556,TFP
CHN,2009,0.552654504776001,0.00340545843936613,Average annual hours worked
CHN,2009,0.552654504776001,0.146719970587041,Capital services
CHN,2009,0.552654504776001,0.00378018032912753,Human capital index
CHN,2009,0.552654504776001,0.00409435392597168,Number of persons engaged
CHN,2009,0.552654504776001,0.082786541747387,Real GDP
CHN,2009,0.552654504776001,0.0121080003969853,TFP
CHN,2010,0.548255085945129,0.0158301976011692,Average annual hours worked
CHN,2010,0.548255085945129,0.143967589728592,Capital services
CHN,2010,0.548255085945129,0.00378006225984895,Human capital index
CHN,2010,0.548255085945129,0.00438290212151826,Number of persons engaged
CHN,2010,0.548255085945129,0.108872717159765,Real GDP
CHN,2010,0.548255085945129,0.0301960381543602,TFP
CHN,2011,0.549982905387878,0.00280706256735774,Average annual hours worked
CHN,2011,0.549982905387878,0.131207827285629,Capital services
CHN,2011,0.549982905387878,0.0141120848321048,Human capital index
CHN,2011,0.549982905387878,0.00470887085720229,Number of persons engaged
CHN,2011,0.549982905387878,0.0696267645608195,Real GDP
CHN,2011,0.549982905387878,-9.14843562380696e-05,TFP
CHN,2012,0.560340046882629,0.00251686076363478,Average annual hours worked
CHN,2012,0.560340046882629,0.125241208257849,Capital services
CHN,2012,0.560340046882629,0.0141119900050792,Human capital index
CHN,2012,0.560340046882629,0.00456157519832234,Number of persons engaged
CHN,2012,0.560340046882629,0.0333537443488468,Real GDP
CHN,2012,0.560340046882629,-0.0308946993902947,TFP
CHN,2013,0.571143805980682,-0.00273217038620821,Average annual hours worked
CHN,2013,0.571143805980682,0.118005603703188,Capital services
CHN,2013,0.571143805980682,0.0141120155420118,Human capital index
CHN,2013,0.571143805980682,0.00424958131345599,Number of persons engaged
CHN,2013,0.571143805980682,0.0743661131292164,Real GDP
CHN,2013,0.571143805980682,0.0146174757077602,TFP
CHN,2014,0.578006386756897,0.000154918200907961,Average annual hours worked
CHN,2014,0.578006386756897,0.108882442876688,Capital services
CHN,2014,0.578006386756897,0.0113093413580652,Human capital index
CHN,2014,0.578006386756897,0.00379321178618053,Number of persons engaged
CHN,2014,0.578006386756897,0.0693892224014499,Real GDP
CHN,2014,0.578006386756897,0.0144969918950622,TFP
CHN,2015,0.583168685436249,-0.00376522782104738,Average annual hours worked
CHN,2015,0.583168685436249,0.102868739431437,Capital services
CHN,2015,0.583168685436249,0.00947933964196546,Human capital index
CHN,2015,0.583168685436249,0.00338469895173876,Number of persons engaged
CHN,2015,0.583168685436249,0.0376973796164588,Real GDP
CHN,2015,0.583168685436249,-0.00926855705821472,TFP
CHN,2016,0.586252927780151,-0.0014889140810701,Average annual hours worked
CHN,2016,0.586252927780151,0.0974094057196398,Capital services
CHN,2016,0.586252927780151,0.0094793990301727,Human capital index
CHN,2016,0.586252927780151,0.00149882792115852,Number of persons engaged
CHN,2016,0.586252927780151,0.0409725776177481,Real GDP
CHN,2016,0.586252927780151,-0.00395977561778516,TFP
CHN,2017,0.586252927780151,0.000780332819461327,Average annual hours worked
CHN,2017,0.586252927780151,0.0922790401401683,Capital services
CHN,2017,0.586252927780151,0.00947943872519241,Human capital index
CHN,2017,0.586252927780151,0.000821210779904824,Number of persons engaged
CHN,2017,0.586252927780151,0.0289950835273496,Real GDP
CHN,2017,0.586252927780151,-0.0143037797088703,TFP
CHN,2018,0.586252927780151,0,Average annual hours worked
CHN,2018,0.586252927780151,0.0898609161377,Capital services
CHN,2018,0.586252927780151,0.00947936156719464,Human capital index
CHN,2018,0.586252927780151,0.000150833997448752,Number of persons engaged
CHN,2018,0.586252927780151,0.0078291629844871,Real GDP
CHN,2018,0.586252927780151,-0.03287136554718,TFP
CHN,2019,0.586252927780151,0,Average annual hours worked
CHN,2019,0.586252927780151,0.0847970602081518,Capital services
CHN,2019,0.586252927780151,0.00947943159614839,Human capital index
CHN,2019,0.586252927780151,-0.000624167674619813,Number of persons engaged
CHN,2019,0.586252927780151,0.0368579754064453,Real GDP
CHN,2019,0.586252927780151,-0.00264277851111316,TFP
JPN,1951,0.620527923107147,-0.00858104428523632,Average annual hours worked
JPN,1951,0.620527923107147,0.014200268840294,Human capital index
JPN,1951,0.620527923107147,0.0247930396264249,Number of persons engaged
JPN,1951,0.620527923107147,0.0894661340927918,Real GDP
JPN,1952,0.620527923107147,-0.00858104428523121,Average annual hours worked
JPN,1952,0.620527923107147,0.0142002875986829,Human capital index
JPN,1952,0.620527923107147,0.0237063745843329,Number of persons engaged
JPN,1952,0.620527923107147,0.123632630360479,Real GDP
JPN,1953,0.620527923107147,-0.00858104428523765,Average annual hours worked
JPN,1953,0.620527923107147,0.0142002546235822,Human capital index
JPN,1953,0.620527923107147,0.0222511052750358,Number of persons engaged
JPN,1953,0.620527923107147,0.0670390476000666,Real GDP
JPN,1954,0.620527923107147,0.0153410182896363,Average annual hours worked
JPN,1954,0.620527923107147,0.014200233613332,Human capital index
JPN,1954,0.620527923107147,0.0127779178861973,Number of persons engaged
JPN,1954,0.620527923107147,0.04975131794605,Real GDP
JPN,1955,0.620527923107147,0.0127285578876788,Average annual hours worked
JPN,1955,0.620527923107147,0.0528789753542744,Capital services
JPN,1955,0.620527923107147,0.0142001849588211,Human capital index
JPN,1955,0.620527923107147,0.0320465121875257,Number of persons engaged
JPN,1955,0.620527923107147,0.0702667609701519,Real GDP
JPN,1955,0.620527923107147,0.0122568154195968,TFP
JPN,1956,0.620527923107147,0.0247972540730312,Average annual hours worked
JPN,1956,0.620527923107147,0.0648358067687467,Capital services
JPN,1956,0.620527923107147,0.0109241990156204,Human capital index
JPN,1956,0.620527923107147,0.0198043049930834,Number of persons engaged
JPN,1956,0.620527923107147,0.0749377442056023,Real GDP
JPN,1956,0.620527923107147,0.0144163749539288,TFP
JPN,1957,0.620527923107147,0.0110677969469875,Average annual hours worked
JPN,1957,0.620527923107147,0.0835776878073848,Capital services
JPN,1957,0.620527923107147,0.010924106254641,Human capital index
JPN,1957,0.620527923107147,0.0263726029573421,Number of persons engaged
JPN,1957,0.620527923107147,0.0781599754701345,Real GDP
JPN,1957,0.620527923107147,0.0151853814290468,TFP
JPN,1958,0.620527923107147,0.0119077374794594,Average annual hours worked
JPN,1958,0.620527923107147,0.0706815730985688,Capital services
JPN,1958,0.620527923107147,0.0109241649489658,Human capital index
JPN,1958,0.620527923107147,0.00397099951768176,Number of persons engaged
JPN,1958,0.620527923107147,0.0621193320926268,Real GDP
JPN,1958,0.620527923107147,0.0179629215120622,TFP
JPN,1959,0.620527923107147,0.0108290061672953,Average annual hours worked
JPN,1959,0.620527923107147,0.085156099793809,Capital services
JPN,1959,0.620527923107147,0.010094155329762,Human capital index
JPN,1959,0.620527923107147,0.00860868534066417,Number of persons engaged
JPN,1959,0.620527923107147,0.0941517913443628,Real GDP
JPN,1959,0.620527923107147,0.0415734638213143,TFP
JPN,1960,0.620527923107147,0.00772374688774358,Average annual hours worked
JPN,1960,0.620527923107147,0.117876863932964,Capital services
JPN,1960,0.620527923107147,0.00734180736488588,Human capital index
JPN,1960,0.620527923107147,0.0232987064666235,Number of persons engaged
JPN,1960,0.620527923107147,0.130600069817607,Real GDP
JPN,1960,0.620527923107147,0.0585057898112813,TFP
JPN,1961,0.620527923107147,0.00111133586747281,Average annual hours worked
JPN,1961,0.620527923107147,0.140941768927761,Capital services
JPN,1961,0.620527923107147,0.00807698303500981,Human capital index
JPN,1961,0.620527923107147,0.0139766236969685,Number of persons engaged
JPN,1961,0.620527923107147,0.118531458459572,Real GDP
JPN,1961,0.620527923107147,0.0488431642351395,TFP
JPN,1962,0.620527923107147,-0.0103956095582073,Average annual hours worked
JPN,1962,0.620527923107147,0.12875441178682,Capital services
JPN,1962,0.620527923107147,0.00807681669320703,Human capital index
JPN,1962,0.620527923107147,0.012894532473865,Number of persons engaged
JPN,1962,0.620527923107147,0.0859667915461726,Real GDP
JPN,1962,0.620527923107147,0.0305097035042572,TFP
JPN,1963,0.620527923107147,-0.00296020152200882,Average annual hours worked
JPN,1963,0.620527923107147,0.12439952550665,Capital services
JPN,1963,0.620527923107147,0.00807695325868174,Human capital index
JPN,1963,0.620527923107147,0.00856028371323525,Number of persons engaged
JPN,1963,0.620527923107147,0.0878737521761781,Real GDP
JPN,1963,0.620527923107147,0.0317854369951478,TFP
JPN,1964,0.620527923107147,0.00335527975383787,Average annual hours worked
JPN,1964,0.620527923107147,0.125784743864961,Capital services
JPN,1964,0.620527923107147,0.00807692844809305,Human capital index
JPN,1964,0.620527923107147,0.0130574682179978,Number of persons engaged
JPN,1964,0.620527923107147,0.111856617090907,Real GDP
JPN,1964,0.620527923107147,0.0470229641030828,TFP
JPN,1965,0.620527923107147,-0.00854730484841204,Average annual hours worked
JPN,1965,0.620527923107147,0.10403927328226,Capital services
JPN,1965,0.620527923107147,0.00807692197692211,Human capital index
JPN,1965,0.620527923107147,0.0161117449229558,Number of persons engaged
JPN,1965,0.620527923107147,0.0567302077032081,Real GDP
JPN,1965,0.620527923107147,0.00807003030706643,TFP
JPN,1966,0.620527923107147,0.00366494601566725,Average annual hours worked
JPN,1966,0.620527923107147,0.113499786800377,Capital services
JPN,1966,0.620527923107147,0.00807692911255864,Human capital index
JPN,1966,0.620527923107147,0.0205075306561191,Number of persons engaged
JPN,1966,0.620527923107147,0.102484200974095,Real GDP
JPN,1966,0.620527923107147,0.0376007914196599,TFP
JPN,1967,0.620527923107147,0.00635747542829912,Average annual hours worked
JPN,1967,0.620527923107147,0.128559118134139,Capital services
JPN,1967,0.620527923107147,0.00807685731835206,Human capital index
JPN,1967,0.620527923107147,0.0192666078610515,Number of persons engaged
JPN,1967,0.620527923107147,0.1108392312394,Real GDP
JPN,1967,0.620527923107147,0.0392047188816309,TFP
JPN,1968,0.620527923107147,0.00174764179650677,Average annual hours worked
JPN,1968,0.620527923107147,0.140810081449508,Capital services
JPN,1968,0.620527923107147,0.00807696669894575,Human capital index
JPN,1968,0.620527923107147,0.0166665685556759,Number of persons engaged
JPN,1968,0.620527923107147,0.119089319253775,Real GDP
JPN,1968,0.620527923107147,0.0472753992036865,TFP
JPN,1969,0.620527923107147,-0.00616951695423229,Average annual hours worked
JPN,1969,0.620527923107147,0.14673379608708,Capital services
JPN,1969,0.620527923107147,0.00807681459606346,Human capital index
JPN,1969,0.620527923107147,0.00759703950666668,Number of persons engaged
JPN,1969,0.620527923107147,0.119531487189211,Real GDP
JPN,1969,0.620527923107147,0.0566525611955095,TFP
JPN,1970,0.620527923107147,-0.00456190347433716,Average annual hours worked
JPN,1970,0.620527923107147,0.160544661940671,Capital services
JPN,1970,0.620527923107147,0.00807700615487272,Human capital index
JPN,1970,0.620527923107147,0.0107142108796257,Number of persons engaged
JPN,1970,0.620527923107147,0.102823527346235,Real GDP
JPN,1970,0.620527923107147,0.0331440856631711,TFP
JPN,1971,0.620527923107147,-0.00370663513234737,Average annual hours worked
JPN,1971,0.620527923107147,0.136909199980626,Capital services
JPN,1971,0.620527923107147,0.00711509071855665,Human capital index
JPN,1971,0.620527923107147,0.00836640679385781,Number of persons engaged
JPN,1971,0.620527923107147,0.0469898899120986,Real GDP
JPN,1971,0.620527923107147,-0.00998701196754337,TFP
JPN,1972,0.620527923107147,0.00111273511464849,Average annual hours worked
JPN,1972,0.620527923107147,0.126487172710607,Capital services
JPN,1972,0.620527923107147,0.00711496917162524,Human capital index
JPN,1972,0.620527923107147,0.00563799860057457,Number of persons engaged
JPN,1972,0.620527923107147,0.0841355311500016,Real GDP
JPN,1972,0.620527923107147,0.0273760027875818,TFP
JPN,1973,0.620527923107147,-0.00662417838488105,Average annual hours worked
JPN,1973,0.620527923107147,0.120647686155379,Capital services
JPN,1973,0.620527923107147,0.00711516679163182,Human capital index
JPN,1973,0.620527923107147,0.022806889909387,Number of persons engaged
JPN,1973,0.620527923107147,0.0803259470527859,Real GDP
JPN,1973,0.620527923107147,0.0199664078602722,TFP
JPN,1974,0.620527923107147,-0.0277812117972305,Average annual hours worked
JPN,1974,0.620527923107147,0.0873939006526525,Capital services
JPN,1974,0.620527923107147,0.00711508848631737,Human capital index
JPN,1974,0.620527923107147,-0.003957709822899,Number of persons engaged
JPN,1974,0.620527923107147,-0.0122524426002855,Real GDP
JPN,1974,0.620527923107147,-0.0281730154433607,TFP
JPN,1975,0.620527923107147,-0.0138214417856014,Average annual hours worked
JPN,1975,0.620527923107147,0.0731996327834621,Capital services
JPN,1975,0.620527923107147,0.00711498783263198,Human capital index
JPN,1975,0.620527923107147,-0.00273587298429501,Number of persons engaged
JPN,1975,0.620527923107147,0.0309157760363241,Real GDP
JPN,1975,0.620527923107147,0.00962290186940495,TFP
JPN,1976,0.620527923107147,0.0134160630412083,Average annual hours worked
JPN,1976,0.620527923107147,0.0689084002679439,Capital services
JPN,1976,0.620527923107147,0.00711510956944861,Human capital index
JPN,1976,0.620527923107147,0.00867102245784013,Number of persons engaged
JPN,1976,0.620527923107147,0.039749859145775,Real GDP
JPN,1976,0.620527923107147,-0.00432433228253126,TFP
JPN,1977,0.620527923107147,0.00316223063157683,Average annual hours worked
JPN,1977,0.620527923107147,0.0674790469577513,Capital services
JPN,1977,0.620527923107147,0.00711511846574009,Human capital index
JPN,1977,0.620527923107147,0.0123690861320276,Number of persons engaged
JPN,1977,0.620527923107147,0.043903425975226,Real GDP
JPN,1977,0.620527923107147,0.00420947042477859,TFP
JPN,1978,0.620527923107147,0.00192897032146844,Average annual hours worked
JPN,1978,0.620527923107147,0.0753358771692279,Capital services
JPN,1978,0.620527923107147,0.00711509620538475,Human capital index
JPN,1978,0.620527923107147,0.00977274758404834,Number of persons engaged
JPN,1978,0.620527923107147,0.0527193800199344,Real GDP
JPN,1978,0.620527923107147,0.0122588252666722,TFP
JPN,1979,0.620527923107147,0.00228016935500808,Average annual hours worked
JPN,1979,0.620527923107147,0.0770122675869529,Capital services
JPN,1979,0.620527923107147,0.00711504115725559,Human capital index
JPN,1979,0.620527923107147,0.0103042916577822,Number of persons engaged
JPN,1979,0.620527923107147,0.0548404853842355,Real GDP
JPN,1979,0.620527923107147,0.0131477961630964,TFP
JPN,1980,0.620527923107147,0.000598594062977131,Average annual hours worked
JPN,1980,0.620527923107147,0.070617462096962,Capital services
JPN,1980,0.620527923107147,0.00711511154419964,Human capital index
JPN,1980,0.620527923107147,0.00713111639897091,Number of persons engaged
JPN,1980,0.620527923107147,0.0281758864589212,Real GDP
JPN,1980,0.620527923107147,-0.00726095532408755,TFP
JPN,1981,0.618410468101502,-0.00246686198193957,Average annual hours worked
JPN,1981,0.618410468101502,0.0639382472315224,Capital services
JPN,1981,0.618410468101502,0.00560452849456539,Human capital index
JPN,1981,0.618410468101502,0.00819612191478769,Number of persons engaged
JPN,1981,0.618410468101502,0.0420933569060273,Real GDP
JPN,1981,0.618410468101502,0.0107156571981415,TFP
JPN,1982,0.622449159622192,-0.000101064632217818,Average annual hours worked
JPN,1982,0.622449159622192,0.055855646434898,Capital services
JPN,1982,0.622449159622192,0.00560453430808727,Human capital index
JPN,1982,0.622449159622192,0.00866126507494758,Number of persons engaged
JPN,1982,0.622449159622192,0.0331245181056759,Real GDP
JPN,1982,0.622449159622192,0.00320717543838378,TFP
JPN,1983,0.626039564609528,0.0030172899585561,Average annual hours worked
JPN,1983,0.626039564609528,0.0531376696256163,Capital services
JPN,1983,0.626039564609528,0.00560460129772311,Human capital index
JPN,1983,0.626039564609528,0.0151323221905779,Number of persons engaged
JPN,1983,0.626039564609528,0.035230486613455,Real GDP
JPN,1983,0.626039564609528,0.00042484807690979,TFP
JPN,1984,0.614821076393127,0.00694966835196342,Average annual hours worked
JPN,1984,0.614821076393127,0.0573910380869243,Capital services
JPN,1984,0.614821076393127,0.00560457109689416,Human capital index
JPN,1984,0.614821076393127,0.00331803747757986,Number of persons engaged
JPN,1984,0.614821076393127,0.0450198766558638,Real GDP
JPN,1984,0.614821076393127,0.0131198204378857,TFP
JPN,1985,0.605986714363098,-0.00598886854190528,Average annual hours worked
JPN,1985,0.605986714363098,0.0561335802686878,Capital services
JPN,1985,0.605986714363098,0.00560460005140362,Human capital index
JPN,1985,0.605986714363098,0.00515351609244452,Number of persons engaged
JPN,1985,0.605986714363098,0.0523338577243877,Real GDP
JPN,1985,0.605986714363098,0.0272139706129222,TFP
JPN,1986,0.596799194812775,0.000832013975359036,Average annual hours worked
JPN,1986,0.596799194812775,0.0554077970754507,Capital services
JPN,1986,0.596799194812775,0.00560453158078889,Human capital index
JPN,1986,0.596799194812775,0.00413836029865444,Number of persons engaged
JPN,1986,0.596799194812775,0.0332652768999842,Real GDP
JPN,1986,0.596799194812775,0.00489519298911478,TFP
JPN,1987,0.588817000389099,0.00263312523470649,Average annual hours worked
JPN,1987,0.588817000389099,0.0601653544004841,Capital services
JPN,1987,0.588817000389099,0.00560452031840764,Human capital index
JPN,1987,0.588817000389099,0.00362851546567788,Number of persons engaged
JPN,1987,0.588817000389099,0.0473066505977384,Real GDP
JPN,1987,0.588817000389099,0.0155318812042138,TFP
JPN,1988,0.579881250858307,-0.00169410060297126,Average annual hours worked
JPN,1988,0.579881250858307,0.0692756593960624,Capital services
JPN,1988,0.579881250858307,0.00560464032237595,Human capital index
JPN,1988,0.579881250858307,0.0114952430451727,Number of persons engaged
JPN,1988,0.579881250858307,0.0678502408423738,Real GDP
JPN,1988,0.579881250858307,0.0292727850513106,TFP
JPN,1989,0.577070951461792,-0.00916923720913965,Average annual hours worked
JPN,1989,0.577070951461792,0.0711394704618977,Capital services
JPN,1989,0.577070951461792,0.00560458423506205,Human capital index
JPN,1989,0.577070951461792,0.0145359318309914,Number of persons engaged
JPN,1989,0.577070951461792,0.0485803059511711,Real GDP
JPN,1989,0.577070951461792,0.0122911449113035,TFP
JPN,1990,0.573507070541382,-0.0159811553551973,Average annual hours worked
JPN,1990,0.573507070541382,0.0689726553115235,Capital services
JPN,1990,0.573507070541382,0.00560458131840735,Human capital index
JPN,1990,0.573507070541382,0.0167991487465349,Number of persons engaged
JPN,1990,0.573507070541382,0.0489272820131104,Real GDP
JPN,1990,0.573507070541382,0.0160364762774314,TFP
JPN,1991,0.583020627498627,-0.00871459694989019,Average annual hours worked
JPN,1991,0.583020627498627,0.0642953517738918,Capital services
JPN,1991,0.583020627498627,0.00516702329853414,Human capital index
JPN,1991,0.583020627498627,0.0197667635340733,Number of persons engaged
JPN,1991,0.583020627498627,0.0341748324133737,Real GDP
JPN,1991,0.583020627498627,-0.00191153785651133,TFP
JPN,1992,0.591111660003662,-0.0241758241758229,Average annual hours worked
JPN,1992,0.591111660003662,0.0540440923796708,Capital services
JPN,1992,0.591111660003662,0.00516695848423243,Human capital index
JPN,1992,0.591111660003662,0.0109532417297653,Number of persons engaged
JPN,1992,0.591111660003662,0.00848069111703675,Real GDP
JPN,1992,0.591111660003662,-0.00830853245129182,TFP
JPN,1993,0.595814883708954,-0.0180180180180212,Average annual hours worked
JPN,1993,0.595814883708954,0.0392724648782885,Capital services
JPN,1993,0.595814883708954,0.00516698089369427,Human capital index
JPN,1993,0.595814883708954,0.00354529029060524,Number of persons engaged
JPN,1993,0.595814883708954,-0.00517917302712811,Real GDP
JPN,1993,0.595814883708954,-0.0151058045081369,TFP
JPN,1994,0.603955924510956,-0.00917431192660467,Average annual hours worked
JPN,1994,0.603955924510956,0.0321445607361139,Capital services
JPN,1994,0.603955924510956,0.00516708804187127,Human capital index
JPN,1994,0.603955924510956,0.00110369900007856,Number of persons engaged
JPN,1994,0.603955924510956,0.00993069946234382,Real GDP
JPN,1994,0.603955924510956,-0.00100140088339595,TFP
JPN,1995,0.598764359951019,0.00130951757372588,Average annual hours worked
JPN,1995,0.598764359951019,0.0383182368976918,Capital services
JPN,1995,0.598764359951019,0.00516705700577536,Human capital index
JPN,1995,0.598764359951019,0.00336899730466644,Number of persons engaged
JPN,1995,0.598764359951019,0.0274214415677616,Real GDP
JPN,1995,0.598764359951019,0.00617260793692975,TFP
JPN,1996,0.589143216609955,0.00167399037455529,Average annual hours worked
JPN,1996,0.589143216609955,0.0467829597913001,Capital services
JPN,1996,0.589143216609955,0.00516696302188824,Human capital index
JPN,1996,0.589143216609955,0.00100913237169054,Number of persons engaged
JPN,1996,0.589143216609955,0.0309999130354559,Real GDP
JPN,1996,0.589143216609955,0.0073372599321393,TFP
JPN,1997,0.595523595809937,-0.01446626279507,Average annual hours worked
JPN,1997,0.595523595809937,0.0434876088795517,Capital services
JPN,1997,0.595523595809937,0.0051670249018918,Human capital index
JPN,1997,0.595523595809937,0.00676875638661567,Number of persons engaged
JPN,1997,0.595523595809937,0.0107604797223531,Real GDP
JPN,1997,0.595523595809937,-0.00505505197473577,TFP
JPN,1998,0.596608638763428,-0.010916220656033,Average annual hours worked
JPN,1998,0.596608638763428,0.0350037973211113,Capital services
JPN,1998,0.596608638763428,0.00516702166135818,Human capital index
JPN,1998,0.596608638763428,-0.0123501616696968,Number of persons engaged
JPN,1998,0.596608638763428,-0.0112842205475703,Real GDP
JPN,1998,0.596608638763428,-0.0142650919127407,TFP
JPN,1999,0.591831505298615,-0.00835788909724078,Average annual hours worked
JPN,1999,0.591831505298615,0.032956849258899,Capital services
JPN,1999,0.591831505298615,0.00516702591986529,Human capital index
JPN,1999,0.591831505298615,-0.0136438692939295,Number of persons engaged
JPN,1999,0.591831505298615,-0.0025195168579516,Real GDP
JPN,1999,0.591831505298615,-0.00557656285389951,TFP
JPN,2000,0.58198881149292,0.004106110540818,Average annual hours worked
JPN,2000,0.58198881149292,0.0302818640939244,Capital services
JPN,2000,0.58198881149292,0.00516703682188058,Human capital index
JPN,2000,0.58198881149292,-0.00764600582685249,Number of persons engaged
JPN,2000,0.58198881149292,0.0277963930767784,Real GDP
JPN,2000,0.58198881149292,0.014269465898523,TFP
JPN,2001,0.582154810428619,-0.00828625235404901,Average annual hours worked
JPN,2001,0.582154810428619,0.0255577920186403,Capital services
JPN,2001,0.582154810428619,0.004431783720803,Human capital index
JPN,2001,0.582154810428619,-0.00453871134302819,Number of persons engaged
JPN,2001,0.582154810428619,0.00406338164814524,Real GDP
JPN,2001,0.582154810428619,-0.00157347731498103,TFP
JPN,2002,0.569685459136963,-0.00678205197764636,Average annual hours worked
JPN,2002,0.569685459136963,0.0173643326506958,Capital services
JPN,2002,0.569685459136963,0.00443187993956751,Human capital index
JPN,2002,0.569685459136963,-0.012366774629833,Number of persons engaged
JPN,2002,0.569685459136963,0.00117992200085015,Real GDP
JPN,2002,0.569685459136963,0.00242061353304979,TFP
JPN,2003,0.562829256057739,0.00196656833824993,Average annual hours worked
JPN,2003,0.562829256057739,0.0163712018013842,Capital services
JPN,2003,0.562829256057739,0.00443181798117354,Human capital index
JPN,2003,0.562829256057739,-1.74238507100188e-05,Number of persons engaged
JPN,2003,0.562829256057739,0.0152821678815978,Real GDP
JPN,2003,0.562829256057739,0.00452674823373944,TFP
JPN,2004,0.554206967353821,0.00419801548358967,Average annual hours worked
JPN,2004,0.554206967353821,0.0161713317314203,Capital services
JPN,2004,0.554206967353821,0.00443181119027303,Human capital index
JPN,2004,0.554206967353821,0.00606537165956644,Number of persons engaged
JPN,2004,0.554206967353821,0.0220469034054585,Real GDP
JPN,2004,0.554206967353821,0.00655966117490769,TFP
JPN,2005,0.554045677185059,-0.00743797165969928,Average annual hours worked
JPN,2005,0.554045677185059,0.0188361726653512,Capital services
JPN,2005,0.554045677185059,0.00443185821973913,Human capital index
JPN,2005,0.554045677185059,0.00883063843730181,Number of persons engaged
JPN,2005,0.554045677185059,0.016626695918508,Real GDP
JPN,2005,0.554045677185059,0.00499681900602589,TFP
JPN,2006,0.553895652294159,0.00448528607373366,Average annual hours worked
JPN,2006,0.553895652294159,0.0177320859617243,Capital services
JPN,2006,0.553895652294159,0.00443174865231177,Human capital index
JPN,2006,0.553895652294159,0.00779462835652311,Number of persons engaged
JPN,2006,0.553895652294159,0.0142000913370766,Real GDP
JPN,2006,0.553895652294159,-0.00296517294582077,TFP
JPN,2007,0.550385594367981,-0.00517316488782404,Average annual hours worked
JPN,2007,0.550385594367981,0.016631109155645,Capital services
JPN,2007,0.550385594367981,0.00443190119547565,Human capital index
JPN,2007,0.550385594367981,0.00839846622991747,Number of persons engaged
JPN,2007,0.550385594367981,0.016541875758801,Real GDP
JPN,2007,0.550385594367981,0.00483538142760986,TFP
JPN,2008,0.564748406410217,-0.0105096064371339,Average annual hours worked
JPN,2008,0.564748406410217,0.0123752863850533,Capital services
JPN,2008,0.564748406410217,0.00443182728025082,Human capital index
JPN,2008,0.564748406410217,-0.000663615223703284,Number of persons engaged
JPN,2008,0.564748406410217,-0.0109353617664057,Real GDP
JPN,2008,0.564748406410217,-0.012562297834956,TFP
JPN,2009,0.574092149734497,-0.0276594567682691,Average annual hours worked
JPN,2009,0.574092149734497,0.000337919155145583,Capital services
JPN,2009,0.574092149734497,0.00443180561432266,Human capital index
JPN,2009,0.574092149734497,-0.0105101066361391,Number of persons engaged
JPN,2009,0.574092149734497,-0.0541641516372158,Real GDP
JPN,2009,0.574092149734497,-0.0357084153392957,TFP
JPN,2010,0.561099946498871,0.0122887864823349,Average annual hours worked
JPN,2010,0.561099946498871,0.00133254706414454,Capital services
JPN,2010,0.561099946498871,0.00443183490345067,Human capital index
JPN,2010,0.561099946498871,-0.00122355674555985,Number of persons engaged
JPN,2010,0.561099946498871,0.0419173563509141,Real GDP
JPN,2010,0.561099946498871,0.032248294901511,TFP
JPN,2011,0.573452711105347,-0.0022480750857079,Average annual hours worked
JPN,2011,0.573452711105347,0.00194566055182044,Capital services
JPN,2011,0.573452711105347,0.00303398389183407,Human capital index
JPN,2011,0.573452711105347,-7.38500541108689e-05,Number of persons engaged
JPN,2011,0.573452711105347,-0.00115425898806254,Real GDP
JPN,2011,0.573452711105347,-0.00239305585841076,TFP
JPN,2012,0.569869756698608,0.00647777840365005,Average annual hours worked
JPN,2012,0.569869756698608,0.00453349450315255,Capital services
JPN,2012,0.569869756698608,0.00303398202596639,Human capital index
JPN,2012,0.569869756698608,-0.00265452184684056,Number of persons engaged
JPN,2012,0.569869756698608,0.0149509236772758,Real GDP
JPN,2012,0.569869756698608,0.00903991692145945,TFP
JPN,2013,0.562987923622131,-0.0113610924557869,Average annual hours worked
JPN,2013,0.562987923622131,0.00650919779435966,Capital services
JPN,2013,0.562987923622131,0.00303402017769727,Human capital index
JPN,2013,0.562987923622131,0.006579162370139,Number of persons engaged
JPN,2013,0.562987923622131,0.0200026603879824,Real GDP
JPN,2013,0.562987923622131,0.0181974831761651,TFP
JPN,2014,0.564916133880615,-0.00249080101896415,Average annual hours worked
JPN,2014,0.564916133880615,0.00886793498293104,Capital services
JPN,2014,0.564916133880615,0.00303396266897105,Human capital index
JPN,2014,0.564916133880615,0.00641596420101975,Number of persons engaged
JPN,2014,0.564916133880615,0.00374719311860661,Real GDP
JPN,2014,0.564916133880615,-0.00401030016728388,TFP
JPN,2015,0.555718839168549,-0.00295102434595074,Average annual hours worked
JPN,2015,0.555718839168549,0.00952810255724534,Capital services
JPN,2015,0.555718839168549,0.00303401262313119,Human capital index
JPN,2015,0.555718839168549,0.00435139623788072,Number of persons engaged
JPN,2015,0.555718839168549,0.0122292237958146,Real GDP
JPN,2015,0.555718839168549,0.00552646681854419,TFP
JPN,2016,0.565453767776489,-0.00557800671637554,Average annual hours worked
JPN,2016,0.565453767776489,0.00767358886812941,Capital services
JPN,2016,0.565453767776489,0.00303403436526417,Human capital index
JPN,2016,0.565453767776489,0.00952423800628721,Number of persons engaged
JPN,2016,0.565453767776489,0.00521950468864474,Real GDP
JPN,2016,0.565453767776489,-0.00202751710283222,TFP
JPN,2017,0.563643991947174,-0.00194608207887348,Average annual hours worked
JPN,2017,0.563643991947174,0.00980929494105065,Capital services
JPN,2017,0.563643991947174,0.00303402815001319,Human capital index
JPN,2017,0.563643991947174,0.00935021463420949,Number of persons engaged
JPN,2017,0.563643991947174,0.0216828529390161,Real GDP
JPN,2017,0.563643991947174,0.0114002761134826,TFP
JPN,2018,0.563643991947174,-0.00843034925732644,Average annual hours worked
JPN,2018,0.563643991947174,0.00993120670319003,Capital services
JPN,2018,0.563643991947174,0.00303399423047934,Human capital index
JPN,2018,0.563643991947174,0.0162826405093968,Number of persons engaged
JPN,2018,0.563643991947174,0.00323209655983781,Real GDP
JPN,2018,0.563643991947174,-0.00709921121597301,TFP
JPN,2019,0.563643991947174,-0.0219287105240891,Average annual hours worked
JPN,2019,0.563643991947174,0.0103035711988135,Capital services
JPN,2019,0.563643991947174,0.00303399939768667,Human capital index
JPN,2019,0.563643991947174,0.00882414600124659,Number of persons engaged
JPN,2019,0.563643991947174,0.00672144098313021,Real GDP
JPN,2019,0.563643991947174,0.0080966563375664,TFP
USA,1951,0.633731782436371,0.0208478583870622,Average annual hours worked
USA,1951,0.633731782436371,0.00495007743581155,Human capital index
USA,1951,0.633731782436371,0.0362700209863611,Number of persons engaged
USA,1951,0.633731782436371,0.0805860995204015,Real GDP
USA,1952,0.644851565361023,-0.00188150002694687,Average annual hours worked
USA,1952,0.644851565361023,0.00495003266316374,Human capital index
USA,1952,0.644851565361023,0.0121628167860484,Number of persons engaged
USA,1952,0.644851565361023,0.0407203620663263,Real GDP
USA,1953,0.644496023654938,-0.00313753261821237,Average annual hours worked
USA,1953,0.644496023654938,0.00495014261612359,Human capital index
USA,1953,0.644496023654938,0.0142122244283378,Number of persons engaged
USA,1953,0.644496023654938,0.0469443278067336,Real GDP
USA,1954,0.637051999568939,-0.0115377259272167,Average annual hours worked
USA,1954,0.637051999568939,0.00495013084645413,Human capital index
USA,1954,0.637051999568939,-0.0182935664068185,Number of persons engaged
USA,1954,0.637051999568939,-0.00563905421664912,Real GDP
USA,1955,0.626844048500061,0.003731893393212,Average annual hours worked
USA,1955,0.626844048500061,0.037206347921158,Capital services
USA,1955,0.626844048500061,0.0049499991448656,Human capital index
USA,1955,0.626844048500061,0.0289431251354941,Number of persons engaged
USA,1955,0.626844048500061,0.0712191458024214,Real GDP
USA,1955,0.626844048500061,0.032359338045892,TFP
USA,1956,0.640427887439728,-0.00754167087948665,Average annual hours worked
USA,1956,0.640427887439728,0.0360829288077733,Capital services
USA,1956,0.640427887439728,0.00548866595657693,Human capital index
USA,1956,0.640427887439728,0.0241896651505156,Number of persons engaged
USA,1956,0.640427887439728,0.0213217105535384,Real GDP
USA,1956,0.640427887439728,-0.00568925935934306,TFP
USA,1957,0.638684749603272,-0.0139936928217992,Average annual hours worked
USA,1957,0.638684749603272,0.0350084347397546,Capital services
USA,1957,0.638684749603272,0.00548870521363232,Human capital index
USA,1957,0.638684749603272,0.00490113359890354,Number of persons engaged
USA,1957,0.638684749603272,0.0210552611881867,Real GDP
USA,1957,0.638684749603272,0.0108779768032765,TFP
USA,1958,0.635847270488739,-0.0173970448513314,Average annual hours worked
USA,1958,0.635847270488739,0.0282170946878033,Capital services
USA,1958,0.635847270488739,0.00548866934369729,Human capital index
USA,1958,0.635847270488739,-0.018009913705906,Number of persons engaged
USA,1958,0.635847270488739,-0.00735208869749271,Real GDP
USA,1958,0.635847270488739,0.00180653657980834,TFP
USA,1959,0.629354357719421,0.0131607434341436,Average annual hours worked
USA,1959,0.629354357719421,0.0353831204778008,Capital services
USA,1959,0.629354357719421,0.00548864766538526,Human capital index
USA,1959,0.629354357719421,0.0229537095307475,Number of persons engaged
USA,1959,0.629354357719421,0.0690225906252917,Real GDP
USA,1959,0.629354357719421,0.0282718184159416,TFP
USA,1960,0.636741697788239,-0.00950857154327167,Average annual hours worked
USA,1960,0.636741697788239,0.0331553595183272,Capital services
USA,1960,0.636741697788239,0.00548863898244756,Human capital index
USA,1960,0.636741697788239,0.0168196465909556,Number of persons engaged
USA,1960,0.636741697788239,0.0256350726558934,Real GDP
USA,1960,0.636741697788239,0.00538135883740254,TFP
USA,1961,0.633703410625458,-0.00751759129783813,Average annual hours worked
USA,1961,0.633703410625458,0.0340459739852907,Capital services
USA,1961,0.633703410625458,0.0126061964549435,Human capital index
USA,1961,0.633703410625458,0.000701470076559962,Number of persons engaged
USA,1961,0.633703410625458,0.0255412734706235,Real GDP
USA,1961,0.633703410625458,0.00944259495848954,TFP
USA,1962,0.629107296466827,0.010162671080852,Average annual hours worked
USA,1962,0.629107296466827,0.0382908586042219,Capital services
USA,1962,0.629107296466827,0.0126061246434823,Human capital index
USA,1962,0.629107296466827,0.0148791360302019,Number of persons engaged
USA,1962,0.629107296466827,0.0611649039488005,Real GDP
USA,1962,0.629107296466827,0.0221387987954293,TFP
USA,1963,0.626384675502777,-0.00607415449139115,Average annual hours worked
USA,1963,0.626384675502777,0.0421209477205928,Capital services
USA,1963,0.626384675502777,0.0126061524524681,Human capital index
USA,1963,0.626384675502777,0.0140297912057759,Number of persons engaged
USA,1963,0.626384675502777,0.0435399162791057,Real GDP
USA,1963,0.626384675502777,0.014580241082518,TFP
USA,1964,0.624378800392151,0.00347429458852711,Average annual hours worked
USA,1964,0.624378800392151,0.0447412984015949,Capital services
USA,1964,0.624378800392151,0.0126061662830244,Human capital index
USA,1964,0.624378800392151,0.022789854656353,Number of persons engaged
USA,1964,0.624378800392151,0.0576705928249699,Real GDP
USA,1964,0.624378800392151,0.0156983310103,TFP
USA,1965,0.619359791278839,0.0103081145959552,Average annual hours worked
USA,1965,0.619359791278839,0.0504411262763724,Capital services
USA,1965,0.619359791278839,0.0126061424830652,Human capital index
USA,1965,0.619359791278839,0.0237330102444073,Number of persons engaged
USA,1965,0.619359791278839,0.0649972629648736,Real GDP
USA,1965,0.619359791278839,0.0157325119844109,TFP
USA,1966,0.622894942760468,0.00450675288497759,Average annual hours worked
USA,1966,0.622894942760468,0.0559110669282048,Capital services
USA,1966,0.622894942760468,0.0107755084171239,Human capital index
USA,1966,0.622894942760468,0.0304978698276537,Number of persons engaged
USA,1966,0.622894942760468,0.0659339766274838,Real GDP
USA,1966,0.622894942760468,0.0152441391753837,TFP
USA,1967,0.630079448223114,-0.0116171108818413,Average annual hours worked
USA,1967,0.630079448223114,0.0488601392999881,Capital services
USA,1967,0.630079448223114,0.0107755137664816,Human capital index
USA,1967,0.630079448223114,0.023037804382203,Number of persons engaged
USA,1967,0.630079448223114,0.027436484368448,Real GDP
USA,1967,0.630079448223114,-0.00440467883954299,TFP
USA,1968,0.634225606918335,-0.00189331944406634,Average annual hours worked
USA,1968,0.634225606918335,0.0464850155839758,Capital services
USA,1968,0.634225606918335,0.0107754220014533,Human capital index
USA,1968,0.634225606918335,0.0199141960683871,Number of persons engaged
USA,1968,0.634225606918335,0.0490906856409277,Real GDP
USA,1968,0.634225606918335,0.0132546374735882,TFP
USA,1969,0.643875300884247,0.000352083506295564,Average annual hours worked
USA,1969,0.643875300884247,0.0441552156679916,Capital services
USA,1969,0.643875300884247,0.0107755429648642,Human capital index
USA,1969,0.643875300884247,0.0238723814031674,Number of persons engaged
USA,1969,0.643875300884247,0.0314073250103315,Real GDP
USA,1969,0.643875300884247,-0.00679921128718108,TFP
USA,1970,0.64898556470871,-0.0230515232046583,Average annual hours worked
USA,1970,0.64898556470871,0.0349349834525134,Capital services
USA,1970,0.64898556470871,0.0107754603896943,Human capital index
USA,1970,0.64898556470871,0.00549902822996939,Number of persons engaged
USA,1970,0.64898556470871,0.00201587087303334,Real GDP
USA,1970,0.64898556470871,-0.00550968201026814,TFP
USA,1971,0.63764888048172,-0.0083301155145874,Average annual hours worked
USA,1971,0.63764888048172,0.0318048620065357,Capital services
USA,1971,0.63764888048172,0.0108750879646271,Human capital index
USA,1971,0.63764888048172,5.29663354791321e-05,Number of persons engaged
USA,1971,0.63764888048172,0.0329337485722139,Real GDP
USA,1971,0.63764888048172,0.0198181583406269,TFP
USA,1972,0.639445066452026,-0.00182609658570243,Average annual hours worked
USA,1972,0.639445066452026,0.0367729841726203,Capital services
USA,1972,0.639445066452026,0.0108749916473252,Human capital index
USA,1972,0.639445066452026,0.0268171107151263,Number of persons engaged
USA,1972,0.639445066452026,0.0525888469546876,Real GDP
USA,1972,0.639445066452026,0.0156832665135191,TFP
USA,1973,0.640666723251343,-0.000831948173204866,Average annual hours worked
USA,1973,0.640666723251343,0.0417612079763745,Capital services
USA,1973,0.640666723251343,0.0108750900799859,Human capital index
USA,1973,0.640666723251343,0.0320575046610869,Number of persons engaged
USA,1973,0.640666723251343,0.0564572770831564,Real GDP
USA,1973,0.640666723251343,0.0137009458897952,TFP
USA,1974,0.640968561172485,-0.0148889312667085,Average annual hours worked
USA,1974,0.640968561172485,0.0366441637551345,Capital services
USA,1974,0.640968561172485,0.0108750593695073,Human capital index
USA,1974,0.640968561172485,0.0186230551455868,Number of persons engaged
USA,1974,0.640968561172485,-0.00540544070209348,Real GDP
USA,1974,0.640968561172485,-0.0271149538583112,TFP
USA,1975,0.625560820102692,-0.0170932083536953,Average annual hours worked
USA,1975,0.625560820102692,0.0247735653044265,Capital services
USA,1975,0.625560820102692,0.0108750408594624,Human capital index
USA,1975,0.625560820102692,-0.0126807257291254,Number of persons engaged
USA,1975,0.625560820102692,-0.00205471650049704,Real GDP
USA,1975,0.625560820102692,0.00111925727454221,TFP
USA,1976,0.62158989906311,-0.00217892078119186,Average annual hours worked
USA,1976,0.62158989906311,0.028875903393677,Capital services
USA,1976,0.62158989906311,0.00728075348002832,Human capital index
USA,1976,0.62158989906311,0.0311845170694891,Number of persons engaged
USA,1976,0.62158989906311,0.0538813869854184,Real GDP
USA,1976,0.62158989906311,0.0196424468876704,TFP
USA,1977,0.621596157550812,4.39865303758502e-05,Average annual hours worked
USA,1977,0.621596157550812,0.0354511240561004,Capital services
USA,1977,0.621596157550812,0.00728072614325437,Human capital index
USA,1977,0.621596157550812,0.0340927736515209,Number of persons engaged
USA,1977,0.621596157550812,0.0462416726503987,Real GDP
USA,1977,0.621596157550812,0.00666871432478855,TFP
USA,1978,0.622295022010803,0.00350340663586657,Average annual hours worked
USA,1978,0.622295022010803,0.0443929841669712,Capital services
USA,1978,0.622295022010803,0.00728068315733133,Human capital index
USA,1978,0.622295022010803,0.0408523543300798,Number of persons engaged
USA,1978,0.622295022010803,0.0553530257490675,Real GDP
USA,1978,0.622295022010803,0.00588194463776892,TFP
USA,1979,0.62261962890625,0.00110049172214466,Average annual hours worked
USA,1979,0.62261962890625,0.0470886284555152,Capital services
USA,1979,0.62261962890625,0.0072807668397652,Human capital index
USA,1979,0.62261962890625,0.0261110351767375,Number of persons engaged
USA,1979,0.62261962890625,0.0316613959039498,Real GDP
USA,1979,0.62261962890625,-0.00741859155029312,TFP
USA,1980,0.624348878860474,-0.00885858469681522,Average annual hours worked
USA,1980,0.624348878860474,0.039515038692878,Capital services
USA,1980,0.624348878860474,0.00728075545114537,Human capital index
USA,1980,0.624348878860474,0.0025319850488188,Number of persons engaged
USA,1980,0.624348878860474,-0.00256752907676505,Real GDP
USA,1980,0.624348878860474,-0.0175582909413633,TFP
USA,1981,0.614216029644013,-0.00644191506718173,Average annual hours worked
USA,1981,0.614216029644013,0.0381726664542839,Capital services
USA,1981,0.614216029644013,0.00271549222305167,Human capital index
USA,1981,0.614216029644013,0.0111112649099212,Number of persons engaged
USA,1981,0.614216029644013,0.0253772491945903,Real GDP
USA,1981,0.614216029644013,0.00629768760862937,TFP
USA,1982,0.616743326187134,-0.0108041703392122,Average annual hours worked
USA,1982,0.616743326187134,0.0285467213757895,Capital services
USA,1982,0.616743326187134,0.0027155294241219,Human capital index
USA,1982,0.616743326187134,-0.00774929514094047,Number of persons engaged
USA,1982,0.616743326187134,-0.0180287364278452,Real GDP
USA,1982,0.616743326187134,-0.0190280559283452,TFP
USA,1983,0.603852272033691,0.00519886026041139,Average annual hours worked
USA,1983,0.603852272033691,0.0318375164187827,Capital services
USA,1983,0.603852272033691,0.00271554640750105,Human capital index
USA,1983,0.603852272033691,0.0132538299298179,Number of persons engaged
USA,1983,0.603852272033691,0.0458392907738918,Real GDP
USA,1983,0.603852272033691,0.019947012824197,TFP
USA,1984,0.601951777935028,0.00882372900527861,Average annual hours worked
USA,1984,0.601951777935028,0.0432855736029427,Capital services
USA,1984,0.601951777935028,0.00271554333662238,Human capital index
USA,1984,0.601951777935028,0.041390934984247,Number of persons engaged
USA,1984,0.601951777935028,0.0723662091888826,Real GDP
USA,1984,0.601951777935028,0.021893243555297,TFP
USA,1985,0.60230153799057,0.00309690866611767,Average annual hours worked
USA,1985,0.60230153799057,0.0429303092161122,Capital services
USA,1985,0.60230153799057,0.00271552037405121,Human capital index
USA,1985,0.60230153799057,0.0207883368952904,Number of persons engaged
USA,1985,0.60230153799057,0.0416965712487247,Real GDP
USA,1985,0.60230153799057,0.00827690092103528,TFP
USA,1986,0.607737004756928,-0.0112695529061911,Average annual hours worked
USA,1986,0.607737004756928,0.0385600822000312,Capital services
USA,1986,0.607737004756928,0.00256622694056596,Human capital index
USA,1986,0.607737004756928,0.0228005666544395,Number of persons engaged
USA,1986,0.607737004756928,0.0346264581385032,Real GDP
USA,1986,0.607737004756928,0.0108208868658022,TFP
USA,1987,0.615972578525543,0.00431148170993723,Average annual hours worked
USA,1987,0.615972578525543,0.0359079808097753,Capital services
USA,1987,0.615972578525543,0.00256624973143338,Human capital index
USA,1987,0.615972578525543,0.0260005057510369,Number of persons engaged
USA,1987,0.615972578525543,0.0345956174001603,Real GDP
USA,1987,0.615972578525543,0.000411968597137991,TFP
USA,1988,0.62066638469696,0.00545373935717874,Average annual hours worked
USA,1988,0.62066638469696,0.0348088558134299,Capital services
USA,1988,0.62066638469696,0.002566185591383,Human capital index
USA,1988,0.62066638469696,0.0219762495909077,Number of persons engaged
USA,1988,0.62066638469696,0.0417706882276645,Real GDP
USA,1988,0.62066638469696,0.00951805310575971,TFP
USA,1989,0.611858665943146,0.00668507140277042,Average annual hours worked
USA,1989,0.611858665943146,0.0352006447642859,Capital services
USA,1989,0.611858665943146,0.00256624465656352,Human capital index
USA,1989,0.611858665943146,0.019867433352148,Number of persons engaged
USA,1989,0.611858665943146,0.0367264640151521,Real GDP
USA,1989,0.611858665943146,0.00499604661280695,TFP
USA,1990,0.615197896957398,-0.00813414853117678,Average annual hours worked
USA,1990,0.615197896957398,0.0304778783818425,Capital services
USA,1990,0.615197896957398,0.00256621687069014,Human capital index
USA,1990,0.615197896957398,0.00999727647033199,Number of persons engaged
USA,1990,0.615197896957398,0.0188595299585994,Real GDP
USA,1990,0.615197896957398,0.00442616191994638,TFP
USA,1991,0.615098834037781,-0.00458355999212323,Average annual hours worked
USA,1991,0.615098834037781,0.0246928648541718,Capital services
USA,1991,0.615098834037781,0.0050088705183331,Human capital index
USA,1991,0.615098834037781,-0.0120195527151493,Number of persons engaged
USA,1991,0.615098834037781,-0.00108252197881453,Real GDP
USA,1991,0.615098834037781,-0.00327435631263406,TFP
USA,1992,0.620048463344574,-0.00696844441318822,Average annual hours worked
USA,1992,0.620048463344574,0.0268531826867748,Capital services
USA,1992,0.620048463344574,0.00500897582501114,Human capital index
USA,1992,0.620048463344574,0.00189148538493233,Number of persons engaged
USA,1992,0.620048463344574,0.0352244573709377,Real GDP
USA,1992,0.620048463344574,0.0248540944194209,TFP
USA,1993,0.614196300506592,0.00849175165073546,Average annual hours worked
USA,1993,0.614196300506592,0.0287612904193268,Capital services
USA,1993,0.614196300506592,0.00500881770709882,Human capital index
USA,1993,0.614196300506592,0.0108680203182385,Number of persons engaged
USA,1993,0.614196300506592,0.0275284307390089,Real GDP
USA,1993,0.614196300506592,0.00132823818439731,TFP
USA,1994,0.607954382896423,0.0099849579617679,Average annual hours worked
USA,1994,0.607954382896423,0.0309455875898694,Capital services
USA,1994,0.607954382896423,0.00500894777294292,Human capital index
USA,1994,0.607954382896423,0.020867998589146,Number of persons engaged
USA,1994,0.607954382896423,0.0402883024354346,Real GDP
USA,1994,0.607954382896423,0.00591712945682033,TFP
USA,1995,0.607377409934998,0.00533623331359912,Average annual hours worked
USA,1995,0.607377409934998,0.0352710786327757,Capital services
USA,1995,0.607377409934998,0.0050089514810332,Human capital index
USA,1995,0.607377409934998,0.0141042149118604,Number of persons engaged
USA,1995,0.607377409934998,0.0268428989907614,Real GDP
USA,1995,0.607377409934998,-0.00188990379772513,TFP
USA,1996,0.607116162776947,0.003326701266261,Average annual hours worked
USA,1996,0.607116162776947,0.0396545728526723,Capital services
USA,1996,0.607116162776947,0.00319300095922914,Human capital index
USA,1996,0.607116162776947,0.0148665249758271,Number of persons engaged
USA,1996,0.607116162776947,0.0377250522231727,Real GDP
USA,1996,0.607116162776947,0.00888269102666484,TFP
USA,1997,0.609609842300415,0.00272426530731917,Average annual hours worked
USA,1997,0.609609842300415,0.0444661986351158,Capital services
USA,1997,0.609609842300415,0.00319302744671379,Human capital index
USA,1997,0.609609842300415,0.0232294955732661,Number of persons engaged
USA,1997,0.609609842300415,0.0444721300040414,Real GDP
USA,1997,0.609609842300415,0.00894797583589324,TFP
USA,1998,0.623013257980347,0.00585613361102233,Average annual hours worked
USA,1998,0.623013257980347,0.0496689725132136,Capital services
USA,1998,0.623013257980347,0.00319308859870748,Human capital index
USA,1998,0.623013257980347,0.0161550260913785,Number of persons engaged
USA,1998,0.623013257980347,0.0448141404323859,Real GDP
USA,1998,0.623013257980347,0.00984756549946919,TFP
USA,1999,0.625988662242889,0.00116208827663766,Average annual hours worked
USA,1999,0.625988662242889,0.0538685355124355,Capital services
USA,1999,0.625988662242889,0.00319304976952428,Human capital index
USA,1999,0.625988662242889,0.0167699208964724,Number of persons engaged
USA,1999,0.625988662242889,0.0475323474219391,Real GDP
USA,1999,0.625988662242889,0.0137269133839588,TFP
USA,2000,0.637073159217835,0.00191194268476802,Average annual hours worked
USA,2000,0.637073159217835,0.0513547591196983,Capital services
USA,2000,0.637073159217835,0.00319297896188275,Human capital index
USA,2000,0.637073159217835,0.0137444222977767,Number of persons engaged
USA,2000,0.637073159217835,0.0412748212142238,Real GDP
USA,2000,0.637073159217835,0.0102041700645616,TFP
USA,2001,0.640336573123932,-0.0114885196917226,Average annual hours worked
USA,2001,0.640336573123932,0.0386402138702711,Capital services
USA,2001,0.640336573123932,0.00272584401128762,Human capital index
USA,2001,0.640336573123932,7.71545829982845e-05,Number of persons engaged
USA,2001,0.640336573123932,0.00998341200510966,Real GDP
USA,2001,0.640336573123932,0.00183035964831668,TFP
USA,2002,0.629616677761078,-0.00930465748125009,Average annual hours worked
USA,2002,0.629616677761078,0.0288818525585182,Capital services
USA,2002,0.629616677761078,0.00272587555945525,Human capital index
USA,2002,0.629616677761078,-0.00356820670814229,Number of persons engaged
USA,2002,0.629616677761078,0.0174169172869167,Real GDP
USA,2002,0.629616677761078,0.0134404284746941,TFP
USA,2003,0.621445715427399,-0.00877246642236174,Average annual hours worked
USA,2003,0.621445715427399,0.0285912887539459,Capital services
USA,2003,0.621445715427399,0.00272575418263998,Human capital index
USA,2003,0.621445715427399,0.00389985128013537,Number of persons engaged
USA,2003,0.621445715427399,0.0286121172450706,Real GDP
USA,2003,0.621445715427399,0.019210532239639,TFP
USA,2004,0.617115139961243,-0.000733855104940506,Average annual hours worked
USA,2004,0.617115139961243,0.0314715326260866,Capital services
USA,2004,0.617115139961243,0.00272587797886459,Human capital index
USA,2004,0.617115139961243,0.0113874157190634,Number of persons engaged
USA,2004,0.617115139961243,0.0379888987913253,Real GDP
USA,2004,0.617115139961243,0.0173942258969226,TFP
USA,2005,0.605635344982147,-0.00140461822022164,Average annual hours worked
USA,2005,0.605635344982147,0.0345846406190598,Capital services
USA,2005,0.605635344982147,0.0027258488193187,Human capital index
USA,2005,0.605635344982147,0.01584879905865,Number of persons engaged
USA,2005,0.605635344982147,0.0351321762346357,Real GDP
USA,2005,0.605635344982147,0.0109569383347596,TFP
USA,2006,0.605510890483856,0.000188754577897798,Average annual hours worked
USA,2006,0.605510890483856,0.0362247610305706,Capital services
USA,2006,0.605510890483856,0.00405406355725857,Human capital index
USA,2006,0.605510890483856,0.018252404228928,Number of persons engaged
USA,2006,0.605510890483856,0.0285497005864999,Real GDP
USA,2006,0.605510890483856,0.000596764991067422,TFP
USA,2007,0.604003727436066,-0.000821136209244622,Average annual hours worked
USA,2007,0.604003727436066,0.033898836040799,Capital services
USA,2007,0.604003727436066,0.00405392800370019,Human capital index
USA,2007,0.604003727436066,0.00897097347849929,Number of persons engaged
USA,2007,0.604003727436066,0.0187617348232445,Real GDP
USA,2007,0.604003727436066,-0.00193742248957307,TFP
USA,2008,0.604088604450226,-0.0112645660716628,Average annual hours worked
USA,2008,0.604088604450226,0.0263380429576052,Capital services
USA,2008,0.604088604450226,0.0040540539659546,Human capital index
USA,2008,0.604088604450226,-0.00114267024410686,Number of persons engaged
USA,2008,0.604088604450226,-0.00136571324204737,Real GDP
USA,2008,0.604088604450226,-0.00654908337661964,TFP
USA,2009,0.59113609790802,-0.0210439247802856,Average annual hours worked
USA,2009,0.59113609790802,0.0128027168465983,Capital services
USA,2009,0.59113609790802,0.00405398245533695,Human capital index
USA,2009,0.59113609790802,-0.0342456526405376,Number of persons engaged
USA,2009,0.59113609790802,-0.0253677166169476,Real GDP
USA,2009,0.59113609790802,0.000302892662133791,TFP
USA,2010,0.587999582290649,0.00370445925394303,Average annual hours worked
USA,2010,0.587999582290649,0.0162119617245187,Capital services
USA,2010,0.587999582290649,0.00405410439026288,Human capital index
USA,2010,0.587999582290649,-0.0035901492450503,Number of persons engaged
USA,2010,0.587999582290649,0.0256377887000534,Real GDP
USA,2010,0.587999582290649,0.0164022758925801,TFP
USA,2011,0.592656254768372,0.00570437749607144,Average annual hours worked
USA,2011,0.592656254768372,0.0177375261797317,Capital services
USA,2011,0.592656254768372,0.00142030167047813,Human capital index
USA,2011,0.592656254768372,0.0101876852942273,Number of persons engaged
USA,2011,0.592656254768372,0.0155083615710798,Real GDP
USA,2011,0.592656254768372,-0.00199091531659179,TFP
USA,2012,0.595092236995697,0.00111765156818366,Average annual hours worked
USA,2012,0.595092236995697,0.020189310689916,Capital services
USA,2012,0.595092236995697,0.00142028105781922,Human capital index
USA,2012,0.595092236995697,0.0171732467818753,Number of persons engaged
USA,2012,0.595092236995697,0.02249543575031,Real GDP
USA,2012,0.595092236995697,0.00251312118429548,TFP
USA,2013,0.593056976795197,0.00324823757274428,Average annual hours worked
USA,2013,0.593056976795197,0.0197281875406803,Capital services
USA,2013,0.593056976795197,0.00142032190023933,Human capital index
USA,2013,0.593056976795197,0.00961327497947595,Number of persons engaged
USA,2013,0.593056976795197,0.0184207446093223,Real GDP
USA,2013,0.593056976795197,0.0018711843343362,TFP
USA,2014,0.594270586967468,0.00327282940942042,Average annual hours worked
USA,2014,0.594270586967468,0.0210634273158197,Capital services
USA,2014,0.594270586967468,0.00142029557873435,Human capital index
USA,2014,0.594270586967468,0.0153597152833265,Number of persons engaged
USA,2014,0.594270586967468,0.0252597915363932,Real GDP
USA,2014,0.594270586967468,0.00465541030568861,TFP
USA,2015,0.595646262168884,0.0066853595370806,Average annual hours worked
USA,2015,0.595646262168884,0.0210906670337743,Capital services
USA,2015,0.595646262168884,0.00142033055443203,Human capital index
USA,2015,0.595646262168884,0.0136811715470833,Number of persons engaged
USA,2015,0.595646262168884,0.030755178820465,Real GDP
USA,2015,0.595646262168884,0.00898475018324074,TFP
USA,2016,0.593772530555725,-0.0018525457094698,Average annual hours worked
USA,2016,0.593772530555725,0.0198038124211781,Capital services
USA,2016,0.593772530555725,0.0014202985728633,Human capital index
USA,2016,0.593772530555725,0.0142995347469246,Number of persons engaged
USA,2016,0.593772530555725,0.0171142573470036,Real GDP
USA,2016,0.593772530555725,0.000836836359951576,TFP
USA,2017,0.596151113510132,-0.00170791525742442,Average annual hours worked
USA,2017,0.596151113510132,0.020244325211052,Capital services
USA,2017,0.596151113510132,0.00142032773099743,Human capital index
USA,2017,0.596151113510132,0.0149304825127692,Number of persons engaged
USA,2017,0.596151113510132,0.0233267205997352,Real GDP
USA,2017,0.596151113510132,0.00631601070926724,TFP
USA,2018,0.594325959682465,0.00622383005665483,Average annual hours worked
USA,2018,0.594325959682465,0.02297115325928,Capital services
USA,2018,0.594325959682465,0.00142022636766836,Human capital index
USA,2018,0.594325959682465,0.0129537453614914,Number of persons engaged
USA,2018,0.594325959682465,0.0299647239059755,Real GDP
USA,2018,0.594325959682465,0.00816595554352007,TFP
USA,2019,0.597091138362885,-0.00527266634609469,Average annual hours worked
USA,2019,0.597091138362885,0.0225603241651824,Capital services
USA,2019,0.597091138362885,0.00142031361777883,Human capital index
USA,2019,0.597091138362885,0.0103633533283065,Number of persons engaged
USA,2019,0.597091138362885,0.0216116586465613,Real GDP
USA,2019,0.597091138362885,0.00856037210824789,TFP
