Currency,year,value
Euro,1995,
Other currencies,1995,4.87023099379119
US dollar,1995,58.9599879456695
Pound sterling,1995,2.11311047230706
French franc,1995,2.35175254442716
Dutch guilder,1995,0.319371278799449
Japanese yen,1995,6.76899186167091
Swiss franc,1995,0.334597065418042
Australian dollar,1995,
Chinese yuan renminbi,1995,
ECU,1995,8.52883359514445
Deutsche mark,1995,15.7531242427723
Canadian dollar,1995,
Euro,1996,
Other currencies,1996,4.48111167615734
US dollar,1996,61.9833234106692
Pound sterling,1996,2.68168556037837
French franc,1996,1.84618467417483
Dutch guilder,1996,0.239341913419126
Japanese yen,1996,6.71238230703635
Swiss franc,1996,0.302144885456493
Australian dollar,1996,
Chinese yuan renminbi,1996,
ECU,1996,7.08175496163735
Deutsche mark,1996,14.6720706110709
Canadian dollar,1996,
Euro,1997,
Other currencies,1997,3.86214783999769
US dollar,1997,65.0987509147878
Pound sterling,1997,2.58043485154519
French franc,1997,1.43834275693918
Dutch guilder,1997,0.350350538659625
Japanese yen,1997,5.77151343468523
Swiss franc,1997,0.348292556717082
Australian dollar,1997,
Chinese yuan renminbi,1997,
ECU,1997,6.0726913065502
Deutsche mark,1997,14.477475800118
Canadian dollar,1997,
Euro,1998,
Other currencies,1998,4.50298507519879
US dollar,1998,69.280716932273
Pound sterling,1998,2.66156941600959
French franc,1998,1.62254974003438
Dutch guilder,1998,0.271981564069299
Japanese yen,1998,6.23871054385705
Swiss franc,1998,0.330267723277006
Australian dollar,1998,
Chinese yuan renminbi,1998,
ECU,1998,1.2969714639253
Deutsche mark,1998,13.7942475413556
Canadian dollar,1998,
Euro,1999,17.8987905769332
Other currencies,1999,1.59699295032739
US dollar,1999,71.0139314733965
Pound sterling,1999,2.88665858331864
French franc,1999,
Dutch guilder,1999,
Japanese yen,1999,6.3737320025953
Swiss franc,1999,0.229894413428983
Australian dollar,1999,
Chinese yuan renminbi,1999,
ECU,1999,
Deutsche mark,1999,
Canadian dollar,1999,
Euro,2000,18.292493005079
Other currencies,2000,1.48197347380477
US dollar,2000,71.13749894789
Pound sterling,2000,2.75336674437061
French franc,2000,
Dutch guilder,2000,
Japanese yen,2000,6.06547154475571
Swiss franc,2000,0.269196284099902
Australian dollar,2000,
Chinese yuan renminbi,2000,
ECU,2000,
Deutsche mark,2000,
Canadian dollar,2000,
Euro,2001,19.1838630645086
Other currencies,2001,1.3072258352482
US dollar,2001,71.5180104132506
Pound sterling,2001,2.70105480301857
French franc,2001,
Dutch guilder,2001,
Japanese yen,2001,5.04461859457584
Swiss franc,2001,0.245227289398235
Australian dollar,2001,
Chinese yuan renminbi,2001,
ECU,2001,
Deutsche mark,2001,
Canadian dollar,2001,
Euro,2002,23.6501120285967
Other currencies,2002,1.57866123169671
US dollar,2002,66.5012155497516
Pound sterling,2002,2.92157654488105
French franc,2002,
Dutch guilder,2002,
Japanese yen,2002,4.94114788426903
Swiss franc,2002,0.407286760804941
Australian dollar,2002,
Chinese yuan renminbi,2002,
ECU,2002,
Deutsche mark,2002,
Canadian dollar,2002,
Euro,2003,25.0329182368264
Other currencies,2003,2.00654407336502
US dollar,2003,65.4498739669679
Pound sterling,2003,2.86134619275654
French franc,2003,
Dutch guilder,2003,
Japanese yen,2003,4.42369027540026
Swiss franc,2003,0.225627254683817
Australian dollar,2003,
Chinese yuan renminbi,2003,
ECU,2003,
Deutsche mark,2003,
Canadian dollar,2003,
Euro,2004,24.6797470282133
Other currencies,2004,1.86949535201314
US dollar,2004,65.5072874753056
Pound sterling,2004,3.49291508769702
French franc,2004,
Dutch guilder,2004,
Japanese yen,2004,4.28412545322139
Swiss franc,2004,0.166429603549519
Australian dollar,2004,
Chinese yuan renminbi,2004,
ECU,2004,
Deutsche mark,2004,
Canadian dollar,2004,
Euro,2005,23.8898273226291
Other currencies,2005,1.74167835127816
US dollar,2005,66.5151612341001
Pound sterling,2005,3.74746832601781
French franc,2005,
Dutch guilder,2005,
Japanese yen,2005,3.96016008185423
Swiss franc,2005,0.145704684120581
Australian dollar,2005,
Chinese yuan renminbi,2005,
ECU,2005,
Deutsche mark,2005,
Canadian dollar,2005,
Euro,2006,25.2394230055284
Other currencies,2006,1.79032990517692
US dollar,2006,64.8706221371731
Pound sterling,2006,4.49856701007138
French franc,2006,
Dutch guilder,2006,
Japanese yen,2006,3.42533912541024
Swiss franc,2006,0.175718816640004
Australian dollar,2006,
Chinese yuan renminbi,2006,
ECU,2006,
Deutsche mark,2006,
Canadian dollar,2006,
Euro,2007,26.1304169814288
Other currencies,2007,1.83459186554642
US dollar,2007,63.8761819123399
Pound sterling,2007,4.82503245063143
French franc,2007,
Dutch guilder,2007,
Japanese yen,2007,3.17863168283423
Swiss franc,2007,0.1551451072192
Australian dollar,2007,
Chinese yuan renminbi,2007,
ECU,2007,
Deutsche mark,2007,
Canadian dollar,2007,
Euro,2008,26.2145789931135
Other currencies,2008,2.197270241785
US dollar,2008,63.7652211427071
Pound sterling,2008,4.21766838160668
French franc,2008,
Dutch guilder,2008,
Japanese yen,2008,3.46749457715256
Swiss franc,2008,0.13776666363518
Australian dollar,2008,
Chinese yuan renminbi,2008,
ECU,2008,
Deutsche mark,2008,
Canadian dollar,2008,
Euro,2009,27.7047817422465
Other currencies,2009,2.86985090005973
US dollar,2009,62.1542476338235
Pound sterling,2009,4.25307544194509
French franc,2009,
Dutch guilder,2009,
Japanese yen,2009,2.90238389959082
Swiss franc,2009,0.115660382334408
Australian dollar,2009,
Chinese yuan renminbi,2009,
ECU,2009,
Deutsche mark,2009,
Canadian dollar,2009,
Euro,2010,25.7620504615128
Other currencies,2010,4.25733907565019
US dollar,2010,62.2471630942591
Pound sterling,2010,3.94170871037588
French franc,2010,
Dutch guilder,2010,
Japanese yen,2010,3.66314589997761
Swiss franc,2010,0.128592758224421
Australian dollar,2010,
Chinese yuan renminbi,2010,
ECU,2010,
Deutsche mark,2010,
Canadian dollar,2010,
Euro,2011,24.4496072307197
Other currencies,2011,5.32289842712183
US dollar,2011,62.6989064538912
Pound sterling,2011,3.83784298532461
French franc,2011,
Dutch guilder,2011,
Japanese yen,2011,3.61352984280022
Swiss franc,2011,0.0772150601424116
Australian dollar,2011,
Chinese yuan renminbi,2011,
ECU,2011,
Deutsche mark,2011,
Canadian dollar,2011,
Euro,2012,24.0723347941336
Other currencies,2012,3.20443985489082
US dollar,2012,61.4971861445784
Pound sterling,2012,4.04226384553275
French franc,2012,
Dutch guilder,2012,
Japanese yen,2012,4.08907845239632
Swiss franc,2012,0.212705593524521
Australian dollar,2012,1.45624837601078
Chinese yuan renminbi,2012,
ECU,2012,
Deutsche mark,2012,
Canadian dollar,2012,1.42574293893278
Euro,2013,24.2141653081936
Other currencies,2013,2.78497528597406
US dollar,2013,61.2768266454285
Pound sterling,2013,3.98665646410905
French franc,2013,
Dutch guilder,2013,
Japanese yen,2013,3.82401827591431
Swiss franc,2013,0.268448959142551
Australian dollar,2013,1.81628166093002
Chinese yuan renminbi,2013,
ECU,2013,
Deutsche mark,2013,
Canadian dollar,2013,1.82862740030797
Euro,2014,21.2136343636783
Other currencies,2014,2.77986716558088
US dollar,2014,65.172772451152
Pound sterling,2014,3.70189357326328
French franc,2014,
Dutch guilder,2014,
Japanese yen,2014,3.54543602644807
Swiss franc,2014,0.239972403858417
Australian dollar,2014,1.59580029440415
Chinese yuan renminbi,2014,
ECU,2014,
Deutsche mark,2014,
Canadian dollar,2014,1.75062372161484
Euro,2015,19.1478655198229
Other currencies,2015,2.82207137461511
US dollar,2015,65.7485815876911
Pound sterling,2015,4.7168400399058
French franc,2015,
Dutch guilder,2015,
Japanese yen,2015,3.75431503673374
Swiss franc,2015,0.267409242658473
Australian dollar,2015,1.76753003893817
Chinese yuan renminbi,2015,
ECU,2015,
Deutsche mark,2015,
Canadian dollar,2015,1.77538715963477
Euro,2016,19.1382214612891
Other currencies,2016,2.33260074413666
US dollar,2016,65.3603120822643
Pound sterling,2016,4.34621827827916
French franc,2016,
Dutch guilder,2016,
Japanese yen,2016,3.95300571905447
Swiss franc,2016,0.16268281326758
Australian dollar,2016,1.69049661918167
Chinese yuan renminbi,2016,1.07839204936942
ECU,2016,
Deutsche mark,2016,
Canadian dollar,2016,1.93807023315762
Euro,2017,20.1681873371903
Other currencies,2017,2.42877444200748
US dollar,2017,62.7269933869566
Pound sterling,2017,4.54213215782132
French franc,2017,
Dutch guilder,2017,
Japanese yen,2017,4.89686400967505
Swiss franc,2017,0.175814569395684
Australian dollar,2017,1.80265586016772
Chinese yuan renminbi,2017,1.2331697156029
ECU,2017,
Deutsche mark,2017,
Canadian dollar,2017,2.02540852118299
Euro,2018,20.6743615961365
Other currencies,2018,2.44861792705893
US dollar,2018,61.7614647517059
Pound sterling,2018,4.42724129463188
French franc,2018,
Dutch guilder,2018,
Japanese yen,2018,5.19200110102902
Swiss franc,2018,0.137815387709853
Australian dollar,2018,1.6265096594859
Chinese yuan renminbi,2018,1.89335097522643
ECU,2018,
Deutsche mark,2018,
Canadian dollar,2018,1.83863730701558
Euro,2019,20.5884469103274
Other currencies,2019,2.5127316619722
US dollar,2019,60.7477164839534
Pound sterling,2019,4.63818084321752
French franc,2019,
Dutch guilder,2019,
Japanese yen,2019,5.86876357975545
Swiss franc,2019,0.149612320178879
Australian dollar,2019,1.69697769929088
Chinese yuan renminbi,2019,1.93704536577686
ECU,2019,
Deutsche mark,2019,
Canadian dollar,2019,1.86052513552742
Euro,2020,21.294045149673
Other currencies,2020,2.65190206736467
US dollar,2020,58.9228776054494
Pound sterling,2020,4.73169615358127
French franc,2020,
Dutch guilder,2020,
Japanese yen,2020,6.02935429199307
Swiss franc,2020,0.174794548005409
Australian dollar,2020,1.8279086094865
Chinese yuan renminbi,2020,2.28921332250383
ECU,2020,
Deutsche mark,2020,
Canadian dollar,2020,2.07820825194292
Euro,2021,20.592717307286
Other currencies,2021,3.091139735054
US dollar,2021,58.7986620819862
Pound sterling,2021,4.80830659180024
French franc,2021,
Dutch guilder,2021,
Japanese yen,2021,5.51970975953975
Swiss franc,2021,0.17252650153045
Australian dollar,2021,1.8367505352766
Chinese yuan renminbi,2021,2.79892944643511
ECU,2021,
Deutsche mark,2021,
Canadian dollar,2021,2.38125804109163
Euro,2022,20.3712748453264
Other currencies,2022,3.47592669717017
US dollar,2022,58.5163257738241
Pound sterling,2022,4.89959234943019
French franc,2022,
Dutch guilder,2022,
Japanese yen,2022,5.54193798608772
Swiss franc,2022,0.228349210023976
Australian dollar,2022,1.96632974071829
Chinese yuan renminbi,2022,2.61249885576247
ECU,2022,
Deutsche mark,2022,
Canadian dollar,2022,2.38776454165672
Euro,2023,19.9452649915649
Other currencies,2023,3.86722180147418
US dollar,2023,58.4171035208567
Pound sterling,2023,4.86449645381716
French franc,2023,
Dutch guilder,2023,
Japanese yen,2023,5.6899909445999
Swiss franc,2023,0.194409846899291
Australian dollar,2023,2.14381202085934
Chinese yuan renminbi,2023,2.28915864272919
ECU,2023,
Deutsche mark,2023,
Canadian dollar,2023,2.58854177719932
Euro,2024,19.8387162164577
Other currencies,2024,4.64941837669008
US dollar,2024,57.7892233155458
Pound sterling,2024,4.73077515403296
French franc,2024,
Dutch guilder,2024,
Japanese yen,2024,5.81468456172797
Swiss franc,2024,0.175353560810768
Australian dollar,2024,2.0553976991916
Chinese yuan renminbi,2024,2.17519906698956
ECU,2024,
Deutsche mark,2024,
Canadian dollar,2024,2.77123204855356
