Region,date,MedianAgePop,NatChangeRT,CNMR,NetMigrations
JPN,1950,21.3113,17.566,-0.289,-24.997
JPN,1951,21.493,15.645,-0.621,-54.567
JPN,1952,21.7394,14.677,-0.647,-57.653
JPN,1953,22.0291,12.796,-0.313,-28.238
JPN,1954,22.3643,12.124,-0.753,-68.802
JPN,1955,22.7324,11.816,-1.038,-95.975
JPN,1956,23.1168,10.599,-1.633,-152.385
JPN,1957,23.514,9.126,-1.72,-161.856
JPN,1958,23.9205,10.633,-2.42,-229.568
JPN,1959,24.3267,10.204,-2.119,-202.601
JPN,1960,24.7335,9.656,-1.56,-150.371
JPN,1961,25.1364,9.403,-0.606,-58.882
JPN,1962,25.5283,9.375,-0.582,-57.075
JPN,1963,25.9097,10.126,-1.018,-100.742
JPN,1964,26.268,10.645,-1.008,-100.696
JPN,1965,26.5604,11.294,-0.502,-50.667
JPN,1966,26.882,7.71,0.677,68.934
JPN,1967,27.2064,12.346,0.288,29.632
JPN,1968,27.5201,11.508,0.418,43.593
JPN,1969,27.8814,11.215,0.469,49.447
JPN,1970,28.2528,11.324,0.316,33.731
JPN,1971,28.5872,12.46,-0.998,-107.778
JPN,1972,28.8891,12.913,-0.677,-73.98
JPN,1973,29.1843,13.105,-0.313,-34.674
JPN,1974,29.4443,12.366,-0.091,-10.145
JPN,1975,29.6581,11.013,0.001,0.107
JPN,1976,29.8667,10.044,-0.305,-34.976
JPN,1977,30.2167,9.318,-0.425,-49.082
JPN,1978,30.6623,8.797,-0.412,-47.996
JPN,1979,31.1762,8.249,-0.491,-57.692
JPN,1980,31.6952,7.224,-0.78,-92.314
JPN,1981,32.246,6.609,-2.341,-278.525
JPN,1982,32.818,6.395,-2.415,-288.55
JPN,1983,33.3818,6.007,-2.249,-269.755
JPN,1984,33.9326,5.763,-2.273,-273.686
JPN,1985,34.4677,5.104,-1.17,-141.323
JPN,1986,34.9796,4.661,0.231,27.987
JPN,1987,35.4768,4.363,0.23,28.001
JPN,1988,35.9582,3.719,0.418,51.154
JPN,1989,36.4272,3.278,0.254,31.202
JPN,1990,36.872,2.803,1.01,124.582
JPN,1991,37.3126,2.812,1.302,161.331
JPN,1992,37.7645,2.469,1.374,170.878
JPN,1993,38.1907,2.128,1.352,168.836
JPN,1994,38.6019,2.435,1.231,154.214
JPN,1995,38.9924,1.788,0.698,87.714
JPN,1996,39.3733,2.127,0.199,25.03
JPN,1997,39.7392,1.94,0.343,43.366
JPN,1998,40.082,1.835,0.363,45.912
JPN,1999,40.4177,1.338,0.449,56.901
JPN,2000,40.7522,1.594,0.185,23.468
JPN,2001,41.1051,1.409,0.468,59.563
JPN,2002,41.4671,1.17,0.477,60.864
JPN,2003,41.8294,0.693,0.586,74.875
JPN,2004,42.1887,0.444,0.54,69.014
JPN,2005,42.5541,-0.342,0.884,113.017
JPN,2006,42.9002,-0.247,1.016,130.065
JPN,2007,43.2187,-0.435,1.078,138.024
JPN,2008,43.542,-0.69,1.113,142.605
JPN,2009,43.88,-0.833,0.979,125.45
JPN,2010,44.24,-1.287,1.029,131.86
JPN,2011,44.5386,-1.891,0.763,97.72
JPN,2012,44.8079,-2.029,0.531,67.904
JPN,2013,45.099,-2.224,0.52,66.449
JPN,2014,45.461,-2.468,0.456,58.109
JPN,2015,45.8447,-2.624,1.327,168.896
JPN,2016,46.1951,-3.001,2.475,314.732
JPN,2017,46.5354,-3.511,2.539,322.564
JPN,2018,46.8893,-3.935,2.526,320.601
JPN,2019,47.2624,-4.478,2.511,318.19
JPN,2020,47.6739,-4.613,0.333,42.001
JPN,2021,48.1226,-5.369,-0.278,-34.996
JPN,2022,48.5482,-6.63,1.4,175.003
JPN,2023,48.9585,-6.228,1.407,175.003
JPN,2024,49.3827,-6.381,1.239,153.357
JPN,2025,49.7917,-6.526,1.142,140.579
JPN,2026,50.181,-6.675,1.051,128.619
JPN,2027,50.5439,-6.814,1.047,127.401
JPN,2028,50.8805,-6.932,1.033,125.079
JPN,2029,51.1916,-7.038,1.064,128.048
JPN,2030,51.4798,-7.135,1.037,123.993
JPN,2031,51.7456,-7.226,1.044,124.022
JPN,2032,51.9874,-7.317,1.043,123.178
JPN,2033,52.2002,-7.386,1.063,124.737
JPN,2034,52.3812,-7.461,1.036,120.872
JPN,2035,52.5347,-7.498,1.009,116.871
JPN,2036,52.6701,-7.543,1.036,119.219
JPN,2037,52.7963,-7.569,1.037,118.603
JPN,2038,52.9115,-7.587,1.071,121.736
JPN,2039,53.0022,-7.601,1.066,120.375
JPN,2040,53.0612,-7.604,1.054,118.186
JPN,2041,53.0972,-7.623,1.008,112.365
JPN,2042,53.1133,-7.623,1.091,120.719
JPN,2043,53.0995,-7.604,1.086,119.471
JPN,2044,53.0541,-7.588,1.1,120.231
JPN,2045,53.0003,-7.551,1.045,113.424
JPN,2046,52.946,-7.538,1.079,116.33
JPN,2047,52.884,-7.5,1.074,115.11
JPN,2048,52.837,-7.488,1.113,118.534
JPN,2049,52.7963,-7.492,1.099,116.311
JPN,2050,52.7551,-7.519,1.135,119.363
JPN,2051,52.7262,-7.55,1.132,118.217
JPN,2052,52.7122,-7.601,1.065,110.491
JPN,2053,52.7129,-7.701,1.142,117.791
JPN,2054,52.7342,-7.795,1.016,104.077
JPN,2055,52.7752,-7.91,1.084,110.22
JPN,2056,52.8265,-8.067,1.031,104.105
JPN,2057,52.8874,-8.216,1.066,106.956
JPN,2058,52.9546,-8.369,1.086,108.132
JPN,2059,53.0207,-8.515,0.989,97.809
JPN,2060,53.0928,-8.656,1.037,101.711
JPN,2061,53.1755,-8.808,1.087,105.828
JPN,2062,53.2591,-8.94,1.12,108.193
JPN,2063,53.3361,-9.031,1.13,108.331
JPN,2064,53.4023,-9.13,1.152,109.551
JPN,2065,53.4596,-9.159,1.051,99.118
JPN,2066,53.5074,-9.186,1.102,103.147
JPN,2067,53.5447,-9.172,1.133,105.133
JPN,2068,53.5724,-9.109,1.038,95.567
JPN,2069,53.5903,-9.013,1.054,96.31
JPN,2070,53.6031,-8.881,0.988,89.503
JPN,2071,53.6023,-8.702,1.075,96.698
JPN,2072,53.5772,-8.522,1.068,95.308
JPN,2073,53.5282,-8.297,1.016,90.022
JPN,2074,53.45,-8.05,1.079,94.927
JPN,2075,53.3494,-7.789,1.089,95.162
JPN,2076,53.2331,-7.531,1.089,94.47
JPN,2077,53.0949,-7.299,1.074,92.602
JPN,2078,52.9465,-7.044,1.081,92.644
JPN,2079,52.811,-6.842,1.117,95.199
JPN,2080,52.6883,-6.635,1.078,91.321
JPN,2081,52.5804,-6.46,1.129,95.119
JPN,2082,52.4883,-6.292,1.083,90.748
JPN,2083,52.4138,-6.155,1.103,91.986
JPN,2084,52.3575,-6.043,1.056,87.615
JPN,2085,52.3197,-5.953,1.044,86.182
JPN,2086,52.2985,-5.873,1.048,86.127
JPN,2087,52.2929,-5.821,1.089,89.045
JPN,2088,52.3027,-5.769,1.083,88.131
JPN,2089,52.328,-5.738,1.045,84.658
JPN,2090,52.3661,-5.727,1.045,84.292
JPN,2091,52.4153,-5.711,1.028,82.513
JPN,2092,52.4747,-5.733,0.974,77.806
JPN,2093,52.541,-5.764,1.009,80.198
JPN,2094,52.6096,-5.799,1.055,83.454
JPN,2095,52.6791,-5.833,1.047,82.423
JPN,2096,52.7495,-5.854,0.998,78.225
JPN,2097,52.8183,-5.879,1.055,82.317
JPN,2098,52.8831,-5.903,1.017,78.909
JPN,2099,52.9449,-5.959,0.978,75.526
JPN,2100,53.0022,-5.969,0.959,73.71
North America,1950,27.8152,15.7805,2.3635,112.666
North America,1951,27.82505,16.0425,4.9965,121.401
North America,1952,27.81205,16.635,4.962,97.329
North America,1953,27.783,16.83,4.6705,116.435
North America,1954,27.7312,17.5955,3.974,62.396
North America,1955,27.65765,17.251,3.1065,114.229
North America,1956,27.54655,17.249,5.0905,152.023
North America,1957,27.3852,17.293,5.4485,193.488
North America,1958,27.21065,17.238,3.19,103.318
North America,1959,27.04725,17.0265,3.0025,452.694
North America,1960,26.86505,16.572,2.5605,472.402
North America,1961,26.6409,16.1635,2.532,615.054
North America,1962,26.37935,15.1725,2.625,660.99
North America,1963,26.11855,14.288,3.051,691.326
North America,1964,25.90185,13.621,3.364,686.638
North America,1965,25.75385,11.7655,4.503,757.303
North America,1966,25.67805,10.3105,5.2145,782.333
North America,1967,25.65175,9.528,4.7135,718.266
North America,1968,25.66515,8.9445,4.089,703.378
North America,1969,25.7282,9.2095,3.5,617.34
North America,1970,25.84515,9.3765,8.8965,1049.529
North America,1971,25.9985,8.5815,6.7815,1043.793
North America,1972,26.19185,7.2955,3.9795,923.423
North America,1973,26.415,6.8085,4.6065,908.564
North America,1974,26.6838,6.8825,5.037,862.574
North America,1975,26.9872,7.1145,4.514,794.875
North America,1976,27.3179,7.0905,3.7155,742.484
North America,1977,27.65305,7.4685,2.7745,647.399
North America,1978,27.9874,7.363,2.335,609.302
North America,1979,28.3136,7.7425,2.8955,590.278
North America,1980,28.6255,7.7065,3.798,718.659
North America,1981,28.92505,7.704,3.539,696.531
North America,1982,29.2234,7.7145,3.06,689.693
North America,1983,29.5317,7.4985,2.7005,729.012
North America,1984,29.85515,7.444,2.3915,678.775
North America,1985,30.1908,7.2595,2.584,668.553
North America,1986,30.5361,7.015,3.3365,615.01
North America,1987,30.8855,6.9545,4.204,652.123
North America,1988,31.22325,6.989,5.347,698.781
North America,1989,31.5478,7.427,5.5155,659.092
North America,1990,31.8619,7.7135,5.4055,1266.181
North America,1991,32.1677,7.4535,4.7315,1336.889
North America,1992,32.46665,7.1315,4.936,1443.001
North America,1993,32.7718,6.411,4.653,1361.904
North America,1994,33.09155,6.0915,4.5345,1314.172
North America,1995,33.41715,5.655,4.594,1314.834
North America,1996,33.7462,5.3025,4.7035,1296.201
North America,1997,34.08215,4.886,4.4485,1261.6
North America,1998,34.4136,4.7195,4.565,1367.48
North America,1999,34.7326,4.5105,4.6615,1314.653
North America,2000,35.0296,4.4845,5.4825,1450.119
North America,2001,35.31865,4.41,5.866,1534.555
North America,2002,35.6086,4.181,5.6265,1544.578
North America,2003,35.88485,4.267,5.2115,1517.019
North America,2004,36.1412,4.3885,5.271,1508.078
North America,2005,36.38145,4.355,5.4675,1573.75
North America,2006,36.6121,4.759,5.342,1549.925
North America,2007,36.82705,4.8795,5.502,1585.154
North America,2008,37.0156,4.766,5.882,1654.924
North America,2009,37.17945,4.6645,5.8655,1631.769
North America,2010,37.32985,4.3265,5.858,1819.822
North America,2011,37.4724,4.109,5.8705,1851.108
North America,2012,37.60685,4.0615,6.063,1875.755
North America,2013,37.73585,3.8475,5.9965,1903.698
North America,2014,37.8717,3.8175,5.2945,1865.482
North America,2015,38.0078,3.5645,5.7595,1946.459
North America,2016,38.12085,3.4015,7.401,2218.584
North America,2017,38.21,2.9185,7.869,2237.423
North America,2018,38.2934,2.6215,8.268,2185.185
North America,2019,38.3951,2.481,7.757,2162.185
North America,2020,38.56325,1.0385,3.847,586.361
North America,2021,38.7855,1.039,3.578,873.654
North America,2022,38.9867,1.043,7.8555,1778.997
North America,2023,39.1828,1.564,7.445,1756.51
North America,2024,39.38255,1.374,6.499,1654.731
North America,2025,39.57215,1.256,5.8365,1556.867
North America,2026,39.7753,1.139,5.288,1469.251
North America,2027,39.98505,1.009,5.1455,1457.803
North America,2028,40.19535,0.898,5.1235,1499.942
North America,2029,40.40505,0.781,4.912,1453.738
North America,2030,40.61635,0.6625,4.8805,1461.289
North America,2031,40.82725,0.533,4.8695,1470.92
North America,2032,41.03865,0.4135,4.7625,1473.703
North America,2033,41.24585,0.288,4.5955,1465.413
North America,2034,41.44095,0.1565,4.739,1505.089
North America,2035,41.6208,0.042,4.5015,1474.408
North America,2036,41.78355,-0.0735,4.602,1482.091
North America,2037,41.92755,-0.2055,4.621,1496.726
North America,2038,42.05775,-0.33,4.63,1510.264
North America,2039,42.1804,-0.452,4.493,1473.254
North America,2040,42.3004,-0.5815,4.445,1473.677
North America,2041,42.41765,-0.72,4.489,1480.01
North America,2042,42.5328,-0.8575,4.5695,1530.485
North America,2043,42.64765,-0.9915,4.517,1503.529
North America,2044,42.76275,-1.1225,4.5275,1498.774
North America,2045,42.88245,-1.2315,4.588,1503.494
North America,2046,43.00745,-1.355,4.4305,1483.499
North America,2047,43.12975,-1.466,4.478,1519.331
North America,2048,43.243,-1.5795,4.5075,1509.144
North America,2049,43.3571,-1.674,4.3795,1513.726
North America,2050,43.4762,-1.759,4.548,1539.283
North America,2051,43.593,-1.8185,4.562,1553.712
North America,2052,43.7059,-1.8525,4.599,1541.856
North America,2053,43.81715,-1.8795,4.4815,1542.978
North America,2054,43.92825,-1.886,4.416,1495.709
North America,2055,44.0374,-1.875,4.399,1477.924
North America,2056,44.142,-1.8545,4.4385,1495.333
North America,2057,44.24,-1.8325,4.5315,1547.231
North America,2058,44.33275,-1.7995,4.674,1589.003
North America,2059,44.425,-1.7545,4.584,1553.683
North America,2060,44.51775,-1.6955,4.4585,1513.701
North America,2061,44.60505,-1.648,4.5465,1555.392
North America,2062,44.68275,-1.595,4.5865,1563.21
North America,2063,44.7534,-1.5475,4.529,1556.925
North America,2064,44.81575,-1.512,4.449,1526.127
North America,2065,44.8695,-1.4825,4.4475,1545.229
North America,2066,44.92195,-1.4625,4.468,1570.377
North America,2067,44.9737,-1.4505,4.5715,1600.867
North America,2068,45.0239,-1.457,4.413,1579.349
North America,2069,45.0722,-1.465,4.439,1607.88
North America,2070,45.11665,-1.4795,4.364,1565.618
North America,2071,45.15785,-1.512,4.4465,1621.464
North America,2072,45.19865,-1.548,4.36,1572.431
North America,2073,45.23875,-1.595,4.326,1595.782
North America,2074,45.27615,-1.6325,4.323,1579.633
North America,2075,45.30855,-1.6885,4.4965,1656.285
North America,2076,45.3368,-1.7405,4.499,1629.806
North America,2077,45.3667,-1.789,4.3335,1597.098
North America,2078,45.39695,-1.8225,4.455,1611.385
North America,2079,45.427,-1.8755,4.342,1577.153
North America,2080,45.45925,-1.9145,4.336,1569.684
North America,2081,45.48905,-1.9505,4.567,1683.675
North America,2082,45.52035,-1.971,4.313,1602.859
North America,2083,45.5548,-1.9945,4.4485,1619.785
North America,2084,45.5904,-1.998,4.3525,1602.051
North America,2085,45.631,-1.9995,4.216,1534.945
North America,2086,45.67275,-1.998,4.3055,1589.723
North America,2087,45.71415,-2,4.244,1586.522
North America,2088,45.7512,-1.984,4.569,1659.548
North America,2089,45.7879,-1.96,4.233,1595.43
North America,2090,45.83085,-1.9255,4.1265,1560.881
North America,2091,45.8711,-1.921,4.331,1610.587
North America,2092,45.908,-1.8855,4.222,1600.483
North America,2093,45.9435,-1.8615,4.249,1590.964
North America,2094,45.97595,-1.8565,4.2445,1611.566
North America,2095,46.00585,-1.8345,4.2255,1596.043
North America,2096,46.03365,-1.8275,4.1805,1560.565
North America,2097,46.0557,-1.808,4.3545,1595.407
North America,2098,46.07345,-1.806,4.2325,1550.205
North America,2099,46.09155,-1.7965,4.1615,1560.077
North America,2100,46.1105,-1.804,4.0825,1508.109
Europe,1950,26.0191,10.703,0,-474.032
Europe,1951,26.1858,10.676,-0.124,-604.586
Europe,1952,26.2605,11.078,0,-514.561
Europe,1953,26.3704,11.598,0,-87.6239999999999
Europe,1954,26.5315,11.74,0,-259.285
Europe,1955,26.7155,11.533,0,-254.42
Europe,1956,26.9205,11.248,-0.509,-314.58
Europe,1957,27.0891,11.238,0.062,351.163
Europe,1958,27.3158,11.353,0.15,192.116
Europe,1959,27.6625,10.279,0.108,-399.126
Europe,1960,27.766,10.362,-0.111,-275.356
Europe,1961,28.0885,9.448,0.048,-278.382
Europe,1962,28.4562,9.838,0.062,77.29
Europe,1963,28.7091,10.113,-0.044,-6.536
Europe,1964,28.8739,10.094,-0.354,-209.468
Europe,1965,29.1248,9.275,-0.459,-92.2199999999999
Europe,1966,29.3411,9.152,-0.071,21.587
Europe,1967,29.4362,8.582,-0.113,-397.054
Europe,1968,29.5191,8.188,-0.049,178.103
Europe,1969,29.6412,7.526,0.111,346.336
Europe,1970,29.7867,7.318,-0.529,-894.219
Europe,1971,30.1177,7.081,0.021,550.434
Europe,1972,30.4645,7.561,0.23,481.542
Europe,1973,30.6803,6.809,0.247,395.318
Europe,1974,30.5851,6.838,0.013,-25.76
Europe,1975,30.5337,6.713,-0.305,-240.275
Europe,1976,30.5219,6.468,0.078,178.008
Europe,1977,30.5947,6.12,-0.005,173.885
Europe,1978,30.7167,5.815,0.067,122.919
Europe,1979,30.743,5.174,-0.001,177.57
Europe,1980,30.7954,4.708,0.075,621.541
Europe,1981,30.9006,4.829,0,-42.277
Europe,1982,31.0163,4.663,-0.099,-74.78
Europe,1983,31.2868,4.38,0.127,172.944
Europe,1984,31.5989,4.371,0.072,139.551
Europe,1985,31.9093,3.84,0.122,398.974
Europe,1986,32.2073,3.924,-0.075,410.39
Europe,1987,32.4887,3.86,0.138,296.51
Europe,1988,32.764,3.149,0.205,781.49
Europe,1989,33.0391,3.346,-0.409,660.353
Europe,1990,33.2339,2.802,-0.343,796.43
Europe,1991,33.5842,2.915,0.48,690.533
Europe,1992,34.005,2.459,-0.038,-765.345
Europe,1993,34.3896,1.609,0.292,586.865
Europe,1994,34.7224,1.592,-0.073,1533.9
Europe,1995,35.0271,1.211,0.179,409.519
Europe,1996,35.2428,1.04,0.512,663.939
Europe,1997,35.3904,1.143,0.199,344.252
Europe,1998,35.6453,0.729,0.857,-354.268
Europe,1999,35.9392,0.572,1.011,700.406
Europe,2000,36.2657,1.037,1.316,861.537
Europe,2001,36.65,0.858,1.777,868.89
Europe,2002,37.0116,0.56,1.01,2802.273
Europe,2003,37.2192,0.594,1.341,1821.347
Europe,2004,37.5186,0.927,0.996,1654.589
Europe,2005,37.7408,0.694,1.479,1349.704
Europe,2006,37.9549,0.668,1.941,1002.315
Europe,2007,38.1337,0.951,1.473,1850.655
Europe,2008,38.3,1.781,1.467,1581.253
Europe,2009,38.4802,1.597,0.814,1116.174
Europe,2010,38.6849,1.747,0.491,1153.739
Europe,2011,38.9369,1.7,0.571,1124.438
Europe,2012,39.5006,1.08,0.212,1062.306
Europe,2013,39.7731,0.872,0.324,1457.439
Europe,2014,39.9615,0.861,0.111,2239.082
Europe,2015,40.2858,0.448,0.47,3208.379
Europe,2016,40.5204,0.721,0.642,2058.522
Europe,2017,40.71,0.451,1.353,2331.844
Europe,2018,40.8608,0.085,2.029,1983.368
Europe,2019,40.993,-0.04,1.632,1824.371
Europe,2020,41.1489,-1.798,1.861,1478.537
Europe,2021,41.2433,-2.461,1.989,1726.74
Europe,2022,41.4506,-1.912,7.115,-183.673999999999
Europe,2023,41.4401,-1.771,2.524,1212.532
Europe,2024,41.8385,-2.064,0.915,1293.34
Europe,2025,42.2759,-2.32,0.337,1218.803
Europe,2026,42.4558,-2.558,1.234,1080.346
Europe,2027,42.6069,-2.766,1.22,1093.297
Europe,2028,42.7628,-2.96,0.987,1086.624
Europe,2029,43.2242,-3.127,1.022,1052.212
Europe,2030,43.6978,-3.264,1.015,1055.647
Europe,2031,44.1384,-3.374,0.963,984.223
Europe,2032,44.4856,-3.456,1.029,1034.402
Europe,2033,44.8893,-3.583,1.035,1050.426
Europe,2034,45.1537,-3.78,1.078,1045.371
Europe,2035,45.2584,-3.908,0.937,1036.919
Europe,2036,45.4376,-3.97,0.955,1011.207
Europe,2037,45.6155,-4.032,0.847,1004.085
Europe,2038,45.7863,-4.117,0.884,1000.598
Europe,2039,45.9467,-4.205,0.878,968.448
Europe,2040,46.0889,-4.264,0.869,1005.864
Europe,2041,46.2395,-4.133,0.95,1029.246
Europe,2042,46.437,-4.165,0.94,1044.415
Europe,2043,46.6681,-4.348,0.888,995.304
Europe,2044,46.8766,-4.491,0.908,1010.147
Europe,2045,47.0543,-4.549,0.839,1012.902
Europe,2046,47.0469,-4.594,0.768,1052.041
Europe,2047,47.2314,-4.645,0.689,1020.829
Europe,2048,47.3889,-4.762,0.777,1017.873
Europe,2049,47.5225,-4.956,0.8,987.226
Europe,2050,47.6355,-5.134,0.745,1005.337
Europe,2051,47.6638,-5.271,0.691,1013.389
Europe,2052,47.4967,-5.422,0.679,1034.395
Europe,2053,47.326,-5.56,0.815,955.269
Europe,2054,47.1759,-5.614,0.749,976.536
Europe,2055,47.1252,-5.648,0.596,938.694
Europe,2056,47.3167,-5.683,0.721,944.355
Europe,2057,47.3688,-5.698,0.528,965.901
Europe,2058,47.3557,-5.706,0.573,968.981
Europe,2059,47.3533,-5.724,0.605,949.921
Europe,2060,47.5662,-5.858,0.455,996.117
Europe,2061,47.8625,-5.971,0.693,978.32
Europe,2062,47.8813,-6.093,0.584,978.319
Europe,2063,47.9068,-6.201,0.582,976.381
Europe,2064,47.9469,-6.187,0.778,957.386
Europe,2065,48.0548,-6.339,0.521,940.571
Europe,2066,48.2312,-6.286,0.71,968.017
Europe,2067,48.2768,-6.214,0.585,991.343
Europe,2068,48.3089,-6.133,0.479,963.767
Europe,2069,48.3556,-6.037,0.49,937.859
Europe,2070,48.4407,-5.949,0.55,925.086
Europe,2071,48.5071,-5.838,0.606,906.899
Europe,2072,48.5807,-5.973,0.527,920.09
Europe,2073,48.6602,-6.128,0.558,884.213
Europe,2074,48.7306,-6.291,0.657,861.723
Europe,2075,48.7846,-6.272,0.712,916.662
Europe,2076,48.8095,-6.131,0.649,913.045
Europe,2077,48.8116,-6.005,0.46,870.981
Europe,2078,48.7978,-5.911,0.616,896.777
Europe,2079,48.7702,-5.83,0.567,888.607
Europe,2080,48.7338,-5.78,0.52,903.844
Europe,2081,48.6938,-5.788,0.655,931.575
Europe,2082,48.654,-5.916,0.603,900.66
Europe,2083,48.6162,-6.039,0.705,904.94
Europe,2084,48.5843,-5.97,0.584,890.867
Europe,2085,48.5855,-5.901,0.484,855.33
Europe,2086,48.615,-5.86,0.537,853.092
Europe,2087,48.6537,-5.854,0.554,879.108
Europe,2088,48.7339,-5.654,0.47,870.888
Europe,2089,48.8549,-5.58,0.472,834.253
Europe,2090,48.9203,-5.575,0.524,811.33
Europe,2091,48.9278,-5.574,0.483,843.797
Europe,2092,48.9489,-5.577,0.481,821.48
Europe,2093,49.0108,-5.626,0.53,848.421
Europe,2094,49.1716,-5.663,0.48,863.649
Europe,2095,49.3214,-5.705,0.448,827.626
Europe,2096,49.4637,-5.649,0.47,801.2
Europe,2097,49.5963,-5.653,0.479,806.812
Europe,2098,49.7138,-5.63,0.512,821.899
Europe,2099,49.8152,-5.628,0.55,791.538
Europe,2100,49.8994,-5.617,0.583,780.622
Latin America & Caribbean,1950,17.6042,27.119,-1.712,-73.122
Latin America & Caribbean,1951,17.5112,27.452,-1.706,-96.967
Latin America & Caribbean,1952,17.4361,27.2215,-1.747,-129.389
Latin America & Caribbean,1953,17.35295,27.368,-1.717,-170.137
Latin America & Caribbean,1954,17.2807,27.817,-1.7055,-192.877
Latin America & Caribbean,1955,17.2739,28.0205,-1.6995,-213.941
Latin America & Caribbean,1956,17.2531,28.074,-1.722,-235.077
Latin America & Caribbean,1957,17.21875,28.7805,-1.827,-257.179
Latin America & Caribbean,1958,17.17285,29.1995,-1.9645,-290.793
Latin America & Caribbean,1959,17.03755,29.399,-2.245,-288.467
Latin America & Caribbean,1960,16.8568,29.7415,-2.235,-291.014
Latin America & Caribbean,1961,16.74095,29.7405,-2.1725,-264.272
Latin America & Caribbean,1962,16.67475,29.79,-2.774,-294.066
Latin America & Caribbean,1963,16.6156,29.6615,-2.888,-310.501
Latin America & Caribbean,1964,16.5476,29.7275,-2.7085,-326.032
Latin America & Caribbean,1965,16.4922,29.3805,-2.3645,-336.667
Latin America & Caribbean,1966,16.4687,29.254,-2.538,-355.77
Latin America & Caribbean,1967,16.47345,28.9845,-2.575,-367.937
Latin America & Caribbean,1968,16.49075,28.0985,-3.011,-388.283
Latin America & Caribbean,1969,16.491,27.593,-3.183,-414.67
Latin America & Caribbean,1970,16.46825,25.8165,-3.1775,-458.079
Latin America & Caribbean,1971,16.60675,26.338,-3.471,-513.589
Latin America & Caribbean,1972,16.66945,25.812,-3.21,-520.442
Latin America & Caribbean,1973,16.7459,25.378,-3.202,-531.946
Latin America & Caribbean,1974,16.8372,25.241,-3.3465,-567.81
Latin America & Caribbean,1975,17.00175,25.2395,-3.4685,-626.351
Latin America & Caribbean,1976,17.10805,25.4065,-3.64,-667.1
Latin America & Caribbean,1977,17.26535,25.492,-3.458,-634.823
Latin America & Caribbean,1978,17.46315,25.33,-3.0865,-638.636
Latin America & Caribbean,1979,17.6981,25.108,-3.274,-654.863
Latin America & Caribbean,1980,17.94745,24.756,-3.3995,-660.048
Latin America & Caribbean,1981,18.16095,24.8715,-2.891,-810.844
Latin America & Caribbean,1982,18.3721,24.742,-2.95,-767.484
Latin America & Caribbean,1983,18.5275,24.4005,-3.0105,-712.148
Latin America & Caribbean,1984,18.7492,24.1725,-2.944,-723.823
Latin America & Caribbean,1985,18.97285,23.926,-2.832,-747.105
Latin America & Caribbean,1986,19.1982,23.9705,-3.1435,-854.351
Latin America & Caribbean,1987,19.42485,24.127,-3.033,-795.271
Latin America & Caribbean,1988,19.6535,24.006,-2.954,-738.148
Latin America & Caribbean,1989,19.88265,23.385,-3.1515,-756.778
Latin America & Caribbean,1990,20.11395,22.59,-2.7445,-643.919
Latin America & Caribbean,1991,20.35095,21.7905,-3.0115,-819.664
Latin America & Caribbean,1992,20.5936,21.153,-2.8485,-690.723
Latin America & Caribbean,1993,20.7721,20.5445,-3.206,-869.192
Latin America & Caribbean,1994,20.9227,20.287,-3.0325,-848.111
Latin America & Caribbean,1995,21.0915,20.105,-3.129,-873.968
Latin America & Caribbean,1996,21.2775,19.163,-2.9645,-878.555
Latin America & Caribbean,1997,21.4757,18.946,-3.3245,-878.499
Latin America & Caribbean,1998,21.6847,18.6065,-2.6225,-724.099
Latin America & Caribbean,1999,22.01835,17.9935,-2.5725,-835.183
Latin America & Caribbean,2000,22.51825,17.4445,-3.2405,-967.569
Latin America & Caribbean,2001,22.91915,16.8135,-2.9795,-1039.837
Latin America & Caribbean,2002,23.21585,16.4425,-2.621,-1052.672
Latin America & Caribbean,2003,23.51545,15.999,-2.515,-1079.668
Latin America & Caribbean,2004,23.8067,15.133,-2.453,-1065.845
Latin America & Caribbean,2005,24.09325,14.314,-2.4115,-1074.346
Latin America & Caribbean,2006,24.3856,13.6995,-2.155,-1002.509
Latin America & Caribbean,2007,24.69145,13.131,-1.893,-867.368
Latin America & Caribbean,2008,25.01135,12.9505,-2.2835,-861.502
Latin America & Caribbean,2009,25.34635,12.509,-1.992,-883.739
Latin America & Caribbean,2010,25.69535,11.5345,-1.72,-868.355
Latin America & Caribbean,2011,26.05405,11.9905,-1.189,-809.659
Latin America & Caribbean,2012,26.41845,11.7525,-1.5455,-813.118
Latin America & Caribbean,2013,26.7872,11.315,-1.234,-760.881
Latin America & Caribbean,2014,27.1581,11.1235,-1.5695,-800.715
Latin America & Caribbean,2015,27.5293,10.7085,-0.916,-804.285
Latin America & Caribbean,2016,27.901,9.8215,-0.969,-577.918
Latin America & Caribbean,2017,28.27655,9.245,-0.882,-768.563
Latin America & Caribbean,2018,28.6592,9.0455,-0.8425,-801.334
Latin America & Caribbean,2019,29.05375,8.9845,-0.811,-830.278
Latin America & Caribbean,2020,29.4442,7.6115,-0.512,-596.605
Latin America & Caribbean,2021,29.8183,6.5895,-0.9785,-536.833
Latin America & Caribbean,2022,30.2128,7.764,-0.494,-377.129
Latin America & Caribbean,2023,30.6044,7.802,-0.4835,-361.64
Latin America & Caribbean,2024,30.9888,7.669,-0.4325,-373.033
Latin America & Caribbean,2025,31.37535,7.4575,-0.43,-397.017
Latin America & Caribbean,2026,31.76685,7.2435,-0.415,-403.441
Latin America & Caribbean,2027,32.16835,7.0485,-0.437,-374.726
Latin America & Caribbean,2028,32.5853,6.779,-0.391,-382.361
Latin America & Caribbean,2029,33.00405,6.4985,-0.4925,-366.256
Latin America & Caribbean,2030,33.4226,6.2065,-0.5405,-357.26
Latin America & Caribbean,2031,33.8208,5.912,-0.417,-346.046
Latin America & Caribbean,2032,34.18905,5.6205,-0.432,-337.739
Latin America & Caribbean,2033,34.55235,5.325,-0.4195,-327.244
Latin America & Caribbean,2034,34.9108,5.029,-0.4315,-310.06
Latin America & Caribbean,2035,35.26465,4.725,-0.382,-303.25
Latin America & Caribbean,2036,35.61365,4.44,-0.371,-299.849
Latin America & Caribbean,2037,35.96,4.149,-0.42,-295.418
Latin America & Caribbean,2038,36.30525,3.8615,-0.397,-280.082
Latin America & Caribbean,2039,36.65075,3.572,-0.404,-278.846
Latin America & Caribbean,2040,37.0187,3.3,-0.3535,-267.318
Latin America & Caribbean,2041,37.38495,3.036,-0.3545,-270.585
Latin America & Caribbean,2042,37.74945,2.782,-0.323,-260.775
Latin America & Caribbean,2043,38.11275,2.528,-0.325,-266.9
Latin America & Caribbean,2044,38.4757,2.2915,-0.3185,-262.377
Latin America & Caribbean,2045,38.8387,2.049,-0.3225,-266.364
Latin America & Caribbean,2046,39.2046,1.8125,-0.3125,-259.958
Latin America & Caribbean,2047,39.5742,1.582,-0.3435,-249.428
Latin America & Caribbean,2048,39.94855,1.348,-0.347,-249.436
Latin America & Caribbean,2049,40.32585,1.127,-0.307,-265.642
Latin America & Caribbean,2050,40.70615,0.904,-0.3135,-239.97
Latin America & Caribbean,2051,41.0921,0.6825,-0.3015,-251.026
Latin America & Caribbean,2052,41.4073,0.4675,-0.296,-243.508
Latin America & Caribbean,2053,41.71245,0.2505,-0.3135,-253.341
Latin America & Caribbean,2054,42.0142,0.0415,-0.316,-251.501
Latin America & Caribbean,2055,42.30185,-0.166,-0.312,-248.28
Latin America & Caribbean,2056,42.5913,-0.374,-0.3155,-250.322
Latin America & Caribbean,2057,42.87625,-0.579,-0.289,-254.668
Latin America & Caribbean,2058,43.15975,-0.7855,-0.2955,-240.303
Latin America & Caribbean,2059,43.43585,-0.977,-0.3155,-253.754
Latin America & Caribbean,2060,43.701,-1.1775,-0.3695,-254.238
Latin America & Caribbean,2061,43.9569,-1.38,-0.3225,-243.601
Latin America & Caribbean,2062,44.2021,-1.589,-0.3135,-248.633
Latin America & Caribbean,2063,44.43615,-1.791,-0.299,-252.2
Latin America & Caribbean,2064,44.6584,-2.0085,-0.359,-248.22
Latin America & Caribbean,2065,44.87345,-2.2125,-0.3305,-258.53
Latin America & Caribbean,2066,45.0722,-2.443,-0.338,-251.732
Latin America & Caribbean,2067,45.25995,-2.6725,-0.3265,-247.947
Latin America & Caribbean,2068,45.43545,-2.908,-0.3545,-242.158
Latin America & Caribbean,2069,45.6189,-3.136,-0.3355,-237.476
Latin America & Caribbean,2070,45.8555,-3.3525,-0.327,-239.469
Latin America & Caribbean,2071,46.08295,-3.558,-0.2845,-226.852
Latin America & Caribbean,2072,46.3023,-3.7535,-0.328,-224.547
Latin America & Caribbean,2073,46.51765,-3.954,-0.315,-228.216
Latin America & Caribbean,2074,46.72775,-4.184,-0.344,-215.801
Latin America & Caribbean,2075,46.93035,-4.392,-0.281,-216.172
Latin America & Caribbean,2076,47.1297,-4.613,-0.3275,-210.931
Latin America & Caribbean,2077,47.3246,-4.8385,-0.264,-213.099
Latin America & Caribbean,2078,47.513,-5.071,-0.269,-213.664
Latin America & Caribbean,2079,47.6961,-5.286,-0.298,-213.719
Latin America & Caribbean,2080,47.87325,-5.5125,-0.274,-208.491
Latin America & Caribbean,2081,48.04345,-5.7185,-0.2725,-204.718
Latin America & Caribbean,2082,48.20645,-5.848,-0.28,-193.836
Latin America & Caribbean,2083,48.3623,-5.96,-0.245,-188.204
Latin America & Caribbean,2084,48.51235,-6.067,-0.2525,-190.485
Latin America & Caribbean,2085,48.64465,-6.1825,-0.2255,-193.53
Latin America & Caribbean,2086,48.76575,-6.2835,-0.242,-193.173
Latin America & Caribbean,2087,48.88285,-6.367,-0.214,-185.362
Latin America & Caribbean,2088,48.9955,-6.4095,-0.227,-181.41
Latin America & Caribbean,2089,49.10365,-6.4565,-0.2055,-187.731
Latin America & Caribbean,2090,49.2082,-6.4835,-0.2,-187.73
Latin America & Caribbean,2091,49.31065,-6.5175,-0.208,-183.894
Latin America & Caribbean,2092,49.41005,-6.5455,-0.2135,-176.165
Latin America & Caribbean,2093,49.50365,-6.5695,-0.2065,-187.989
Latin America & Caribbean,2094,49.59275,-6.586,-0.2065,-179.064
Latin America & Caribbean,2095,49.678,-6.6095,-0.23,-180.112
Latin America & Caribbean,2096,49.75985,-6.6265,-0.1995,-180.865
Latin America & Caribbean,2097,49.83875,-6.6445,-0.1945,-174.243
Latin America & Caribbean,2098,49.91495,-6.662,-0.2695,-173.729
Latin America & Caribbean,2099,49.989,-6.676,-0.2665,-166.503
Latin America & Caribbean,2100,50.061,-6.693,-0.2705,-168.733
Middle East & North Africa,1950,18.2773,23.283,0,13.992
Middle East & North Africa,1951,18.3086,23.458,0,9.04400000000001
Middle East & North Africa,1952,18.2975,25.085,0,10.889
Middle East & North Africa,1953,18.2429,25.73,0,3.064
Middle East & North Africa,1954,18.1522,25.66,0,3.653
Middle East & North Africa,1955,18.0053,25.824,0,7.326
Middle East & North Africa,1956,17.8881,25.746,0,-22.943
Middle East & North Africa,1957,17.8402,25.761,0,-65.225
Middle East & North Africa,1958,17.8079,25.668,0,-111.074
Middle East & North Africa,1959,17.7462,25.502,0,-62.086
Middle East & North Africa,1960,17.6605,26.209,0,-69.987
Middle East & North Africa,1961,17.6864,27.105,0.84,-115.889
Middle East & North Africa,1962,17.6279,29.109,0.907,-73.709
Middle East & North Africa,1963,17.5765,29.358,0.863,-114.824
Middle East & North Africa,1964,17.2084,29.137,0.646,-113.65
Middle East & North Africa,1965,16.9478,29.633,-0.459,-139.165
Middle East & North Africa,1966,16.7557,30.285,-0.478,1.25600000000002
Middle East & North Africa,1967,16.6967,30.735,-1.556,18.729
Middle East & North Africa,1968,16.6118,30.954,-0.546,59.624
Middle East & North Africa,1969,16.4184,31.172,-0.599,58.996
Middle East & North Africa,1970,16.4316,31.262,-1.013,-0.335999999999991
Middle East & North Africa,1971,16.4942,31.118,-0.894,-23.471
Middle East & North Africa,1972,16.5673,30.97,-1.525,-41.316
Middle East & North Africa,1973,16.4185,30.837,-0.998,-25.865
Middle East & North Africa,1974,16.355,30.726,-1.065,-10.27
Middle East & North Africa,1975,16.1714,30.513,0,327.273
Middle East & North Africa,1976,16.0809,30.524,0,306.373
Middle East & North Africa,1977,16.0312,30.546,0.315,119.614
Middle East & North Africa,1978,16.1605,30.544,0.583,138.45
Middle East & North Africa,1979,16.3019,30.387,-0.73,141.872
Middle East & North Africa,1980,16.4443,30.546,1.159,286.856
Middle East & North Africa,1981,16.5836,30.376,2.031,235.876
Middle East & North Africa,1982,16.7242,30.064,1.104,131.398
Middle East & North Africa,1983,16.8717,29.635,1.558,241.84
Middle East & North Africa,1984,17.0338,29.157,3.233,452.658
Middle East & North Africa,1985,17.2151,28.264,2.216,185.585
Middle East & North Africa,1986,17.4164,27.213,2.435,373.299
Middle East & North Africa,1987,17.6358,26.755,1.093,267.619
Middle East & North Africa,1988,17.8528,26.43,0.493,207.945
Middle East & North Africa,1989,17.9116,25.391,0.928,293.303
Middle East & North Africa,1990,17.9983,24.843,0.213,-799.289
Middle East & North Africa,1991,18.1065,23.736,0.949,686.758
Middle East & North Africa,1992,18.3433,23.119,1.897,529.27
Middle East & North Africa,1993,18.851,22.401,2.464,780.98
Middle East & North Africa,1994,19.1013,21.822,0.015,174.819
Middle East & North Africa,1995,19.1376,21.43,0.665,201.302
Middle East & North Africa,1996,19.3094,21.292,0.681,268.421
Middle East & North Africa,1997,19.4882,21.483,0.32,285.219
Middle East & North Africa,1998,19.8018,21.322,-0.431,326.235
Middle East & North Africa,1999,20.2823,20.706,-0.186,324.71
Middle East & North Africa,2000,20.767,20.367,0.105,640.674
Middle East & North Africa,2001,21.2528,20.193,-0.249,516.349
Middle East & North Africa,2002,21.7436,19.852,-0.836,608.575
Middle East & North Africa,2003,22.2218,19.403,-1.016,447.559
Middle East & North Africa,2004,22.4073,18.677,1.081,637.628
Middle East & North Africa,2005,22.5838,18.285,0.711,771.729
Middle East & North Africa,2006,22.8626,18.609,1.672,995.408
Middle East & North Africa,2007,23.2436,18.557,1.387,1312.987
Middle East & North Africa,2008,23.6172,18.613,0.901,1056.587
Middle East & North Africa,2009,23.9817,18.55,1.009,694.374
Middle East & North Africa,2010,24.3357,18.918,0.668,598.745
Middle East & North Africa,2011,25.0212,19.078,0.943,909.31
Middle East & North Africa,2012,25.3603,17.794,1.248,879.503
Middle East & North Africa,2013,25.7092,17.57,4.085,926.218
Middle East & North Africa,2014,26.2479,17.18,0.522,502.998
Middle East & North Africa,2015,26.5834,16.549,-0.595,345.611
Middle East & North Africa,2016,26.8108,16.042,-0.704,-50.902
Middle East & North Africa,2017,27.126,15.911,-0.365,-1457.855
Middle East & North Africa,2018,27.4921,15.671,-0.639,-740.607
Middle East & North Africa,2019,27.8745,14.981,-0.676,-47.8009999999999
Middle East & North Africa,2020,27.8128,14.168,-0.97,-275.212
Middle East & North Africa,2021,27.9539,14.118,-0.097,422.019
Middle East & North Africa,2022,28.1059,13.764,0.615,2855.434
Middle East & North Africa,2023,28.3232,14.075,0.597,1798.106
Middle East & North Africa,2024,28.5545,14.158,0.467,1049.248
Middle East & North Africa,2025,28.7934,13.389,-0.023,407.619
Middle East & North Africa,2026,29.0432,12.644,0.346,503.052
Middle East & North Africa,2027,29.2902,12.072,1.353,336.524
Middle East & North Africa,2028,29.3376,11.922,1.171,183.81
Middle East & North Africa,2029,29.393,11.806,0.633,98.855
Middle East & North Africa,2030,29.4547,11.732,0.589,-53.326
Middle East & North Africa,2031,29.5992,11.696,0.593,-65.594
Middle East & North Africa,2032,29.755,11.703,0.152,-94.695
Middle East & North Africa,2033,29.8874,11.621,0.11,-114.666
Middle East & North Africa,2034,29.917,11.572,0.033,-141.991
Middle East & North Africa,2035,30.0145,11.515,0.123,-150.988
Middle East & North Africa,2036,30.1264,11.503,-0.036,-156.933
Middle East & North Africa,2037,30.2483,11.438,0.395,-146.611
Middle East & North Africa,2038,30.3788,11.417,0.158,-159.917
Middle East & North Africa,2039,30.5155,11.384,0.284,-125.233
Middle East & North Africa,2040,30.6551,11.344,0.034,-137.011
Middle East & North Africa,2041,30.7946,11.005,-0.115,-165.453
Middle East & North Africa,2042,30.9327,10.943,-0.116,-169.475
Middle East & North Africa,2043,31.0695,10.88,-0.188,-201.722
Middle East & North Africa,2044,31.2055,10.848,0.145,-178.011
Middle East & North Africa,2045,31.3405,10.737,0.066,-164.824
Middle East & North Africa,2046,31.493,10.559,-0.162,-211.293
Middle East & North Africa,2047,31.7368,10.403,0.032,-179.448
Middle East & North Africa,2048,31.9036,10.197,-0.081,-147.06
Middle East & North Africa,2049,32.0028,9.815,0.189,-123.158
Middle East & North Africa,2050,32.253,9.441,0.232,-132.816
Middle East & North Africa,2051,32.3452,9.092,-0.085,-162.504
Middle East & North Africa,2052,32.5277,8.735,-0.075,-182.231
Middle East & North Africa,2053,32.6208,8.447,-0.022,-127.001
Middle East & North Africa,2054,32.6345,8.146,-0.09,-135.761
Middle East & North Africa,2055,32.7168,7.962,-0.131,-176.381
Middle East & North Africa,2056,32.9282,7.88,-0.054,-165.257
Middle East & North Africa,2057,33.168,7.772,0.086,-186.137
Middle East & North Africa,2058,33.4439,7.63,-0.112,-184.006
Middle East & North Africa,2059,33.6554,7.561,0.135,-151.722
Middle East & North Africa,2060,33.7959,7.581,0.203,-139.366
Middle East & North Africa,2061,33.9341,7.609,-0.145,-203.1
Middle East & North Africa,2062,34.0755,7.639,-0.076,-188.622
Middle East & North Africa,2063,34.2132,7.661,-0.064,-162.145
Middle East & North Africa,2064,34.3525,7.666,-0.06,-163.943
Middle East & North Africa,2065,34.4942,7.698,0.128,-164.315
Middle East & North Africa,2066,34.6362,7.709,0.101,-155.385
Middle East & North Africa,2067,34.7813,7.702,-0.125,-236.263
Middle East & North Africa,2068,34.9283,7.614,-0.115,-204.56
Middle East & North Africa,2069,35.0757,7.54,-0.124,-227.97
Middle East & North Africa,2070,35.2414,7.482,-0.072,-220.239
Middle East & North Africa,2071,35.4666,7.404,-0.115,-179.213
Middle East & North Africa,2072,35.6957,7.3,-0.081,-170.372
Middle East & North Africa,2073,35.7843,7.19,0.396,-177.68
Middle East & North Africa,2074,35.8838,6.974,0.079,-207.566
Middle East & North Africa,2075,36.0351,6.812,-0.057,-221.257
Middle East & North Africa,2076,36.2276,6.699,-0.037,-204.351
Middle East & North Africa,2077,36.3995,6.425,0.1,-240.75
Middle East & North Africa,2078,36.57,6.143,-0.062,-198.513
Middle East & North Africa,2079,36.7464,5.885,0.007,-127.89
Middle East & North Africa,2080,36.9242,5.599,0.35,-115.607
Middle East & North Africa,2081,37.1064,5.36,0.339,-107.373
Middle East & North Africa,2082,37.2974,5.141,0.328,-133.956
Middle East & North Africa,2083,37.49,4.943,-0.101,-180.164
Middle East & North Africa,2084,37.6789,4.765,0.311,-156.001
Middle East & North Africa,2085,37.8685,4.581,0.296,-103.856
Middle East & North Africa,2086,38.0618,4.401,0.285,-153.048
Middle East & North Africa,2087,38.2587,4.23,-0.088,-181.349
Middle East & North Africa,2088,38.4602,4.047,-0.029,-154.326
Middle East & North Africa,2089,38.6654,3.856,0.171,-144.922
Middle East & North Africa,2090,38.8662,3.677,-0.151,-206.012
Middle East & North Africa,2091,39.0576,3.508,0.244,-126.169
Middle East & North Africa,2092,39.2445,3.34,0.111,-140.994
Middle East & North Africa,2093,39.4263,3.179,0.102,-132.265
Middle East & North Africa,2094,39.607,3.018,-0.178,-212.434
Middle East & North Africa,2095,39.7879,2.857,0.218,-141.862
Middle East & North Africa,2096,39.9636,2.681,-0.129,-184.174
Middle East & North Africa,2097,40.1373,2.525,-0.144,-195.042
Middle East & North Africa,2098,40.3097,2.377,-0.058,-180.343
Middle East & North Africa,2099,40.4715,2.234,-0.097,-183.707
Middle East & North Africa,2100,40.6257,2.109,-0.094,-195.087
East Asia & Pacific,1950,18.8549,20.5185,0.867,333.167
East Asia & Pacific,1951,18.6631,19.533,0.518,370.099
East Asia & Pacific,1952,18.51425,22.7925,0.144,374.22
East Asia & Pacific,1953,18.5462,22.469,0,361.064
East Asia & Pacific,1954,18.59595,23.202,0,416.143
East Asia & Pacific,1955,18.63455,23.6375,0,458.346
East Asia & Pacific,1956,18.66405,23.949,0.5965,482.106
East Asia & Pacific,1957,18.68515,26.646,0.586,457.057
East Asia & Pacific,1958,18.6924,27.017,0.306,359.126
East Asia & Pacific,1959,18.84335,24.5675,0.233,361.698
East Asia & Pacific,1960,19.0173,25.158,0.3305,62.707
East Asia & Pacific,1961,19.17695,23.4685,0,-336.37
East Asia & Pacific,1962,18.60205,25.8255,0,-410.901
East Asia & Pacific,1963,18.31535,25.5065,0,-387.856
East Asia & Pacific,1964,18.0209,24.428,0.2855,-163.99
East Asia & Pacific,1965,18.1696,23.86,0,-239.045
East Asia & Pacific,1966,18.0228,23.645,0.003,-219.29
East Asia & Pacific,1967,17.64235,23.38,0,-184.435
East Asia & Pacific,1968,17.63405,23.4925,0.0185,209.488
East Asia & Pacific,1969,17.64345,23.61,0,227.871
East Asia & Pacific,1970,17.7774,22.9665,0.355,40.859
East Asia & Pacific,1971,17.80245,23.201,0.248,-66.2309999999999
East Asia & Pacific,1972,17.8726,22.0885,0.189,-296.804
East Asia & Pacific,1973,17.974,21.411,-0.1125,-351.263
East Asia & Pacific,1974,18.12735,20.0855,0.238,-381.429
East Asia & Pacific,1975,18.2499,19.035,-0.0215,-302.751
East Asia & Pacific,1976,18.3181,18.242,-0.0475,-247.777
East Asia & Pacific,1977,18.403,17.543,-0.008,-104.054
East Asia & Pacific,1978,18.5703,16.546,-0.0705,-212.535
East Asia & Pacific,1979,18.756,17.1085,-0.889,-410.429
East Asia & Pacific,1980,18.9729,19.401,-0.3825,-240.232
East Asia & Pacific,1981,19.1973,19.0495,-0.014,97.304
East Asia & Pacific,1982,19.42865,18.7785,0.15,199.698
East Asia & Pacific,1983,19.68145,18.435,1.539,419.22
East Asia & Pacific,1984,19.9663,17.9795,-0.025,269.619
East Asia & Pacific,1985,20.2735,17.4665,0.083,126.291
East Asia & Pacific,1986,20.57465,17.643,-0.037,130.449
East Asia & Pacific,1987,20.885,17.638,0.077,292.364
East Asia & Pacific,1988,21.22285,16.543,-0.01,96.144
East Asia & Pacific,1989,21.56455,16.6725,-0.138,-10.431
East Asia & Pacific,1990,21.94275,16.7015,0.0315,461.078
East Asia & Pacific,1991,22.38205,15.372,0.0085,-885.416
East Asia & Pacific,1992,22.8267,15.195,-0.007,61.591
East Asia & Pacific,1993,23.2729,14.9015,-0.009,-506.324
East Asia & Pacific,1994,23.70355,14.6115,-0.018,-480.905
East Asia & Pacific,1995,24.11465,13.0565,-0.072,2.74900000000002
East Asia & Pacific,1996,24.5374,12.6965,-0.081,386.409
East Asia & Pacific,1997,24.96885,12.235,0.3425,396.868
East Asia & Pacific,1998,25.40375,11.385,-0.043,478.914
East Asia & Pacific,1999,25.8437,10.7055,-0.172,-14.575
East Asia & Pacific,2000,26.28345,10.582,-0.3115,-108.828
East Asia & Pacific,2001,26.6925,10.4385,-0.2155,-443.22
East Asia & Pacific,2002,27.06295,10.138,-0.4875,-1137.077
East Asia & Pacific,2003,27.43465,9.5725,-0.5735,-1037.056
East Asia & Pacific,2004,27.8076,9.2285,-0.465,-1151.737
East Asia & Pacific,2005,28.1804,9.2705,-0.274,-476.587
East Asia & Pacific,2006,28.5528,9.138,-0.222,-547.121
East Asia & Pacific,2007,28.97875,9.5575,-0.2245,-356.931
East Asia & Pacific,2008,29.39925,7.904,-0.231,-280.691
East Asia & Pacific,2009,29.66875,9.0195,-0.1275,-31.417
East Asia & Pacific,2010,29.9394,9.049,0.045,77.761
East Asia & Pacific,2011,30.20605,8.4925,-0.1405,-103.187
East Asia & Pacific,2012,30.45925,8.5975,0.0415,696.962
East Asia & Pacific,2013,30.72515,8.2405,0.2365,251.012
East Asia & Pacific,2014,30.99895,8.1965,0.3675,82.992
East Asia & Pacific,2015,31.2652,7.924,0.204,-402.91
East Asia & Pacific,2016,31.52315,7.928,1.4895,308.979
East Asia & Pacific,2017,31.79675,7.65,0.436,285.956
East Asia & Pacific,2018,32.0869,7.637,0.0215,155.227
East Asia & Pacific,2019,32.386,7.196,-0.0385,-249.87
East Asia & Pacific,2020,32.75385,6.4655,-0.0625,-55.864
East Asia & Pacific,2021,33.14205,5.6485,-0.295,-331.883
East Asia & Pacific,2022,33.40805,5.3065,-0.105,-38.988
East Asia & Pacific,2023,33.7655,5.9035,-0.1045,-456.4
East Asia & Pacific,2024,34.288,5.728,-0.1145,-229.023
East Asia & Pacific,2025,34.81225,5.4175,-0.041,-140.482
East Asia & Pacific,2026,35.33665,5.1305,-0.121,-156.037
East Asia & Pacific,2027,35.72165,4.864,0.011,-92.695
East Asia & Pacific,2028,36.08945,4.6225,-0.1315,-132.677
East Asia & Pacific,2029,36.4581,4.396,-0.135,-122.594
East Asia & Pacific,2030,36.82245,4.1915,-0.128,-75.625
East Asia & Pacific,2031,37.17955,3.994,-0.1415,-104.936
East Asia & Pacific,2032,37.52705,3.821,-0.0975,-101.972
East Asia & Pacific,2033,37.86105,3.643,-0.0705,-119.924
East Asia & Pacific,2034,38.1777,3.4065,-0.0735,-85.992
East Asia & Pacific,2035,38.4709,3.206,-0.143,-115.391
East Asia & Pacific,2036,38.73715,3.0055,-0.1425,-113.93
East Asia & Pacific,2037,38.9794,2.8365,-0.047,-88.188
East Asia & Pacific,2038,39.2101,2.6695,-0.1285,-77.027
East Asia & Pacific,2039,39.44735,2.514,-0.062,-92.302
East Asia & Pacific,2040,39.6742,2.359,-0.1385,-109.974
East Asia & Pacific,2041,39.8803,2.206,-0.1365,-112.819
East Asia & Pacific,2042,40.0582,2.0525,-0.1305,-88.032
East Asia & Pacific,2043,40.1678,1.903,-0.0705,-57.878
East Asia & Pacific,2044,40.27325,1.7635,-0.0085,-46.572
East Asia & Pacific,2045,40.3663,1.61,-0.1345,-63.805
East Asia & Pacific,2046,40.4646,1.408,-0.1375,-88.346
East Asia & Pacific,2047,40.588,1.131,-0.1315,-100.72
East Asia & Pacific,2048,40.73585,0.8575,-0.1265,-67.541
East Asia & Pacific,2049,40.90585,0.5885,-0.1365,-109.961
East Asia & Pacific,2050,41.09465,0.341,-0.1225,-51.023
East Asia & Pacific,2051,41.2807,0.0945,-0.135,-92.927
East Asia & Pacific,2052,41.4683,-0.1455,-0.139,-128.166
East Asia & Pacific,2053,41.6743,-0.38,-0.0935,-64.195
East Asia & Pacific,2054,41.8975,-0.5215,-0.029,-48.785
East Asia & Pacific,2055,42.1436,-0.656,-0.122,-66.03
East Asia & Pacific,2056,42.3934,-0.798,-0.141,-84.737
East Asia & Pacific,2057,42.6266,-0.914,-0.1255,-53.742
East Asia & Pacific,2058,42.84395,-1.0315,-0.1285,-70.38
East Asia & Pacific,2059,43.12115,-1.1495,-0.1265,-72.796
East Asia & Pacific,2060,43.43685,-1.254,-0.1055,-83.529
East Asia & Pacific,2061,43.71865,-1.3475,-0.1275,-51.17
East Asia & Pacific,2062,43.942,-1.427,-0.0395,-61.762
East Asia & Pacific,2063,44.16165,-1.513,0.001,-32.184
East Asia & Pacific,2064,44.3674,-1.5725,-0.005,-70.929
East Asia & Pacific,2065,44.5592,-1.6345,-0.124,-57.531
East Asia & Pacific,2066,44.7374,-1.698,0.048,-39.073
East Asia & Pacific,2067,44.90135,-1.7685,-0.1305,-51.019
East Asia & Pacific,2068,45.0559,-1.829,-0.0105,-21.463
East Asia & Pacific,2069,45.2098,-1.8945,-0.057,-18.237
East Asia & Pacific,2070,45.3519,-2.004,-0.089,-22.566
East Asia & Pacific,2071,45.45155,-2.1465,-0.042,-9.74
East Asia & Pacific,2072,45.53965,-2.2995,-0.129,-36.853
East Asia & Pacific,2073,45.62045,-2.4635,-0.128,-42.614
East Asia & Pacific,2074,45.69435,-2.6155,-0.0665,-14.787
East Asia & Pacific,2075,45.76265,-2.7595,-0.1215,-23.515
East Asia & Pacific,2076,45.82845,-2.919,-0.0025,18.727
East Asia & Pacific,2077,45.89695,-3.0695,-0.1105,-11.859
East Asia & Pacific,2078,45.97075,-3.216,0.0015,10.45
East Asia & Pacific,2079,46.04895,-3.3665,-0.0085,-17.432
East Asia & Pacific,2080,46.12495,-3.517,-0.0265,-22.266
East Asia & Pacific,2081,46.1802,-3.653,-0.061,11.137
East Asia & Pacific,2082,46.23345,-3.7955,-0.089,20.768
East Asia & Pacific,2083,46.2918,-3.936,-0.0325,30.651
East Asia & Pacific,2084,46.35235,-3.9915,-0.1225,-9.94999999999999
East Asia & Pacific,2085,46.41275,-4.044,-0.12,2.15799999999999
East Asia & Pacific,2086,46.4762,-4.101,-0.1235,13.758
East Asia & Pacific,2087,46.5439,-4.147,-0.127,11.338
East Asia & Pacific,2088,46.61245,-4.179,-0.0405,44.515
East Asia & Pacific,2089,46.6851,-4.201,-0.1265,8.50100000000001
East Asia & Pacific,2090,46.76125,-4.242,-0.093,29.435
East Asia & Pacific,2091,46.8372,-4.2755,-0.0955,32.167
East Asia & Pacific,2092,46.9125,-4.31,-0.0705,29.188
East Asia & Pacific,2093,46.98905,-4.3305,-0.077,17.796
East Asia & Pacific,2094,47.06495,-4.3575,-0.1155,4.21799999999998
East Asia & Pacific,2095,47.1364,-4.416,-0.058,20.517
East Asia & Pacific,2096,47.2056,-4.463,-0.084,-0.759000000000004
East Asia & Pacific,2097,47.27065,-4.5145,-0.1185,20.268
East Asia & Pacific,2098,47.33075,-4.5925,-0.045,13.415
East Asia & Pacific,2099,47.38565,-4.661,-0.1225,7.99799999999999
East Asia & Pacific,2100,47.4368,-4.7385,-0.1165,7.60599999999997
Sub-Saharan Africa,1950,18.1844,19.341,0,-54.363
Sub-Saharan Africa,1951,18.0642,20.1815,0,-77.291
Sub-Saharan Africa,1952,17.95275,20.998,0,-121.831
Sub-Saharan Africa,1953,17.9519,21.587,-0.709,-213.496
Sub-Saharan Africa,1954,17.9612,22.1325,-0.5685,-196.813
Sub-Saharan Africa,1955,17.99275,22.6125,-0.5995,-201.32
Sub-Saharan Africa,1956,18.0435,23.0135,-0.6055,-202.592
Sub-Saharan Africa,1957,17.9467,23.4385,-0.5135,-213.448
Sub-Saharan Africa,1958,18.00325,23.875,-1.269,-331.522
Sub-Saharan Africa,1959,17.92925,24.3025,-0.272,-166.611
Sub-Saharan Africa,1960,17.77105,24.7035,-0.6065,-105.935
Sub-Saharan Africa,1961,17.58515,25.018,-0.122,-79.07
Sub-Saharan Africa,1962,17.50075,25.361,-0.459,-91.9929999999999
Sub-Saharan Africa,1963,17.43955,25.5085,-0.373,-79.165
Sub-Saharan Africa,1964,17.4244,25.3575,-0.2025,-22.336
Sub-Saharan Africa,1965,17.4271,25.426,-0.2545,-7.92
Sub-Saharan Africa,1966,17.3586,25.9185,-0.0885,-13.585
Sub-Saharan Africa,1967,17.11985,25.9205,0,39.642
Sub-Saharan Africa,1968,16.86835,25.985,-0.0165,37.399
Sub-Saharan Africa,1969,16.9249,26.188,-0.2095,-31.8649999999999
Sub-Saharan Africa,1970,16.9371,26.3515,-0.4305,-8.81700000000001
Sub-Saharan Africa,1971,16.81535,26.655,-0.565,-177.256
Sub-Saharan Africa,1972,16.72435,26.776,-0.496,-177.167
Sub-Saharan Africa,1973,16.62345,26.795,-0.337,155.951
Sub-Saharan Africa,1974,16.54305,26.6405,-0.167,52.961
Sub-Saharan Africa,1975,16.46765,27.0715,-0.854,33.371
Sub-Saharan Africa,1976,16.34075,28.0675,-1.3505,-198.027
Sub-Saharan Africa,1977,16.24775,28.5115,-1.6885,-496.497
Sub-Saharan Africa,1978,16.13125,28.8835,-1.865,154.696
Sub-Saharan Africa,1979,16.0789,29.212,-2.3645,-508.918
Sub-Saharan Africa,1980,16.1264,29.1265,-2.0155,-226.426
Sub-Saharan Africa,1981,16.165,29.327,-1.878,835.101
Sub-Saharan Africa,1982,16.0397,29.4905,-0.8505,591.274
Sub-Saharan Africa,1983,16.0352,29.4995,-1.456,-158.213
Sub-Saharan Africa,1984,15.98625,29.5305,-0.9205,100.138
Sub-Saharan Africa,1985,15.92375,29.358,-0.3995,108.973
Sub-Saharan Africa,1986,15.86705,29.622,-0.2715,-15.8459999999999
Sub-Saharan Africa,1987,15.84615,29.956,-0.2285,119.72
Sub-Saharan Africa,1988,15.8573,29.403,-0.275,220.764
Sub-Saharan Africa,1989,15.88355,29.3365,-0.2755,249.943
Sub-Saharan Africa,1990,15.9263,29.025,-0.3305,-183.665
Sub-Saharan Africa,1991,15.97165,29.4405,-0.094,301.72
Sub-Saharan Africa,1992,16.0125,28.5775,-0.101,-16.5080000000002
Sub-Saharan Africa,1993,16.0103,28.4345,-0.2025,-337.894
Sub-Saharan Africa,1994,16.06415,27.6545,-1.086,-215.486
Sub-Saharan Africa,1995,16.058,27.2725,-2.329,-382.992
Sub-Saharan Africa,1996,16.08045,27.004,-2.1745,-709.34
Sub-Saharan Africa,1997,16.10675,26.825,-1.7335,-671.531
Sub-Saharan Africa,1998,16.14685,27.0825,-0.7795,-158.038
Sub-Saharan Africa,1999,16.16955,27.386,-1.2055,-677.676
Sub-Saharan Africa,2000,16.2525,27.072,-0.74,-750.901
Sub-Saharan Africa,2001,16.2155,27.707,-0.907,-730.692
Sub-Saharan Africa,2002,16.26135,27.95,-1.0705,-597.329
Sub-Saharan Africa,2003,16.3511,28.032,-1.539,-772.905
Sub-Saharan Africa,2004,16.4117,28.8595,-0.772,-590.149
Sub-Saharan Africa,2005,16.4896,28.921,-1.0225,-790.74
Sub-Saharan Africa,2006,16.5509,28.9755,-1.5895,-814.474
Sub-Saharan Africa,2007,16.62825,29.0385,-1.347,-887.912
Sub-Saharan Africa,2008,16.72125,29.2685,-0.9375,-768.827
Sub-Saharan Africa,2009,16.78125,28.976,-0.645,-737.279
Sub-Saharan Africa,2010,16.8583,28.881,-0.5675,-922.29
Sub-Saharan Africa,2011,17.0594,27.901,-1.071,-774.396
Sub-Saharan Africa,2012,17.0808,27.716,-1.0155,-718.544
Sub-Saharan Africa,2013,17.18715,27.301,-0.8115,-514.62
Sub-Saharan Africa,2014,17.35705,26.729,-0.628,-51.438
Sub-Saharan Africa,2015,17.5032,26.308,-0.6945,136.858
Sub-Saharan Africa,2016,17.6183,26.2455,-0.1775,-160.329
Sub-Saharan Africa,2017,17.704,26.22,-0.2825,941.979
Sub-Saharan Africa,2018,17.75095,25.4185,-0.503,-24.843
Sub-Saharan Africa,2019,17.8715,24.5355,-0.704,-255.591
Sub-Saharan Africa,2020,17.9787,24.2405,-0.2845,176.409
Sub-Saharan Africa,2021,18.07435,23.8515,-0.3325,173.225
Sub-Saharan Africa,2022,18.1909,23.6015,-0.293,-235.927
Sub-Saharan Africa,2023,18.3327,23.7605,-0.2865,-1151.234
Sub-Saharan Africa,2024,18.4913,23.5145,-0.6675,-708.22
Sub-Saharan Africa,2025,18.67645,23.006,-0.5705,-230.389
Sub-Saharan Africa,2026,18.9104,22.6025,-0.648,-298.843
Sub-Saharan Africa,2027,19.16435,22.3025,-0.634,-492.185
Sub-Saharan Africa,2028,19.422,22.0195,-0.762,-553.649
Sub-Saharan Africa,2029,19.6599,21.838,-0.835,-540.905
Sub-Saharan Africa,2030,19.8952,21.657,-0.9625,-577.421
Sub-Saharan Africa,2031,20.14045,21.452,-0.8525,-506.788
Sub-Saharan Africa,2032,20.35845,21.162,-0.766,-539.307
Sub-Saharan Africa,2033,20.57165,20.8755,-0.7455,-533.8
Sub-Saharan Africa,2034,20.7524,20.588,-0.814,-514.201
Sub-Saharan Africa,2035,20.95705,20.26,-0.8035,-475.273
Sub-Saharan Africa,2036,21.18,19.944,-0.7505,-522.978
Sub-Saharan Africa,2037,21.39965,19.615,-0.774,-533.783
Sub-Saharan Africa,2038,21.61505,19.28,-0.763,-561.311
Sub-Saharan Africa,2039,21.87935,18.944,-0.648,-550.249
Sub-Saharan Africa,2040,22.1064,18.5965,-0.7985,-596.809
Sub-Saharan Africa,2041,22.33845,18.245,-0.781,-582.448
Sub-Saharan Africa,2042,22.57705,17.887,-0.7485,-593.234
Sub-Saharan Africa,2043,22.8224,17.5425,-0.685,-574.007
Sub-Saharan Africa,2044,23.07415,17.2145,-0.702,-636.02
Sub-Saharan Africa,2045,23.32795,16.9095,-0.6855,-684.961
Sub-Saharan Africa,2046,23.58275,16.607,-0.564,-706.243
Sub-Saharan Africa,2047,23.8391,16.2865,-0.6225,-646.754
Sub-Saharan Africa,2048,24.05565,15.9715,-0.5705,-688.064
Sub-Saharan Africa,2049,24.2682,15.686,-0.7035,-687.957
Sub-Saharan Africa,2050,24.48695,15.404,-0.6785,-744.932
Sub-Saharan Africa,2051,24.7058,15.152,-0.6515,-628.245
Sub-Saharan Africa,2052,24.95305,14.9005,-0.8105,-733.354
Sub-Saharan Africa,2053,25.2228,14.647,-0.6895,-783.356
Sub-Saharan Africa,2054,25.52345,14.377,-0.75,-763.363
Sub-Saharan Africa,2055,25.82415,14.1325,-0.534,-712.971
Sub-Saharan Africa,2056,26.12115,13.875,-0.6435,-711.187
Sub-Saharan Africa,2057,26.3986,13.608,-0.626,-792.625
Sub-Saharan Africa,2058,26.6502,13.3665,-0.4975,-775.164
Sub-Saharan Africa,2059,26.9001,13.1145,-0.53,-709.448
Sub-Saharan Africa,2060,27.1487,12.863,-0.671,-781.087
Sub-Saharan Africa,2061,27.39675,12.6035,-0.497,-638.902
Sub-Saharan Africa,2062,27.6065,12.3205,-0.5155,-798.725
Sub-Saharan Africa,2063,27.817,12.0285,-0.6325,-823.093
Sub-Saharan Africa,2064,28.02885,11.706,-0.653,-803.586
Sub-Saharan Africa,2065,28.2527,11.3915,-0.4655,-809.701
Sub-Saharan Africa,2066,28.49635,11.098,-0.712,-822.08
Sub-Saharan Africa,2067,28.7373,10.865,-0.5145,-775.589
Sub-Saharan Africa,2068,28.9771,10.6635,-0.6805,-892.058
Sub-Saharan Africa,2069,29.21615,10.449,-0.657,-844.711
Sub-Saharan Africa,2070,29.45145,10.25,-0.59,-844.206
Sub-Saharan Africa,2071,29.68285,10.014,-0.709,-834.668
Sub-Saharan Africa,2072,29.9119,9.7475,-0.5245,-825.225
Sub-Saharan Africa,2073,30.13845,9.4775,-0.5975,-891.003
Sub-Saharan Africa,2074,30.3577,9.2605,-0.621,-818.484
Sub-Saharan Africa,2075,30.5749,9.0215,-0.4645,-771.341
Sub-Saharan Africa,2076,30.79095,8.794,-0.54,-859.551
Sub-Saharan Africa,2077,31.00545,8.5775,-0.4955,-767.797
Sub-Saharan Africa,2078,31.2192,8.3535,-0.577,-767.095
Sub-Saharan Africa,2079,31.4282,8.1185,-0.54,-912.738
Sub-Saharan Africa,2080,31.63265,7.9005,-0.4825,-849.34
Sub-Saharan Africa,2081,31.8355,7.6855,-0.563,-838.64
Sub-Saharan Africa,2082,32.04375,7.492,-0.633,-858.688
Sub-Saharan Africa,2083,32.25175,7.276,-0.522,-825.391
Sub-Saharan Africa,2084,32.4534,7.0615,-0.6595,-931.314
Sub-Saharan Africa,2085,32.64725,6.8675,-0.5965,-811.96
Sub-Saharan Africa,2086,32.8328,6.6565,-0.434,-718.003
Sub-Saharan Africa,2087,33.02465,6.4365,-0.518,-821.835
Sub-Saharan Africa,2088,33.22105,6.2185,-0.537,-935.331
Sub-Saharan Africa,2089,33.40655,5.9965,-0.4525,-763.438
Sub-Saharan Africa,2090,33.5837,5.7895,-0.5935,-826.931
Sub-Saharan Africa,2091,33.7656,5.598,-0.672,-950.615
Sub-Saharan Africa,2092,33.9489,5.389,-0.4865,-935.244
Sub-Saharan Africa,2093,34.1464,5.1795,-0.4715,-922.047
Sub-Saharan Africa,2094,34.34645,4.9905,-0.4865,-905.65
Sub-Saharan Africa,2095,34.54185,4.8215,-0.5665,-929.806
Sub-Saharan Africa,2096,34.73895,4.6425,-0.5565,-821.618
Sub-Saharan Africa,2097,34.95815,4.468,-0.506,-842.853
Sub-Saharan Africa,2098,35.17455,4.3045,-0.6035,-840.815
Sub-Saharan Africa,2099,35.39175,4.1115,-0.433,-892.866
Sub-Saharan Africa,2100,35.6076,3.936,-0.429,-753.583
South & Central Asia,1950,20.3322,20.245,1.196,180.88
South & Central Asia,1951,20.2244,20.3485,0.6425,347.509
South & Central Asia,1952,20.11635,20.654,0.512,350.312
South & Central Asia,1953,19.99625,21.7165,0.4595,27.643
South & Central Asia,1954,19.864,22.7535,0.532,236.797
South & Central Asia,1955,19.7141,23.3695,0.7075,174.996
South & Central Asia,1956,19.5411,23.7895,0.781,260.177
South & Central Asia,1957,19.34805,24.3885,0.616,-352.826
South & Central Asia,1958,19.1334,25.252,0.7715,259.627
South & Central Asia,1959,18.97085,25.852,1.024,249.129
South & Central Asia,1960,18.86195,26.1295,0.601,310.083
South & Central Asia,1961,18.7903,26.1205,0.736,471.068
South & Central Asia,1962,18.7322,25.7095,0.755,141.962
South & Central Asia,1963,18.6476,25.828,0.717,258.849
South & Central Asia,1964,18.4337,25.7505,0.7205,123.947
South & Central Asia,1965,17.7569,25.718,0.9305,66.823
South & Central Asia,1966,17.60215,25.7735,0.5225,-329.804
South & Central Asia,1967,17.4883,25.795,0.6695,182.723
South & Central Asia,1968,17.3306,25.2515,0.4915,-778.647
South & Central Asia,1969,17.1716,24.7805,0.4185,-790
South & Central Asia,1970,17.0347,24.799,0.5275,312.98
South & Central Asia,1971,16.91135,23.916,0.7255,-680.487
South & Central Asia,1972,16.8121,25.0815,-0.1535,-266.383
South & Central Asia,1973,16.80405,25.435,-0.165,-399.696
South & Central Asia,1974,16.87545,25.7675,0.0295,152.799
South & Central Asia,1975,16.992,25.704,0.0975,136.003
South & Central Asia,1976,17.1063,25.577,0.252,-42.174
South & Central Asia,1977,17.22205,25.4615,0.5335,357.263
South & Central Asia,1978,17.34985,25.2715,-0.0535,-509.535
South & Central Asia,1979,17.54225,25.627,-0.342,164.215
South & Central Asia,1980,17.73405,25.9875,-0.886,-417.552
South & Central Asia,1981,17.925,26.2915,-0.9465,-314.7
South & Central Asia,1982,18.106,25.0755,-0.957,-405.424
South & Central Asia,1983,18.2656,25.519,-0.9025,-358.337
South & Central Asia,1984,18.32865,25.9,-1.361,-630.977
South & Central Asia,1985,18.34045,25.946,-0.665,-595.54
South & Central Asia,1986,18.32165,26.6565,-0.18,-687.91
South & Central Asia,1987,18.27675,26.6865,-0.1575,-750.116
South & Central Asia,1988,18.2312,26.1005,-0.106,-704.032
South & Central Asia,1989,18.21025,25.634,-0.8355,-606.928
South & Central Asia,1990,18.217,25.687,-2.4415,-658.399
South & Central Asia,1991,18.2439,25.2485,-0.1985,-550.454
South & Central Asia,1992,18.28765,23.4115,-2.778,-465.653
South & Central Asia,1993,18.33915,21.8665,-1.399,-1456.077
South & Central Asia,1994,18.41925,21.132,-1.9895,-1522.047
South & Central Asia,1995,18.59215,20.398,-2.143,-938.752
South & Central Asia,1996,18.79275,20.008,-1.7465,-961.242
South & Central Asia,1997,19.01325,19.0495,-1.2205,-857.149
South & Central Asia,1998,19.24585,18.3735,-0.75,-799.206
South & Central Asia,1999,19.57915,17.962,-1.261,-569.736
South & Central Asia,2000,20.0096,17.8325,-0.3505,-1242.941
South & Central Asia,2001,20.36455,17.5625,-0.4075,-988.731
South & Central Asia,2002,20.6557,17.0515,-2.51,-2353.278
South & Central Asia,2003,20.9618,16.7175,-1.513,-1150.523
South & Central Asia,2004,21.28225,16.622,-2.593,-1161.112
South & Central Asia,2005,21.61485,16.5525,-1.265,-1578.451
South & Central Asia,2006,21.95605,16.48,-1.059,-1391.526
South & Central Asia,2007,22.21315,16.781,-1.306,-2964.685
South & Central Asia,2008,22.4491,16.8995,-0.859,-2625.66
South & Central Asia,2009,22.70695,16.768,-0.598,-1957.938
South & Central Asia,2010,22.9736,16.038,-0.9525,-2202.849
South & Central Asia,2011,23.23345,15.718,-0.774,-2160.801
South & Central Asia,2012,23.4783,15.728,-0.7125,-3119.044
South & Central Asia,2013,23.7079,15.815,-0.637,-3400.809
South & Central Asia,2014,23.91955,15.608,-0.681,-3354.53
South & Central Asia,2015,24.1124,15.265,-0.7025,-4329.922
South & Central Asia,2016,24.28615,15.093,-0.207,-3553.26
South & Central Asia,2017,24.4511,14.642,-0.3025,-3247.215
South & Central Asia,2018,24.614,14.6795,-0.3925,-3300.019
South & Central Asia,2019,24.8004,14.636,-0.074,-2969.969
South & Central Asia,2020,25.01055,14.074,-0.1635,-1479.068
South & Central Asia,2021,25.2252,13.8615,-0.258,-1975.523
South & Central Asia,2022,25.4608,14.6865,-0.5465,-3823.597
South & Central Asia,2023,25.7784,14.386,-0.459,-3376.489
South & Central Asia,2024,26.10625,14.1635,-0.3965,-2798.892
South & Central Asia,2025,26.445,13.661,-0.457,-2503.994
South & Central Asia,2026,26.66625,13.0835,-0.453,-2289.641
South & Central Asia,2027,26.81705,12.5645,-0.3805,-2008.983
South & Central Asia,2028,26.9548,12.107,-0.232,-1769.642
South & Central Asia,2029,27.08555,11.7135,-0.269,-1658.119
South & Central Asia,2030,27.3994,11.381,-0.3305,-1562.586
South & Central Asia,2031,27.76965,11.087,-0.362,-1526.591
South & Central Asia,2032,28.1498,10.8235,-0.373,-1516.839
South & Central Asia,2033,28.5389,10.568,-0.4365,-1482.861
South & Central Asia,2034,28.86675,10.3245,-0.7665,-1591.272
South & Central Asia,2035,29.05805,10.0975,-0.6,-1590.187
South & Central Asia,2036,29.2272,9.881,-0.6695,-1519.749
South & Central Asia,2037,29.29965,9.765,-0.767,-1566.18
South & Central Asia,2038,29.4095,9.668,-0.648,-1546.738
South & Central Asia,2039,29.5533,9.4775,-0.5255,-1487.743
South & Central Asia,2040,29.72315,9.2705,-0.4265,-1501.003
South & Central Asia,2041,29.9111,9.058,-0.572,-1472.108
South & Central Asia,2042,30.11195,8.824,-0.759,-1540.137
South & Central Asia,2043,30.32145,8.5675,-0.6495,-1484.444
South & Central Asia,2044,30.53805,8.295,-0.723,-1483.158
South & Central Asia,2045,30.7618,7.9995,-0.696,-1423.634
South & Central Asia,2046,30.9921,7.7095,-0.484,-1367.926
South & Central Asia,2047,31.22855,7.3865,-0.611,-1454.535
South & Central Asia,2048,31.4712,7.0485,-0.574,-1457.304
South & Central Asia,2049,31.72045,6.6945,-0.543,-1358.273
South & Central Asia,2050,31.97585,6.4235,-0.636,-1448.807
South & Central Asia,2051,32.2381,6.205,-0.583,-1515.207
South & Central Asia,2052,32.50665,5.986,-0.5,-1379.741
South & Central Asia,2053,32.78425,5.783,-0.377,-1360.617
South & Central Asia,2054,33.07525,5.595,-0.415,-1387.34
South & Central Asia,2055,33.35935,5.4,-0.329,-1331.548
South & Central Asia,2056,33.62215,5.1865,-0.3365,-1312.445
South & Central Asia,2057,33.8707,4.986,-0.4825,-1311.741
South & Central Asia,2058,34.11365,4.7905,-0.5745,-1352.108
South & Central Asia,2059,34.34655,4.619,-0.667,-1466.463
South & Central Asia,2060,34.56915,4.422,-0.713,-1391.142
South & Central Asia,2061,34.78115,4.2105,-0.6235,-1469.152
South & Central Asia,2062,34.9821,4.0145,-0.4545,-1318.191
South & Central Asia,2063,35.1712,3.817,-0.432,-1362.496
South & Central Asia,2064,35.34795,3.603,-0.4525,-1311.748
South & Central Asia,2065,35.53525,3.393,-0.4105,-1312.019
South & Central Asia,2066,35.7199,3.195,-0.6505,-1355.907
South & Central Asia,2067,35.8944,2.9935,-0.6675,-1367.719
South & Central Asia,2068,36.06125,2.803,-0.4345,-1256.336
South & Central Asia,2069,36.2227,2.6435,-0.389,-1290.47
South & Central Asia,2070,36.3813,2.5125,-0.405,-1246.39
South & Central Asia,2071,36.53945,2.378,-0.5925,-1382.306
South & Central Asia,2072,36.69975,2.247,-0.419,-1320.381
South & Central Asia,2073,36.86635,2.0845,-0.528,-1236.581
South & Central Asia,2074,37.0403,1.9255,-0.417,-1292.42
South & Central Asia,2075,37.22065,1.784,-0.467,-1373.472
South & Central Asia,2076,37.4105,1.634,-0.573,-1328.187
South & Central Asia,2077,37.6109,1.482,-0.434,-1336.131
South & Central Asia,2078,37.8195,1.3165,-0.504,-1428.604
South & Central Asia,2079,38.03615,1.159,-0.4525,-1301.825
South & Central Asia,2080,38.2607,1.0185,-0.472,-1340.07
South & Central Asia,2081,38.49205,0.8605,-0.571,-1477.057
South & Central Asia,2082,38.7293,0.7145,-0.655,-1424.003
South & Central Asia,2083,38.9703,0.5905,-0.4785,-1442.997
South & Central Asia,2084,39.21355,0.4645,-0.3615,-1301.876
South & Central Asia,2085,39.45975,0.3565,-0.553,-1392.024
South & Central Asia,2086,39.7083,0.238,-0.5215,-1496.68
South & Central Asia,2087,39.95805,0.1145,-0.4325,-1320.428
South & Central Asia,2088,40.20715,0.0135,-0.6285,-1349.486
South & Central Asia,2089,40.4538,-0.0805,-0.6065,-1376.879
South & Central Asia,2090,40.69705,-0.1625,-0.4675,-1272.938
South & Central Asia,2091,40.935,-0.2675,-0.569,-1308.314
South & Central Asia,2092,41.1661,-0.369,-0.6125,-1266.279
South & Central Asia,2093,41.38835,-0.467,-0.3715,-1263.816
South & Central Asia,2094,41.60055,-0.5525,-0.307,-1231.211
South & Central Asia,2095,41.804,-0.6545,-0.3625,-1248.493
South & Central Asia,2096,41.9985,-0.747,-0.358,-1247.806
South & Central Asia,2097,42.1828,-0.8535,-0.3805,-1245.048
South & Central Asia,2098,42.35815,-0.944,-0.3125,-1256.912
South & Central Asia,2099,42.52455,-1.0315,-0.291,-1194.879
South & Central Asia,2100,42.6808,-1.128,-0.352,-1220.033
