Region,indicator,date,value
JPN,"Manufacturing, value added (% of GDP)",2023,20.5810487191941
JPN,"Manufacturing, value added (% of GDP)",2022,19.8229456954966
JPN,"Manufacturing, value added (% of GDP)",2021,20.779603531788
JPN,"Manufacturing, value added (% of GDP)",2020,20.0515708445907
JPN,"Manufacturing, value added (% of GDP)",2019,20.2241827905106
JPN,"Manufacturing, value added (% of GDP)",2018,20.621683951335
JPN,"Manufacturing, value added (% of GDP)",2017,20.4359460686022
JPN,"Manufacturing, value added (% of GDP)",2016,20.2880385682684
JPN,"Manufacturing, value added (% of GDP)",2015,20.4624703758492
JPN,"Manufacturing, value added (% of GDP)",2014,19.5936092334203
JPN,"Manufacturing, value added (% of GDP)",2013,19.3290316543759
JPN,"Manufacturing, value added (% of GDP)",2012,19.6667084270194
JPN,"Manufacturing, value added (% of GDP)",2011,19.5355543051759
JPN,"Manufacturing, value added (% of GDP)",2010,20.7662008986202
JPN,"Manufacturing, value added (% of GDP)",2009,19.0476835097055
JPN,"Manufacturing, value added (% of GDP)",2008,21.2740312202671
JPN,"Manufacturing, value added (% of GDP)",2007,21.8755058812491
JPN,"Manufacturing, value added (% of GDP)",2006,21.3992856851895
JPN,"Manufacturing, value added (% of GDP)",2005,21.4233723857104
JPN,"Manufacturing, value added (% of GDP)",2004,21.1205912192442
JPN,"Manufacturing, value added (% of GDP)",2003,20.9171312937455
JPN,"Manufacturing, value added (% of GDP)",2002,20.7147020460507
JPN,"Manufacturing, value added (% of GDP)",2001,21.1197171693841
JPN,"Manufacturing, value added (% of GDP)",2000,22.4522088081884
JPN,"Manufacturing, value added (% of GDP)",1999,22.4018638441615
JPN,"Manufacturing, value added (% of GDP)",1998,22.8366437563351
JPN,"Manufacturing, value added (% of GDP)",1997,23.3504873741917
JPN,"Manufacturing, value added (% of GDP)",1996,23.3611564373207
JPN,"Manufacturing, value added (% of GDP)",1995,23.4717659723147
JPN,"Manufacturing, value added (% of GDP)",1994,23.4692153956393
JPN,"Services, value added (% of GDP)",2023,69.7727958101915
JPN,"Services, value added (% of GDP)",2022,70.3587115927394
JPN,"Services, value added (% of GDP)",2021,69.0185642532758
JPN,"Services, value added (% of GDP)",2020,69.4747111995642
JPN,"Services, value added (% of GDP)",2019,69.6276716636423
JPN,"Services, value added (% of GDP)",2018,69.4031278581593
JPN,"Services, value added (% of GDP)",2017,69.5357755666973
JPN,"Services, value added (% of GDP)",2016,69.8870573141604
JPN,"Services, value added (% of GDP)",2015,69.7955308631099
JPN,"Services, value added (% of GDP)",2014,70.8840213488149
JPN,"Services, value added (% of GDP)",2013,71.6207726116305
JPN,"Services, value added (% of GDP)",2012,71.7471232811569
JPN,"Services, value added (% of GDP)",2011,71.6911224449386
JPN,"Services, value added (% of GDP)",2010,70.5441965333058
JPN,"Services, value added (% of GDP)",2009,71.9107064636731
JPN,"Services, value added (% of GDP)",2008,70.2614584639798
JPN,"Services, value added (% of GDP)",2007,69.5604171252242
JPN,"Services, value added (% of GDP)",2006,69.4497937291725
JPN,"Services, value added (% of GDP)",2005,69.4739647063861
JPN,"Services, value added (% of GDP)",2004,68.9896824882617
JPN,"Services, value added (% of GDP)",2003,68.7153581340561
JPN,"Services, value added (% of GDP)",2002,68.3328608006388
JPN,"Services, value added (% of GDP)",2001,67.0662812781022
JPN,"Services, value added (% of GDP)",2000,66.0206414543262
JPN,"Services, value added (% of GDP)",1999,65.8127645601463
JPN,"Services, value added (% of GDP)",1998,64.9040796842632
JPN,"Services, value added (% of GDP)",1997,64.172468389945
JPN,"Services, value added (% of GDP)",1996,63.1778462292235
JPN,"Services, value added (% of GDP)",1995,63.2128577960501
JPN,"Services, value added (% of GDP)",1994,62.9317416303773
North America,"Manufacturing, value added (% of GDP)",2023,10.2466607185264
North America,"Manufacturing, value added (% of GDP)",2022,10.3222172675529
North America,"Manufacturing, value added (% of GDP)",2021,10.1716422722508
North America,"Manufacturing, value added (% of GDP)",2020,10.0661348251308
North America,"Manufacturing, value added (% of GDP)",2019,10.5329243079219
North America,"Manufacturing, value added (% of GDP)",2018,10.9496635347413
North America,"Manufacturing, value added (% of GDP)",2017,10.7572253091484
North America,"Manufacturing, value added (% of GDP)",2016,10.822868470596
North America,"Manufacturing, value added (% of GDP)",2015,11.3207644113406
North America,"Manufacturing, value added (% of GDP)",2014,11.413421453194
North America,"Manufacturing, value added (% of GDP)",2013,11.6733072944975
North America,"Manufacturing, value added (% of GDP)",2012,11.8205459958398
North America,"Manufacturing, value added (% of GDP)",2011,11.9429936360445
North America,"Manufacturing, value added (% of GDP)",2010,11.8833108257036
North America,"Manufacturing, value added (% of GDP)",2009,11.7129517358913
North America,"Manufacturing, value added (% of GDP)",2008,12.1840677996856
North America,"Manufacturing, value added (% of GDP)",2007,12.7520099863012
North America,"Manufacturing, value added (% of GDP)",2006,12.9817684856296
North America,"Manufacturing, value added (% of GDP)",2005,12.9801704813571
North America,"Manufacturing, value added (% of GDP)",2004,13.16031927457
North America,"Manufacturing, value added (% of GDP)",2003,13.3027421234327
North America,"Manufacturing, value added (% of GDP)",2002,13.4350488621761
North America,"Manufacturing, value added (% of GDP)",2001,13.9250887054714
North America,"Manufacturing, value added (% of GDP)",2000,15.1187031214272
North America,"Manufacturing, value added (% of GDP)",1999,15.466123956669
North America,"Manufacturing, value added (% of GDP)",1998,15.7854892137842
North America,"Manufacturing, value added (% of GDP)",1997,16.1221989677241
North America,"Services, value added (% of GDP)",2023,79.1388741175415
North America,"Services, value added (% of GDP)",2022,78.6890537058771
North America,"Services, value added (% of GDP)",2021,79.4921585592199
North America,"Services, value added (% of GDP)",2020,80.0110564221727
North America,"Services, value added (% of GDP)",2019,79.1576148949428
North America,"Services, value added (% of GDP)",2018,78.6046882252554
North America,"Services, value added (% of GDP)",2017,78.8857155648079
North America,"Services, value added (% of GDP)",2016,79.2041101173933
North America,"Services, value added (% of GDP)",2015,78.4924683598306
North America,"Services, value added (% of GDP)",2014,77.4972913092798
North America,"Services, value added (% of GDP)",2013,77.386057187378
North America,"Services, value added (% of GDP)",2012,77.5715286788397
North America,"Services, value added (% of GDP)",2011,77.2548336086799
North America,"Services, value added (% of GDP)",2010,77.5834972371201
North America,"Services, value added (% of GDP)",2009,77.5512159185339
North America,"Services, value added (% of GDP)",2008,75.8974863813893
North America,"Services, value added (% of GDP)",2007,75.2362820317602
North America,"Services, value added (% of GDP)",2006,75.0825499003553
North America,"Services, value added (% of GDP)",2005,75.3959848907874
North America,"Services, value added (% of GDP)",2004,75.4469437995429
North America,"Services, value added (% of GDP)",2003,75.811145686491
North America,"Services, value added (% of GDP)",2002,75.9051699370159
North America,"Services, value added (% of GDP)",2001,75.1331066386856
North America,"Services, value added (% of GDP)",2000,73.8536381791662
North America,"Services, value added (% of GDP)",1999,73.7713644819135
North America,"Services, value added (% of GDP)",1998,73.460183516891
North America,"Services, value added (% of GDP)",1997,72.8602403109885
Europe,"Manufacturing, value added (% of GDP)",2023,14.6391823298788
Europe,"Manufacturing, value added (% of GDP)",2022,15.8262655197417
Europe,"Manufacturing, value added (% of GDP)",2021,15.6669377666644
Europe,"Manufacturing, value added (% of GDP)",2020,14.19242995854
Europe,"Manufacturing, value added (% of GDP)",2019,14.1442092314576
Europe,"Manufacturing, value added (% of GDP)",2018,14.4849816303676
Europe,"Manufacturing, value added (% of GDP)",2017,13.8009413108077
Europe,"Manufacturing, value added (% of GDP)",2016,13.3803449588094
Europe,"Manufacturing, value added (% of GDP)",2015,13.5080485437873
Europe,"Manufacturing, value added (% of GDP)",2014,13.4765976857183
Europe,"Manufacturing, value added (% of GDP)",2013,13.2666028331129
Europe,"Manufacturing, value added (% of GDP)",2012,13.0404142400371
Europe,"Manufacturing, value added (% of GDP)",2011,13.3809775382559
Europe,"Manufacturing, value added (% of GDP)",2010,12.6657513583653
Europe,"Manufacturing, value added (% of GDP)",2009,12.8396400816494
Europe,"Manufacturing, value added (% of GDP)",2008,13.666288805124
Europe,"Manufacturing, value added (% of GDP)",2007,14.1922958598191
Europe,"Manufacturing, value added (% of GDP)",2006,14.3492043085124
Europe,"Manufacturing, value added (% of GDP)",2005,14.5245568978328
Europe,"Manufacturing, value added (% of GDP)",2004,14.7577279403607
Europe,"Manufacturing, value added (% of GDP)",2003,15.0518566664008
Europe,"Manufacturing, value added (% of GDP)",2002,15.1962103381061
Europe,"Manufacturing, value added (% of GDP)",2001,15.8221425020401
Europe,"Manufacturing, value added (% of GDP)",2000,16.5467330955586
Europe,"Manufacturing, value added (% of GDP)",1999,17.1541849421306
Europe,"Manufacturing, value added (% of GDP)",1998,18.3894356338311
Europe,"Manufacturing, value added (% of GDP)",1997,18.046410776619
Europe,"Manufacturing, value added (% of GDP)",1996,17.712044603934
Europe,"Manufacturing, value added (% of GDP)",1995,18.6353907463218
Europe,"Manufacturing, value added (% of GDP)",1994,18.2757925325591
Europe,"Manufacturing, value added (% of GDP)",1993,17.8391942030065
Europe,"Manufacturing, value added (% of GDP)",1992,18.5242667448179
Europe,"Manufacturing, value added (% of GDP)",1991,18.9560412713918
Europe,"Manufacturing, value added (% of GDP)",1990,18.9919273636188
Europe,"Manufacturing, value added (% of GDP)",1989,19.5600239030609
Europe,"Manufacturing, value added (% of GDP)",1988,19.5711871731123
Europe,"Manufacturing, value added (% of GDP)",1987,19.0769662785265
Europe,"Manufacturing, value added (% of GDP)",1986,19.4801635756198
Europe,"Manufacturing, value added (% of GDP)",1985,17.6861762699127
Europe,"Manufacturing, value added (% of GDP)",1984,17.5637934831035
Europe,"Manufacturing, value added (% of GDP)",1983,18.2047145673852
Europe,"Manufacturing, value added (% of GDP)",1982,18.6504405077928
Europe,"Manufacturing, value added (% of GDP)",1981,18.6648590804731
Europe,"Manufacturing, value added (% of GDP)",1980,17.7260229661089
Europe,"Manufacturing, value added (% of GDP)",1979,18.9600812595166
Europe,"Manufacturing, value added (% of GDP)",1978,18.161604740311
Europe,"Manufacturing, value added (% of GDP)",1977,18.410766417683
Europe,"Manufacturing, value added (% of GDP)",1976,18.5915047449648
Europe,"Manufacturing, value added (% of GDP)",1975,18.0938042924203
Europe,"Manufacturing, value added (% of GDP)",1974,18.4453620116662
Europe,"Manufacturing, value added (% of GDP)",1973,18.8091381943114
Europe,"Manufacturing, value added (% of GDP)",1972,18.5108578882666
Europe,"Manufacturing, value added (% of GDP)",1971,18.4666256054241
Europe,"Manufacturing, value added (% of GDP)",1970,18.0717374210302
Europe,"Manufacturing, value added (% of GDP)",1969,18.0868070409531
Europe,"Manufacturing, value added (% of GDP)",1968,18.1654168921699
Europe,"Manufacturing, value added (% of GDP)",1967,17.9944998776317
Europe,"Manufacturing, value added (% of GDP)",1966,18.0967358337801
Europe,"Manufacturing, value added (% of GDP)",1965,18.1089277110094
Europe,"Manufacturing, value added (% of GDP)",1964,17.5492062660493
Europe,"Manufacturing, value added (% of GDP)",1963,17.3037475712113
Europe,"Manufacturing, value added (% of GDP)",1962,17.425384393901
Europe,"Manufacturing, value added (% of GDP)",1961,17.8795610937594
Europe,"Manufacturing, value added (% of GDP)",1960,17.5753191431817
Europe,"Services, value added (% of GDP)",2023,61.8953669429653
Europe,"Services, value added (% of GDP)",2022,61.5377414616022
Europe,"Services, value added (% of GDP)",2021,61.7142174576859
Europe,"Services, value added (% of GDP)",2020,62.5890762884032
Europe,"Services, value added (% of GDP)",2019,63.210599027296
Europe,"Services, value added (% of GDP)",2018,62.2796503058997
Europe,"Services, value added (% of GDP)",2017,61.9608249995475
Europe,"Services, value added (% of GDP)",2016,62.2946731368089
Europe,"Services, value added (% of GDP)",2015,61.8923045917027
Europe,"Services, value added (% of GDP)",2014,62.1280819093524
Europe,"Services, value added (% of GDP)",2013,61.8738666061512
Europe,"Services, value added (% of GDP)",2012,62.2000909010958
Europe,"Services, value added (% of GDP)",2011,61.661416110145
Europe,"Services, value added (% of GDP)",2010,62.6274840829969
Europe,"Services, value added (% of GDP)",2009,63.988739046091
Europe,"Services, value added (% of GDP)",2008,62.6557457966694
Europe,"Services, value added (% of GDP)",2007,62.0281850351444
Europe,"Services, value added (% of GDP)",2006,61.1693992132713
Europe,"Services, value added (% of GDP)",2005,60.8781723444269
Europe,"Services, value added (% of GDP)",2004,60.7110063765594
Europe,"Services, value added (% of GDP)",2003,60.6657300671598
Europe,"Services, value added (% of GDP)",2002,60.5579784678445
Europe,"Services, value added (% of GDP)",2001,60.9966625489912
Europe,"Services, value added (% of GDP)",2000,59.5883574851847
Europe,"Services, value added (% of GDP)",1999,59.2763076569737
Europe,"Services, value added (% of GDP)",1998,57.1369486015572
Europe,"Services, value added (% of GDP)",1997,58.4771689415226
Europe,"Services, value added (% of GDP)",1996,57.3788975142362
Europe,"Services, value added (% of GDP)",1995,56.8065577799806
Europe,"Services, value added (% of GDP)",1994,57.0597762871242
Europe,"Services, value added (% of GDP)",1993,57.8514389742992
Europe,"Services, value added (% of GDP)",1992,56.9210865525165
Europe,"Services, value added (% of GDP)",1991,56.3439719078011
Europe,"Services, value added (% of GDP)",1990,55.137898921435
Europe,"Services, value added (% of GDP)",1989,54.744433774749
Europe,"Services, value added (% of GDP)",1988,54.07110797744
Europe,"Services, value added (% of GDP)",1987,54.2695742564852
Europe,"Services, value added (% of GDP)",1986,53.6636962655797
Europe,"Services, value added (% of GDP)",1985,55.6857119052998
Europe,"Services, value added (% of GDP)",1984,55.5822568785569
Europe,"Services, value added (% of GDP)",1983,54.9693022669762
Europe,"Services, value added (% of GDP)",1982,53.6412103681162
Europe,"Services, value added (% of GDP)",1981,53.3262763954447
Europe,"Services, value added (% of GDP)",1980,53.5117202290445
Europe,"Services, value added (% of GDP)",1979,50.640569946601
Europe,"Services, value added (% of GDP)",1978,49.9569230460088
Europe,"Services, value added (% of GDP)",1977,49.7927428281444
Europe,"Services, value added (% of GDP)",1976,48.3675292308918
Europe,"Services, value added (% of GDP)",1975,47.5239335852556
Europe,"Services, value added (% of GDP)",1974,46.8569592190263
Europe,"Services, value added (% of GDP)",1973,46.3524440698533
Europe,"Services, value added (% of GDP)",1972,45.9230922909898
Europe,"Services, value added (% of GDP)",1971,45.0785384040833
Europe,"Services, value added (% of GDP)",1970,44.6148099613662
Europe,"Services, value added (% of GDP)",1969,43.4772050225505
Europe,"Services, value added (% of GDP)",1968,43.2780081000216
Europe,"Services, value added (% of GDP)",1967,41.5466183281713
Europe,"Services, value added (% of GDP)",1966,40.2895118182252
Europe,"Services, value added (% of GDP)",1965,40.8019217375104
Europe,"Services, value added (% of GDP)",1964,39.5327419174325
Europe,"Services, value added (% of GDP)",1963,38.7015010842252
Europe,"Services, value added (% of GDP)",1962,38.4034103543338
Europe,"Services, value added (% of GDP)",1961,38.8113467641358
Europe,"Services, value added (% of GDP)",1960,36.8034520914213
Latin America & Caribbean,"Manufacturing, value added (% of GDP)",2023,13.2531636224002
Latin America & Caribbean,"Manufacturing, value added (% of GDP)",2022,12.8847307909688
Latin America & Caribbean,"Manufacturing, value added (% of GDP)",2021,11.9043730112478
Latin America & Caribbean,"Manufacturing, value added (% of GDP)",2020,10.692931568332
Latin America & Caribbean,"Manufacturing, value added (% of GDP)",2019,10.3325005328998
Latin America & Caribbean,"Manufacturing, value added (% of GDP)",2018,10.5284573770078
Latin America & Caribbean,"Manufacturing, value added (% of GDP)",2017,10.7214980093214
Latin America & Caribbean,"Manufacturing, value added (% of GDP)",2016,10.7864511144495
Latin America & Caribbean,"Manufacturing, value added (% of GDP)",2015,10.5209374571105
Latin America & Caribbean,"Manufacturing, value added (% of GDP)",2014,10.3370973963623
Latin America & Caribbean,"Manufacturing, value added (% of GDP)",2013,10.4796122911618
Latin America & Caribbean,"Manufacturing, value added (% of GDP)",2012,10.6759423074609
Latin America & Caribbean,"Manufacturing, value added (% of GDP)",2011,11.7837976692113
Latin America & Caribbean,"Manufacturing, value added (% of GDP)",2010,12.7218596106703
Latin America & Caribbean,"Manufacturing, value added (% of GDP)",2009,13.0594621488915
Latin America & Caribbean,"Manufacturing, value added (% of GDP)",2008,13.6931926001675
Latin America & Caribbean,"Manufacturing, value added (% of GDP)",2007,14.1174583702993
Latin America & Caribbean,"Manufacturing, value added (% of GDP)",2006,14.0483715285816
Latin America & Caribbean,"Manufacturing, value added (% of GDP)",2005,14.7037965260626
Latin America & Caribbean,"Manufacturing, value added (% of GDP)",2004,15.0995301566951
Latin America & Caribbean,"Manufacturing, value added (% of GDP)",2003,15.1937580372309
Latin America & Caribbean,"Manufacturing, value added (% of GDP)",2002,15.7836753201839
Latin America & Caribbean,"Manufacturing, value added (% of GDP)",2001,15.9367790320988
Latin America & Caribbean,"Manufacturing, value added (% of GDP)",2000,15.1925267293194
Latin America & Caribbean,"Manufacturing, value added (% of GDP)",1999,14.6831056227199
Latin America & Caribbean,"Manufacturing, value added (% of GDP)",1998,14.4175557942238
Latin America & Caribbean,"Manufacturing, value added (% of GDP)",1997,14.8805379045354
Latin America & Caribbean,"Manufacturing, value added (% of GDP)",1996,15.2270914076658
Latin America & Caribbean,"Manufacturing, value added (% of GDP)",1995,19.2514284613681
Latin America & Caribbean,"Manufacturing, value added (% of GDP)",1994,20.4437836779106
Latin America & Caribbean,"Manufacturing, value added (% of GDP)",1993,19.0213910522911
Latin America & Caribbean,"Manufacturing, value added (% of GDP)",1992,19.3682656154161
Latin America & Caribbean,"Manufacturing, value added (% of GDP)",1991,19.4826964924794
Latin America & Caribbean,"Manufacturing, value added (% of GDP)",1990,21.5412849341183
Latin America & Caribbean,"Manufacturing, value added (% of GDP)",1989,20.1153746826286
Latin America & Caribbean,"Manufacturing, value added (% of GDP)",1988,18.7146642084376
Latin America & Caribbean,"Manufacturing, value added (% of GDP)",1987,19.874800957825
Latin America & Caribbean,"Manufacturing, value added (% of GDP)",1986,18.6914384910763
Latin America & Caribbean,"Manufacturing, value added (% of GDP)",1985,21.6161789649699
Latin America & Caribbean,"Manufacturing, value added (% of GDP)",1984,22.1415148048959
Latin America & Caribbean,"Manufacturing, value added (% of GDP)",1983,19.2800902879395
Latin America & Caribbean,"Manufacturing, value added (% of GDP)",1982,19.2321132869539
Latin America & Caribbean,"Manufacturing, value added (% of GDP)",1981,18.4934371581471
Latin America & Caribbean,"Manufacturing, value added (% of GDP)",1980,18.3395202457704
Latin America & Caribbean,"Manufacturing, value added (% of GDP)",1979,20.526325856374
Latin America & Caribbean,"Manufacturing, value added (% of GDP)",1978,16.8115619110566
Latin America & Caribbean,"Manufacturing, value added (% of GDP)",1977,13.2674457402649
Latin America & Caribbean,"Manufacturing, value added (% of GDP)",1976,13.4643921908157
Latin America & Caribbean,"Manufacturing, value added (% of GDP)",1975,14.1903914590747
Latin America & Caribbean,"Manufacturing, value added (% of GDP)",1974,14.2097631706138
Latin America & Caribbean,"Manufacturing, value added (% of GDP)",1973,14.3013706466504
Latin America & Caribbean,"Manufacturing, value added (% of GDP)",1972,13.7608974944519
Latin America & Caribbean,"Manufacturing, value added (% of GDP)",1971,13.406292749658
Latin America & Caribbean,"Manufacturing, value added (% of GDP)",1970,12.5172890733057
Latin America & Caribbean,"Manufacturing, value added (% of GDP)",1969,12.3278433886345
Latin America & Caribbean,"Manufacturing, value added (% of GDP)",1968,11.6728509585652
Latin America & Caribbean,"Manufacturing, value added (% of GDP)",1967,11.3860558435044
Latin America & Caribbean,"Manufacturing, value added (% of GDP)",1966,11.4464951359214
Latin America & Caribbean,"Manufacturing, value added (% of GDP)",1965,11.7793103448276
Latin America & Caribbean,"Manufacturing, value added (% of GDP)",1964,11.6411378555799
Latin America & Caribbean,"Manufacturing, value added (% of GDP)",1963,13.1762363093263
Latin America & Caribbean,"Manufacturing, value added (% of GDP)",1962,11.3733075435203
Latin America & Caribbean,"Manufacturing, value added (% of GDP)",1961,11.2436833239753
Latin America & Caribbean,"Manufacturing, value added (% of GDP)",1960,11.3362133174438
Latin America & Caribbean,"Services, value added (% of GDP)",2023,58.1121672282686
Latin America & Caribbean,"Services, value added (% of GDP)",2022,57.604984623724
Latin America & Caribbean,"Services, value added (% of GDP)",2021,57.360130598172
Latin America & Caribbean,"Services, value added (% of GDP)",2020,59.5149415155437
Latin America & Caribbean,"Services, value added (% of GDP)",2019,59.1601437372702
Latin America & Caribbean,"Services, value added (% of GDP)",2018,58.374456151587
Latin America & Caribbean,"Services, value added (% of GDP)",2017,58.1660160530886
Latin America & Caribbean,"Services, value added (% of GDP)",2016,58.7750438386789
Latin America & Caribbean,"Services, value added (% of GDP)",2015,58.5888882022299
Latin America & Caribbean,"Services, value added (% of GDP)",2014,58.653409530784
Latin America & Caribbean,"Services, value added (% of GDP)",2013,58.4498716148894
Latin America & Caribbean,"Services, value added (% of GDP)",2012,57.4582776900061
Latin America & Caribbean,"Services, value added (% of GDP)",2011,55.9689667033682
Latin America & Caribbean,"Services, value added (% of GDP)",2010,55.712851573953
Latin America & Caribbean,"Services, value added (% of GDP)",2009,57.32815460004
Latin America & Caribbean,"Services, value added (% of GDP)",2008,55.6266965055286
Latin America & Caribbean,"Services, value added (% of GDP)",2007,53.4203258443507
Latin America & Caribbean,"Services, value added (% of GDP)",2006,54.021120391702
Latin America & Caribbean,"Services, value added (% of GDP)",2005,55.1010832949412
Latin America & Caribbean,"Services, value added (% of GDP)",2004,55.0310257536214
Latin America & Caribbean,"Services, value added (% of GDP)",2003,55.6716631541238
Latin America & Caribbean,"Services, value added (% of GDP)",2002,54.44520671513
Latin America & Caribbean,"Services, value added (% of GDP)",2001,53.4894050373712
Latin America & Caribbean,"Services, value added (% of GDP)",2000,51.4379766862386
Latin America & Caribbean,"Services, value added (% of GDP)",1999,50.6739391795651
Latin America & Caribbean,"Services, value added (% of GDP)",1998,50.7543587958086
Latin America & Caribbean,"Services, value added (% of GDP)",1997,50.4611808953435
Latin America & Caribbean,"Services, value added (% of GDP)",1996,49.657771098711
Latin America & Caribbean,"Services, value added (% of GDP)",1995,47.9487629121353
Latin America & Caribbean,"Services, value added (% of GDP)",1994,47.4694807295292
Latin America & Caribbean,"Services, value added (% of GDP)",1993,48.720325106911
Latin America & Caribbean,"Services, value added (% of GDP)",1992,47.4685194596077
Latin America & Caribbean,"Services, value added (% of GDP)",1991,46.6012453589988
Latin America & Caribbean,"Services, value added (% of GDP)",1990,47.191731310315
Latin America & Caribbean,"Services, value added (% of GDP)",1989,47.0695361111174
Latin America & Caribbean,"Services, value added (% of GDP)",1988,47.0256280915975
Latin America & Caribbean,"Services, value added (% of GDP)",1987,49.2617009360528
Latin America & Caribbean,"Services, value added (% of GDP)",1986,49.8679850144665
Latin America & Caribbean,"Services, value added (% of GDP)",1985,49.6864530557343
Latin America & Caribbean,"Services, value added (% of GDP)",1984,48.4514370539336
Latin America & Caribbean,"Services, value added (% of GDP)",1983,49.0669195477325
Latin America & Caribbean,"Services, value added (% of GDP)",1982,48.1422128434173
Latin America & Caribbean,"Services, value added (% of GDP)",1981,47.8453582603144
Latin America & Caribbean,"Services, value added (% of GDP)",1980,46.1686599512525
Latin America & Caribbean,"Services, value added (% of GDP)",1979,45.2509898412875
Latin America & Caribbean,"Services, value added (% of GDP)",1978,47.3378052130079
Latin America & Caribbean,"Services, value added (% of GDP)",1977,41.4291519621777
Latin America & Caribbean,"Services, value added (% of GDP)",1976,43.0539059674992
Latin America & Caribbean,"Services, value added (% of GDP)",1975,41.7826680906957
Latin America & Caribbean,"Services, value added (% of GDP)",1974,38.3412310162833
Latin America & Caribbean,"Services, value added (% of GDP)",1973,42.046092273388
Latin America & Caribbean,"Services, value added (% of GDP)",1972,41.7490547910084
Latin America & Caribbean,"Services, value added (% of GDP)",1971,40.7025552204681
Latin America & Caribbean,"Services, value added (% of GDP)",1970,40.6576272284603
Latin America & Caribbean,"Services, value added (% of GDP)",1969,39.1406085443385
Latin America & Caribbean,"Services, value added (% of GDP)",1968,38.8580571851774
Latin America & Caribbean,"Services, value added (% of GDP)",1967,39.0430967552384
Latin America & Caribbean,"Services, value added (% of GDP)",1966,39.6149083987077
Latin America & Caribbean,"Services, value added (% of GDP)",1965,40.8951787245059
Latin America & Caribbean,"Services, value added (% of GDP)",1964,40.8583163224548
Latin America & Caribbean,"Services, value added (% of GDP)",1963,40.3513985109023
Latin America & Caribbean,"Services, value added (% of GDP)",1962,40.8116248462827
Latin America & Caribbean,"Services, value added (% of GDP)",1961,40.923827146387
Latin America & Caribbean,"Services, value added (% of GDP)",1960,40.2389034805466
Middle East & North Africa,"Services, value added (% of GDP)",2023,51.6487720818481
Middle East & North Africa,"Services, value added (% of GDP)",2022,51.4288499840612
Middle East & North Africa,"Services, value added (% of GDP)",2021,52.4773050081794
Middle East & North Africa,"Services, value added (% of GDP)",2020,52.0271088645451
Middle East & North Africa,"Services, value added (% of GDP)",2019,50.7617519656898
Middle East & North Africa,"Services, value added (% of GDP)",2018,51.6422459388796
Middle East & North Africa,"Services, value added (% of GDP)",2017,53.1699504909872
Middle East & North Africa,"Services, value added (% of GDP)",2016,54.4832841219458
Middle East & North Africa,"Services, value added (% of GDP)",2015,53.1705429845738
Middle East & North Africa,"Services, value added (% of GDP)",2014,52.320985915493
Middle East & North Africa,"Services, value added (% of GDP)",2013,52.3007390883681
Middle East & North Africa,"Services, value added (% of GDP)",2012,51.771621185884
Middle East & North Africa,"Services, value added (% of GDP)",2011,45.7160236306615
Middle East & North Africa,"Services, value added (% of GDP)",2010,46.2327200397812
Middle East & North Africa,"Services, value added (% of GDP)",2009,46.5660621761658
Middle East & North Africa,"Services, value added (% of GDP)",2008,46.6682970407594
Middle East & North Africa,"Services, value added (% of GDP)",2007,46.8939983888292
Middle East & North Africa,"Services, value added (% of GDP)",2006,44.6899951432734
Middle East & North Africa,"Services, value added (% of GDP)",2005,45.9292479108635
Middle East & North Africa,"Services, value added (% of GDP)",2004,45.0910776839069
Middle East & North Africa,"Services, value added (% of GDP)",2003,44.9042395209581
Middle East & North Africa,"Services, value added (% of GDP)",2002,45.5887833201372
Middle East & North Africa,"Services, value added (% of GDP)",2001,46.457987175913
Middle East & North Africa,"Services, value added (% of GDP)",2000,46.5259923551897
Middle East & North Africa,"Services, value added (% of GDP)",1999,47.5558192457737
Middle East & North Africa,"Services, value added (% of GDP)",1998,48.287891440501
Middle East & North Africa,"Services, value added (% of GDP)",1997,48.1519368183528
Middle East & North Africa,"Services, value added (% of GDP)",1996,47.7336530078466
Middle East & North Africa,"Services, value added (% of GDP)",1995,47.6764705882353
Middle East & North Africa,"Services, value added (% of GDP)",1994,46.9068571428571
Middle East & North Africa,"Services, value added (% of GDP)",1993,47.2893041237113
Middle East & North Africa,"Services, value added (% of GDP)",1992,47.2207045291157
Middle East & North Africa,"Services, value added (% of GDP)",1991,48.6675535111111
Middle East & North Africa,"Services, value added (% of GDP)",1990,49.6294366388309
Middle East & North Africa,"Services, value added (% of GDP)",1989,49.741561948052
Middle East & North Africa,"Services, value added (% of GDP)",1988,49.6834425324675
Middle East & North Africa,"Services, value added (% of GDP)",1987,50.2213621359223
Middle East & North Africa,"Services, value added (% of GDP)",1986,48.6757369614512
Middle East & North Africa,"Services, value added (% of GDP)",1985,48.8445040214477
Middle East & North Africa,"Services, value added (% of GDP)",1984,48.3164556962025
Middle East & North Africa,"Services, value added (% of GDP)",1983,47.9022556390977
Middle East & North Africa,"Services, value added (% of GDP)",1982,47.764517278233
Middle East & North Africa,"Services, value added (% of GDP)",1981,41.6856422497207
Middle East & North Africa,"Services, value added (% of GDP)",1980,40.8115643090134
Middle East & North Africa,"Services, value added (% of GDP)",1979,40.8802638254693
Middle East & North Africa,"Services, value added (% of GDP)",1978,42.6907408544699
Middle East & North Africa,"Services, value added (% of GDP)",1977,40.6131621578826
Middle East & North Africa,"Services, value added (% of GDP)",1976,42.1501655579751
Middle East & North Africa,"Services, value added (% of GDP)",1975,42.3039234161233
Middle East & North Africa,"Services, value added (% of GDP)",1974,42.4615592426664
Middle East & North Africa,"Services, value added (% of GDP)",1973,41.1483612709532
Middle East & North Africa,"Services, value added (% of GDP)",1972,43.8186316755164
Middle East & North Africa,"Services, value added (% of GDP)",1971,43.1347572355363
Middle East & North Africa,"Services, value added (% of GDP)",1970,42.0570964517741
Middle East & North Africa,"Services, value added (% of GDP)",1969,37.1520819416611
Middle East & North Africa,"Services, value added (% of GDP)",1968,38.062229224104
Middle East & North Africa,"Services, value added (% of GDP)",1967,39.5770869496607
Middle East & North Africa,"Services, value added (% of GDP)",1966,38.9645442277021
Middle East & North Africa,"Services, value added (% of GDP)",1965,38.397704700949
Middle East & North Africa,"Services, value added (% of GDP)",1964,39.5311355311355
Middle East & North Africa,"Services, value added (% of GDP)",1963,40.0769019500137
Middle East & North Africa,"Services, value added (% of GDP)",1962,40.7094284138945
Middle East & North Africa,"Services, value added (% of GDP)",1961,40.9404548939433
Middle East & North Africa,"Services, value added (% of GDP)",1960,41.193336974331
Middle East & North Africa,"Manufacturing, value added (% of GDP)",2023,15.114254166675
Middle East & North Africa,"Manufacturing, value added (% of GDP)",2022,15.6825181615533
Middle East & North Africa,"Manufacturing, value added (% of GDP)",2021,15.2356757950841
Middle East & North Africa,"Manufacturing, value added (% of GDP)",2020,15.177396164956
Middle East & North Africa,"Manufacturing, value added (% of GDP)",2019,14.7633235363387
Middle East & North Africa,"Manufacturing, value added (% of GDP)",2018,14.8703562557049
Middle East & North Africa,"Manufacturing, value added (% of GDP)",2017,14.5941970328011
Middle East & North Africa,"Manufacturing, value added (% of GDP)",2016,14.7595291382492
Middle East & North Africa,"Manufacturing, value added (% of GDP)",2015,14.984152955286
Middle East & North Africa,"Manufacturing, value added (% of GDP)",2014,15.3452879513188
Middle East & North Africa,"Manufacturing, value added (% of GDP)",2013,15.008243022509
Middle East & North Africa,"Manufacturing, value added (% of GDP)",2012,15.4349464715618
Middle East & North Africa,"Manufacturing, value added (% of GDP)",2011,15.9695160833215
Middle East & North Africa,"Manufacturing, value added (% of GDP)",2010,15.7239104074122
Middle East & North Africa,"Manufacturing, value added (% of GDP)",2009,16.9369022380073
Middle East & North Africa,"Manufacturing, value added (% of GDP)",2008,18.1386277617362
Middle East & North Africa,"Manufacturing, value added (% of GDP)",2007,16.8400364989121
Middle East & North Africa,"Manufacturing, value added (% of GDP)",2006,16.1547506130317
Middle East & North Africa,"Manufacturing, value added (% of GDP)",2005,15.59981062964
Middle East & North Africa,"Manufacturing, value added (% of GDP)",2004,15.7768708884226
Middle East & North Africa,"Manufacturing, value added (% of GDP)",2003,16.0796874469938
Middle East & North Africa,"Manufacturing, value added (% of GDP)",2002,16.4974942856657
Middle East & North Africa,"Manufacturing, value added (% of GDP)",2001,16.550538013759
Middle East & North Africa,"Manufacturing, value added (% of GDP)",2000,16.3100423328599
Middle East & North Africa,"Manufacturing, value added (% of GDP)",1999,16.4974022442846
Middle East & North Africa,"Manufacturing, value added (% of GDP)",1998,16.6573356157487
Middle East & North Africa,"Manufacturing, value added (% of GDP)",1997,16.7263788278982
Middle East & North Africa,"Manufacturing, value added (% of GDP)",1996,18.2909853248143
Middle East & North Africa,"Manufacturing, value added (% of GDP)",1995,18.8750053091466
Middle East & North Africa,"Manufacturing, value added (% of GDP)",1994,18.0762012384466
Middle East & North Africa,"Manufacturing, value added (% of GDP)",1993,17.1983905067176
Middle East & North Africa,"Manufacturing, value added (% of GDP)",1992,16.5309576967415
Middle East & North Africa,"Manufacturing, value added (% of GDP)",1991,16.9484902899707
Middle East & North Africa,"Manufacturing, value added (% of GDP)",1990,16.8865630518598
Middle East & North Africa,"Manufacturing, value added (% of GDP)",1989,16.9615950114183
Middle East & North Africa,"Manufacturing, value added (% of GDP)",1988,16.8337066715932
Middle East & North Africa,"Manufacturing, value added (% of GDP)",1987,15.0946448794693
Middle East & North Africa,"Manufacturing, value added (% of GDP)",1986,15.7672755711971
Middle East & North Africa,"Manufacturing, value added (% of GDP)",1985,15.0948235327643
Middle East & North Africa,"Manufacturing, value added (% of GDP)",1984,14.8415569833448
Middle East & North Africa,"Manufacturing, value added (% of GDP)",1983,14.1687690760572
Middle East & North Africa,"Manufacturing, value added (% of GDP)",1982,11.1168928482225
Middle East & North Africa,"Manufacturing, value added (% of GDP)",1981,11.866890917828
Middle East & North Africa,"Manufacturing, value added (% of GDP)",1980,11.7864708374523
Middle East & North Africa,"Manufacturing, value added (% of GDP)",1979,11.5947980835044
Middle East & North Africa,"Manufacturing, value added (% of GDP)",1978,11.0632473126937
Middle East & North Africa,"Manufacturing, value added (% of GDP)",1977,10.5524887084265
Middle East & North Africa,"Manufacturing, value added (% of GDP)",1976,10.4655975168132
Middle East & North Africa,"Manufacturing, value added (% of GDP)",1975,9.07890203284713
Middle East & North Africa,"Manufacturing, value added (% of GDP)",1974,9.96252745832795
Middle East & North Africa,"Manufacturing, value added (% of GDP)",1973,11.6091583360206
Middle East & North Africa,"Manufacturing, value added (% of GDP)",1972,10.2272727272727
Middle East & North Africa,"Manufacturing, value added (% of GDP)",1971,10.4459124690339
Middle East & North Africa,"Manufacturing, value added (% of GDP)",1970,10.4640980735552
Middle East & North Africa,"Manufacturing, value added (% of GDP)",1969,12.0192307692308
Middle East & North Africa,"Manufacturing, value added (% of GDP)",1968,12.7744510978044
Middle East & North Africa,"Manufacturing, value added (% of GDP)",1967,9.39716312056738
Middle East & North Africa,"Manufacturing, value added (% of GDP)",1966,11.9574468085106
Middle East & North Africa,"Manufacturing, value added (% of GDP)",1965,10.8776844070962
East Asia & Pacific,"Services, value added (% of GDP)",2023,60.4121404775391
East Asia & Pacific,"Services, value added (% of GDP)",2022,59.6305037548366
East Asia & Pacific,"Services, value added (% of GDP)",2021,58.9314631547524
East Asia & Pacific,"Services, value added (% of GDP)",2020,59.2111462941965
East Asia & Pacific,"Services, value added (% of GDP)",2019,59.04715946853
East Asia & Pacific,"Services, value added (% of GDP)",2018,57.7389063662422
East Asia & Pacific,"Services, value added (% of GDP)",2017,57.2691428156045
East Asia & Pacific,"Services, value added (% of GDP)",2016,57.4337983066338
East Asia & Pacific,"Services, value added (% of GDP)",2015,57.0490277167365
East Asia & Pacific,"Services, value added (% of GDP)",2014,56.1629341879354
East Asia & Pacific,"Services, value added (% of GDP)",2013,55.9823656446646
East Asia & Pacific,"Services, value added (% of GDP)",2012,55.2889521893195
East Asia & Pacific,"Services, value added (% of GDP)",2011,54.6077161628397
East Asia & Pacific,"Services, value added (% of GDP)",2010,54.3049681060316
East Asia & Pacific,"Services, value added (% of GDP)",2009,54.9679080168583
East Asia & Pacific,"Services, value added (% of GDP)",2008,54.4529386329427
East Asia & Pacific,"Services, value added (% of GDP)",2007,54.2356623939487
East Asia & Pacific,"Services, value added (% of GDP)",2006,53.9376740458578
East Asia & Pacific,"Services, value added (% of GDP)",2005,53.273846559347
East Asia & Pacific,"Services, value added (% of GDP)",2004,52.746941133722
East Asia & Pacific,"Services, value added (% of GDP)",2003,53.0898815399517
East Asia & Pacific,"Services, value added (% of GDP)",2002,52.6876923436283
East Asia & Pacific,"Services, value added (% of GDP)",2001,52.4417603588562
East Asia & Pacific,"Services, value added (% of GDP)",2000,51.351029105963
East Asia & Pacific,"Services, value added (% of GDP)",1999,51.4526478514446
East Asia & Pacific,"Services, value added (% of GDP)",1998,51.2836301188488
East Asia & Pacific,"Services, value added (% of GDP)",1997,49.3243847915588
East Asia & Pacific,"Services, value added (% of GDP)",1996,48.3004055468776
East Asia & Pacific,"Services, value added (% of GDP)",1995,47.3354036572398
East Asia & Pacific,"Services, value added (% of GDP)",1994,46.8657156590876
East Asia & Pacific,"Services, value added (% of GDP)",1993,46.9577516891383
East Asia & Pacific,"Services, value added (% of GDP)",1992,46.4716626725893
East Asia & Pacific,"Services, value added (% of GDP)",1991,45.5744789204251
East Asia & Pacific,"Services, value added (% of GDP)",1990,44.5790290021051
East Asia & Pacific,"Services, value added (% of GDP)",1989,43.9025509000408
East Asia & Pacific,"Services, value added (% of GDP)",1988,42.8760615722816
East Asia & Pacific,"Services, value added (% of GDP)",1987,42.8870294905878
East Asia & Pacific,"Services, value added (% of GDP)",1986,42.735921800447
East Asia & Pacific,"Services, value added (% of GDP)",1985,41.8901416431707
East Asia & Pacific,"Services, value added (% of GDP)",1984,39.7729378919045
East Asia & Pacific,"Services, value added (% of GDP)",1983,40.207614250915
East Asia & Pacific,"Services, value added (% of GDP)",1982,40.2527190797603
East Asia & Pacific,"Services, value added (% of GDP)",1981,39.0575698098873
East Asia & Pacific,"Services, value added (% of GDP)",1980,39.0524592220214
East Asia & Pacific,"Services, value added (% of GDP)",1979,36.807014217243
East Asia & Pacific,"Services, value added (% of GDP)",1978,36.6699272132647
East Asia & Pacific,"Services, value added (% of GDP)",1977,36.5986615212877
East Asia & Pacific,"Services, value added (% of GDP)",1976,36.6150464970425
East Asia & Pacific,"Services, value added (% of GDP)",1975,36.8961228800619
East Asia & Pacific,"Services, value added (% of GDP)",1974,37.4539266140382
East Asia & Pacific,"Services, value added (% of GDP)",1973,37.657262273168
East Asia & Pacific,"Services, value added (% of GDP)",1972,38.9574759043464
East Asia & Pacific,"Services, value added (% of GDP)",1971,39.0404796982494
East Asia & Pacific,"Services, value added (% of GDP)",1970,39.0726423471542
East Asia & Pacific,"Services, value added (% of GDP)",1969,39.4439914064062
East Asia & Pacific,"Services, value added (% of GDP)",1968,39.5538902720552
East Asia & Pacific,"Services, value added (% of GDP)",1967,39.9241723484443
East Asia & Pacific,"Services, value added (% of GDP)",1966,38.7806633998482
East Asia & Pacific,"Services, value added (% of GDP)",1965,37.5420080984295
East Asia & Pacific,"Services, value added (% of GDP)",1964,35.604153244182
East Asia & Pacific,"Services, value added (% of GDP)",1963,36.6727391975356
East Asia & Pacific,"Services, value added (% of GDP)",1962,39.8365597735447
East Asia & Pacific,"Services, value added (% of GDP)",1961,39.3287024878832
East Asia & Pacific,"Services, value added (% of GDP)",1960,40.3686110073037
East Asia & Pacific,"Manufacturing, value added (% of GDP)",2023,23.6639414957167
East Asia & Pacific,"Manufacturing, value added (% of GDP)",2022,24.481548026171
East Asia & Pacific,"Manufacturing, value added (% of GDP)",2021,24.4248282340048
East Asia & Pacific,"Manufacturing, value added (% of GDP)",2020,23.5061791476485
East Asia & Pacific,"Manufacturing, value added (% of GDP)",2019,23.3156105860811
East Asia & Pacific,"Manufacturing, value added (% of GDP)",2018,24.083333959055
East Asia & Pacific,"Manufacturing, value added (% of GDP)",2017,24.3960162884147
East Asia & Pacific,"Manufacturing, value added (% of GDP)",2016,24.0773583506721
East Asia & Pacific,"Manufacturing, value added (% of GDP)",2015,24.4496666046951
East Asia & Pacific,"Manufacturing, value added (% of GDP)",2014,24.9581911990919
East Asia & Pacific,"Manufacturing, value added (% of GDP)",2013,25.2147165833796
East Asia & Pacific,"Manufacturing, value added (% of GDP)",2012,25.4850358983971
East Asia & Pacific,"Manufacturing, value added (% of GDP)",2011,25.7785015504444
East Asia & Pacific,"Manufacturing, value added (% of GDP)",2010,25.4362710767324
East Asia & Pacific,"Manufacturing, value added (% of GDP)",2009,24.7875240048327
East Asia & Pacific,"Manufacturing, value added (% of GDP)",2008,25.0914345673519
East Asia & Pacific,"Manufacturing, value added (% of GDP)",2007,25.8027686258548
East Asia & Pacific,"Manufacturing, value added (% of GDP)",2006,27.072046774236
East Asia & Pacific,"Manufacturing, value added (% of GDP)",2005,27.3132209404592
East Asia & Pacific,"Manufacturing, value added (% of GDP)",2004,28.2691678257833
East Asia & Pacific,"Manufacturing, value added (% of GDP)",2003,27.1729578194184
East Asia & Pacific,"Manufacturing, value added (% of GDP)",2002,26.6263360491303
East Asia & Pacific,"Manufacturing, value added (% of GDP)",2001,26.3529170320136
East Asia & Pacific,"Manufacturing, value added (% of GDP)",2000,27.4119093936122
East Asia & Pacific,"Manufacturing, value added (% of GDP)",1999,26.9243606062129
East Asia & Pacific,"Manufacturing, value added (% of GDP)",1998,26.3074836607745
East Asia & Pacific,"Manufacturing, value added (% of GDP)",1997,25.5648942613257
East Asia & Pacific,"Manufacturing, value added (% of GDP)",1996,25.1855279406406
East Asia & Pacific,"Manufacturing, value added (% of GDP)",1995,26.004787084203
East Asia & Pacific,"Manufacturing, value added (% of GDP)",1994,25.6017976074197
East Asia & Pacific,"Manufacturing, value added (% of GDP)",1993,25.2837452200483
East Asia & Pacific,"Manufacturing, value added (% of GDP)",1992,25.1166913042505
East Asia & Pacific,"Manufacturing, value added (% of GDP)",1991,25.5048709810701
East Asia & Pacific,"Manufacturing, value added (% of GDP)",1990,24.711598973982
East Asia & Pacific,"Manufacturing, value added (% of GDP)",1989,25.9481146575933
East Asia & Pacific,"Manufacturing, value added (% of GDP)",1988,25.9585905355715
East Asia & Pacific,"Manufacturing, value added (% of GDP)",1987,24.1724169713137
East Asia & Pacific,"Manufacturing, value added (% of GDP)",1986,23.2446928329512
East Asia & Pacific,"Manufacturing, value added (% of GDP)",1985,21.0183051971805
East Asia & Pacific,"Manufacturing, value added (% of GDP)",1984,22.1558452839112
East Asia & Pacific,"Manufacturing, value added (% of GDP)",1983,21.7983733821648
East Asia & Pacific,"Manufacturing, value added (% of GDP)",1982,21.578830772818
East Asia & Pacific,"Manufacturing, value added (% of GDP)",1981,22.2372933175947
East Asia & Pacific,"Manufacturing, value added (% of GDP)",1980,21.9668939113117
East Asia & Pacific,"Manufacturing, value added (% of GDP)",1979,21.3441260910772
East Asia & Pacific,"Manufacturing, value added (% of GDP)",1978,20.6578949591131
East Asia & Pacific,"Manufacturing, value added (% of GDP)",1977,20.7495348329142
East Asia & Pacific,"Manufacturing, value added (% of GDP)",1976,20.5752281893429
East Asia & Pacific,"Manufacturing, value added (% of GDP)",1975,19.4264275814053
East Asia & Pacific,"Manufacturing, value added (% of GDP)",1974,20.0104200428767
East Asia & Pacific,"Manufacturing, value added (% of GDP)",1973,20.2385301622124
East Asia & Pacific,"Manufacturing, value added (% of GDP)",1972,18.56734237938
East Asia & Pacific,"Manufacturing, value added (% of GDP)",1971,17.1012605537769
East Asia & Pacific,"Manufacturing, value added (% of GDP)",1970,16.6499010556688
East Asia & Pacific,"Manufacturing, value added (% of GDP)",1969,15.8678119528236
East Asia & Pacific,"Manufacturing, value added (% of GDP)",1968,15.1818487089664
East Asia & Pacific,"Manufacturing, value added (% of GDP)",1967,14.8570493052646
East Asia & Pacific,"Manufacturing, value added (% of GDP)",1966,13.8699231129803
East Asia & Pacific,"Manufacturing, value added (% of GDP)",1965,13.8545565701146
East Asia & Pacific,"Manufacturing, value added (% of GDP)",1964,13.3364940518974
East Asia & Pacific,"Manufacturing, value added (% of GDP)",1963,12.2696488384731
East Asia & Pacific,"Manufacturing, value added (% of GDP)",1962,11.213713296022
East Asia & Pacific,"Manufacturing, value added (% of GDP)",1961,11.1329330883697
East Asia & Pacific,"Manufacturing, value added (% of GDP)",1960,10.9910544360508
Sub-Saharan Africa,"Services, value added (% of GDP)",2023,46.512254009267
Sub-Saharan Africa,"Services, value added (% of GDP)",2022,42.6709143664748
Sub-Saharan Africa,"Services, value added (% of GDP)",2021,45.3590661191773
Sub-Saharan Africa,"Services, value added (% of GDP)",2020,47.8973320949726
Sub-Saharan Africa,"Services, value added (% of GDP)",2019,45.3162521473929
Sub-Saharan Africa,"Services, value added (% of GDP)",2018,43.5508126426667
Sub-Saharan Africa,"Services, value added (% of GDP)",2017,43.9574724350802
Sub-Saharan Africa,"Services, value added (% of GDP)",2016,47.2058789987295
Sub-Saharan Africa,"Services, value added (% of GDP)",2015,44.2988124381619
Sub-Saharan Africa,"Services, value added (% of GDP)",2014,42.4959291277041
Sub-Saharan Africa,"Services, value added (% of GDP)",2013,41.5589270375237
Sub-Saharan Africa,"Services, value added (% of GDP)",2012,40.3188210511278
Sub-Saharan Africa,"Services, value added (% of GDP)",2011,40.5626068793802
Sub-Saharan Africa,"Services, value added (% of GDP)",2010,42.120724852489
Sub-Saharan Africa,"Services, value added (% of GDP)",2009,44.0902785058205
Sub-Saharan Africa,"Services, value added (% of GDP)",2008,43.8028111047733
Sub-Saharan Africa,"Services, value added (% of GDP)",2007,41.0098695799623
Sub-Saharan Africa,"Services, value added (% of GDP)",2006,39.2378743115272
Sub-Saharan Africa,"Services, value added (% of GDP)",2005,38.8167783655946
Sub-Saharan Africa,"Services, value added (% of GDP)",2004,38.3835492189962
Sub-Saharan Africa,"Services, value added (% of GDP)",2003,40.3986743087963
Sub-Saharan Africa,"Services, value added (% of GDP)",2002,43.932055082335
Sub-Saharan Africa,"Services, value added (% of GDP)",2001,42.9981522742084
Sub-Saharan Africa,"Services, value added (% of GDP)",2000,42.7469105242306
Sub-Saharan Africa,"Services, value added (% of GDP)",1999,43.8906304423546
Sub-Saharan Africa,"Services, value added (% of GDP)",1998,43.6831799078038
Sub-Saharan Africa,"Services, value added (% of GDP)",1997,43.9841938742815
Sub-Saharan Africa,"Services, value added (% of GDP)",1996,43.1538098786399
Sub-Saharan Africa,"Services, value added (% of GDP)",1995,46.2640168672126
Sub-Saharan Africa,"Services, value added (% of GDP)",1994,45.3614354677907
Sub-Saharan Africa,"Services, value added (% of GDP)",1993,49.0309011892656
Sub-Saharan Africa,"Services, value added (% of GDP)",1992,48.4287895369732
Sub-Saharan Africa,"Services, value added (% of GDP)",1991,47.7641072273276
Sub-Saharan Africa,"Services, value added (% of GDP)",1990,47.5925973739069
Sub-Saharan Africa,"Services, value added (% of GDP)",1989,49.0864496206831
Sub-Saharan Africa,"Services, value added (% of GDP)",1988,47.6128680531767
Sub-Saharan Africa,"Services, value added (% of GDP)",1987,48.4528020274534
Sub-Saharan Africa,"Services, value added (% of GDP)",1986,50.2560255956653
Sub-Saharan Africa,"Services, value added (% of GDP)",1985,43.2161046944243
Sub-Saharan Africa,"Services, value added (% of GDP)",1984,48.7943498692406
Sub-Saharan Africa,"Services, value added (% of GDP)",1983,47.2360480039319
Sub-Saharan Africa,"Services, value added (% of GDP)",1982,48.7849886247296
Sub-Saharan Africa,"Services, value added (% of GDP)",1981,44.0951443569554
Sub-Saharan Africa,"Services, value added (% of GDP)",1980,44.5419815531092
Sub-Saharan Africa,"Services, value added (% of GDP)",1979,47.0220135197027
Sub-Saharan Africa,"Services, value added (% of GDP)",1978,42.7755454372937
Sub-Saharan Africa,"Services, value added (% of GDP)",1977,43.9061517260783
Sub-Saharan Africa,"Services, value added (% of GDP)",1976,40.0927025179323
Sub-Saharan Africa,"Services, value added (% of GDP)",1975,40.3988572232805
Sub-Saharan Africa,"Services, value added (% of GDP)",1974,41.7064241283234
Sub-Saharan Africa,"Services, value added (% of GDP)",1973,40.5338981998758
Sub-Saharan Africa,"Services, value added (% of GDP)",1972,40.91531697807
Sub-Saharan Africa,"Services, value added (% of GDP)",1971,43.9816031152434
Sub-Saharan Africa,"Services, value added (% of GDP)",1970,43.8270380833647
Sub-Saharan Africa,"Services, value added (% of GDP)",1969,42.7655110653693
Sub-Saharan Africa,"Services, value added (% of GDP)",1968,43.3330367120645
Sub-Saharan Africa,"Services, value added (% of GDP)",1967,42.177033293903
Sub-Saharan Africa,"Services, value added (% of GDP)",1966,43.5455672370269
Sub-Saharan Africa,"Services, value added (% of GDP)",1965,44.4542993790394
Sub-Saharan Africa,"Services, value added (% of GDP)",1964,43.67841036362
Sub-Saharan Africa,"Services, value added (% of GDP)",1963,41.1326894315843
Sub-Saharan Africa,"Services, value added (% of GDP)",1962,40.1140364301266
Sub-Saharan Africa,"Services, value added (% of GDP)",1961,39.7141905967132
Sub-Saharan Africa,"Services, value added (% of GDP)",1960,38.9532929476451
Sub-Saharan Africa,"Manufacturing, value added (% of GDP)",2023,10.690704838578
Sub-Saharan Africa,"Manufacturing, value added (% of GDP)",2022,10.9313459407053
Sub-Saharan Africa,"Manufacturing, value added (% of GDP)",2021,9.8115542260696
Sub-Saharan Africa,"Manufacturing, value added (% of GDP)",2020,10.0313185254464
Sub-Saharan Africa,"Manufacturing, value added (% of GDP)",2019,10.4105983913211
Sub-Saharan Africa,"Manufacturing, value added (% of GDP)",2018,10.5252036549404
Sub-Saharan Africa,"Manufacturing, value added (% of GDP)",2017,10.2588368462682
Sub-Saharan Africa,"Manufacturing, value added (% of GDP)",2016,11.120438157279
Sub-Saharan Africa,"Manufacturing, value added (% of GDP)",2015,11.6602964471487
Sub-Saharan Africa,"Manufacturing, value added (% of GDP)",2014,10.9960425440905
Sub-Saharan Africa,"Manufacturing, value added (% of GDP)",2013,10.9090166252394
Sub-Saharan Africa,"Manufacturing, value added (% of GDP)",2012,11.0833402731294
Sub-Saharan Africa,"Manufacturing, value added (% of GDP)",2011,12.0477672867887
Sub-Saharan Africa,"Manufacturing, value added (% of GDP)",2010,12.1399885526317
Sub-Saharan Africa,"Manufacturing, value added (% of GDP)",2009,13.5479824440917
Sub-Saharan Africa,"Manufacturing, value added (% of GDP)",2008,12.0957706183263
Sub-Saharan Africa,"Manufacturing, value added (% of GDP)",2007,12.7904398588978
Sub-Saharan Africa,"Manufacturing, value added (% of GDP)",2006,12.6893553901337
Sub-Saharan Africa,"Manufacturing, value added (% of GDP)",2005,10.5360857511169
Sub-Saharan Africa,"Manufacturing, value added (% of GDP)",2004,10.0652389840384
Sub-Saharan Africa,"Manufacturing, value added (% of GDP)",2003,10.1481367154848
Sub-Saharan Africa,"Manufacturing, value added (% of GDP)",2002,9.82360946248357
Sub-Saharan Africa,"Manufacturing, value added (% of GDP)",2001,9.77993983656482
Sub-Saharan Africa,"Manufacturing, value added (% of GDP)",2000,10.3155807456118
Sub-Saharan Africa,"Manufacturing, value added (% of GDP)",1999,10.2114103738522
Sub-Saharan Africa,"Manufacturing, value added (% of GDP)",1998,10.9299604775788
Sub-Saharan Africa,"Manufacturing, value added (% of GDP)",1997,11.5682845804238
Sub-Saharan Africa,"Manufacturing, value added (% of GDP)",1996,11.8594821496574
Sub-Saharan Africa,"Manufacturing, value added (% of GDP)",1995,9.1775943283596
Sub-Saharan Africa,"Manufacturing, value added (% of GDP)",1994,9.08872601889074
Sub-Saharan Africa,"Manufacturing, value added (% of GDP)",1993,14.2273249689116
Sub-Saharan Africa,"Manufacturing, value added (% of GDP)",1992,14.4729991962581
Sub-Saharan Africa,"Manufacturing, value added (% of GDP)",1991,13.3768188365992
Sub-Saharan Africa,"Manufacturing, value added (% of GDP)",1990,14.749016035232
Sub-Saharan Africa,"Manufacturing, value added (% of GDP)",1989,14.4900336536246
Sub-Saharan Africa,"Manufacturing, value added (% of GDP)",1988,15.0670642168369
Sub-Saharan Africa,"Manufacturing, value added (% of GDP)",1987,14.9899883968532
Sub-Saharan Africa,"Manufacturing, value added (% of GDP)",1986,13.6900464841613
Sub-Saharan Africa,"Manufacturing, value added (% of GDP)",1985,13.3255873957675
Sub-Saharan Africa,"Manufacturing, value added (% of GDP)",1984,15.1112473522251
Sub-Saharan Africa,"Manufacturing, value added (% of GDP)",1983,16.0069704558497
Sub-Saharan Africa,"Manufacturing, value added (% of GDP)",1982,14.3969533238905
Sub-Saharan Africa,"Manufacturing, value added (% of GDP)",1981,14.425022880674
Sub-Saharan Africa,"Manufacturing, value added (% of GDP)",1980,14.741034714538
Sub-Saharan Africa,"Manufacturing, value added (% of GDP)",1979,15.8773815029128
Sub-Saharan Africa,"Manufacturing, value added (% of GDP)",1978,15.3584517393107
Sub-Saharan Africa,"Manufacturing, value added (% of GDP)",1977,16.4295629200186
Sub-Saharan Africa,"Manufacturing, value added (% of GDP)",1976,14.3548135434545
Sub-Saharan Africa,"Manufacturing, value added (% of GDP)",1975,15.9114052953157
Sub-Saharan Africa,"Manufacturing, value added (% of GDP)",1974,12.8343387966473
Sub-Saharan Africa,"Manufacturing, value added (% of GDP)",1973,12.2977142497324
Sub-Saharan Africa,"Manufacturing, value added (% of GDP)",1972,13.5626168224299
Sub-Saharan Africa,"Manufacturing, value added (% of GDP)",1971,12.6767719535947
Sub-Saharan Africa,"Manufacturing, value added (% of GDP)",1970,10.8546083190724
Sub-Saharan Africa,"Manufacturing, value added (% of GDP)",1969,10.9129307862148
Sub-Saharan Africa,"Manufacturing, value added (% of GDP)",1968,10.357527104196
Sub-Saharan Africa,"Manufacturing, value added (% of GDP)",1967,10.2907780554293
Sub-Saharan Africa,"Manufacturing, value added (% of GDP)",1966,10.0024032216394
Sub-Saharan Africa,"Manufacturing, value added (% of GDP)",1965,10.5218898770735
Sub-Saharan Africa,"Manufacturing, value added (% of GDP)",1964,9.57948250645035
Sub-Saharan Africa,"Manufacturing, value added (% of GDP)",1963,8.69230601867674
Sub-Saharan Africa,"Manufacturing, value added (% of GDP)",1962,8.62147231303222
Sub-Saharan Africa,"Manufacturing, value added (% of GDP)",1961,9.18609176891555
Sub-Saharan Africa,"Manufacturing, value added (% of GDP)",1960,8.70858011177271
South & Central Asia,"Manufacturing, value added (% of GDP)",2023,18.0505732354857
South & Central Asia,"Manufacturing, value added (% of GDP)",2022,19.6510544338112
South & Central Asia,"Manufacturing, value added (% of GDP)",2021,17.9651186198397
South & Central Asia,"Manufacturing, value added (% of GDP)",2020,16.2859641030582
South & Central Asia,"Manufacturing, value added (% of GDP)",2019,16.16080171774
South & Central Asia,"Manufacturing, value added (% of GDP)",2018,15.0327786142938
South & Central Asia,"Manufacturing, value added (% of GDP)",2017,14.8912960473413
South & Central Asia,"Manufacturing, value added (% of GDP)",2016,15.1622371332529
South & Central Asia,"Manufacturing, value added (% of GDP)",2015,15.5838545863713
South & Central Asia,"Manufacturing, value added (% of GDP)",2014,15.5847556165887
South & Central Asia,"Manufacturing, value added (% of GDP)",2013,15.7296956213052
South & Central Asia,"Manufacturing, value added (% of GDP)",2012,15.9142206710142
South & Central Asia,"Manufacturing, value added (% of GDP)",2011,15.9967342498947
South & Central Asia,"Manufacturing, value added (% of GDP)",2010,16.1212283592006
South & Central Asia,"Manufacturing, value added (% of GDP)",2009,16.4801860604835
South & Central Asia,"Manufacturing, value added (% of GDP)",2008,16.124366972693
South & Central Asia,"Manufacturing, value added (% of GDP)",2007,15.9340729924007
South & Central Asia,"Manufacturing, value added (% of GDP)",2006,15.3075621798679
South & Central Asia,"Manufacturing, value added (% of GDP)",2005,15.0414920674171
South & Central Asia,"Manufacturing, value added (% of GDP)",2004,15.7024342777357
South & Central Asia,"Manufacturing, value added (% of GDP)",2003,14.7931353363178
South & Central Asia,"Manufacturing, value added (% of GDP)",2002,15.0966632121531
South & Central Asia,"Manufacturing, value added (% of GDP)",2001,14.1783570229665
South & Central Asia,"Manufacturing, value added (% of GDP)",2000,15.0545149788969
South & Central Asia,"Manufacturing, value added (% of GDP)",1999,14.7476000553364
South & Central Asia,"Manufacturing, value added (% of GDP)",1998,14.8598311637206
South & Central Asia,"Manufacturing, value added (% of GDP)",1997,14.8130009704899
South & Central Asia,"Manufacturing, value added (% of GDP)",1996,14.6751583069488
South & Central Asia,"Manufacturing, value added (% of GDP)",1995,15.344322306306
South & Central Asia,"Manufacturing, value added (% of GDP)",1994,15.7060880543285
South & Central Asia,"Manufacturing, value added (% of GDP)",1993,15.4125383554188
South & Central Asia,"Manufacturing, value added (% of GDP)",1992,15.4230075492102
South & Central Asia,"Manufacturing, value added (% of GDP)",1991,15.5633940819126
South & Central Asia,"Manufacturing, value added (% of GDP)",1990,14.5124346494695
South & Central Asia,"Manufacturing, value added (% of GDP)",1989,13.8714768292635
South & Central Asia,"Manufacturing, value added (% of GDP)",1988,14.0993417934788
South & Central Asia,"Manufacturing, value added (% of GDP)",1987,14.4721255775888
South & Central Asia,"Manufacturing, value added (% of GDP)",1986,14.2232306378699
South & Central Asia,"Manufacturing, value added (% of GDP)",1985,14.3164244096773
South & Central Asia,"Manufacturing, value added (% of GDP)",1984,14.387258755318
South & Central Asia,"Manufacturing, value added (% of GDP)",1983,13.7765617324438
South & Central Asia,"Manufacturing, value added (% of GDP)",1982,13.7054358209557
South & Central Asia,"Manufacturing, value added (% of GDP)",1981,13.9820652248549
South & Central Asia,"Manufacturing, value added (% of GDP)",1980,14.4874848007493
South & Central Asia,"Manufacturing, value added (% of GDP)",1979,14.0286791678424
South & Central Asia,"Manufacturing, value added (% of GDP)",1978,13.5884174350948
South & Central Asia,"Manufacturing, value added (% of GDP)",1977,13.6155407751689
South & Central Asia,"Manufacturing, value added (% of GDP)",1976,13.6632812739713
South & Central Asia,"Manufacturing, value added (% of GDP)",1975,14.292652653733
South & Central Asia,"Manufacturing, value added (% of GDP)",1974,15.4400581144582
South & Central Asia,"Manufacturing, value added (% of GDP)",1973,14.7617495406863
South & Central Asia,"Manufacturing, value added (% of GDP)",1972,14.6873228101622
South & Central Asia,"Manufacturing, value added (% of GDP)",1971,14.9822867425754
South & Central Asia,"Manufacturing, value added (% of GDP)",1970,14.4565450929442
South & Central Asia,"Manufacturing, value added (% of GDP)",1969,14.146471583296
South & Central Asia,"Manufacturing, value added (% of GDP)",1968,13.5227880138949
South & Central Asia,"Manufacturing, value added (% of GDP)",1967,13.2318612541203
South & Central Asia,"Manufacturing, value added (% of GDP)",1966,13.765843041864
South & Central Asia,"Manufacturing, value added (% of GDP)",1965,13.3380556047459
South & Central Asia,"Manufacturing, value added (% of GDP)",1964,13.7537319454531
South & Central Asia,"Manufacturing, value added (% of GDP)",1963,13.7175766370397
South & Central Asia,"Manufacturing, value added (% of GDP)",1962,12.7503045066991
South & Central Asia,"Manufacturing, value added (% of GDP)",1961,11.6147453219803
South & Central Asia,"Manufacturing, value added (% of GDP)",1960,11.3027892909152
South & Central Asia,"Services, value added (% of GDP)",2023,50.9380070305889
South & Central Asia,"Services, value added (% of GDP)",2022,51.634688332497
South & Central Asia,"Services, value added (% of GDP)",2021,51.4193698550232
South & Central Asia,"Services, value added (% of GDP)",2020,52.5957950204335
South & Central Asia,"Services, value added (% of GDP)",2019,51.43600250197
South & Central Asia,"Services, value added (% of GDP)",2018,51.2403020948844
South & Central Asia,"Services, value added (% of GDP)",2017,51.6168414161348
South & Central Asia,"Services, value added (% of GDP)",2016,52.0602113995621
South & Central Asia,"Services, value added (% of GDP)",2015,53.2002066878063
South & Central Asia,"Services, value added (% of GDP)",2014,50.5636633837262
South & Central Asia,"Services, value added (% of GDP)",2013,50.3166351708322
South & Central Asia,"Services, value added (% of GDP)",2012,51.009492508849
South & Central Asia,"Services, value added (% of GDP)",2011,50.2651336486383
South & Central Asia,"Services, value added (% of GDP)",2010,51.8684541302268
South & Central Asia,"Services, value added (% of GDP)",2009,52.4020208597527
South & Central Asia,"Services, value added (% of GDP)",2008,51.0682225323443
South & Central Asia,"Services, value added (% of GDP)",2007,50.8304988223376
South & Central Asia,"Services, value added (% of GDP)",2006,50.9349649454475
South & Central Asia,"Services, value added (% of GDP)",2005,50.4305872498484
South & Central Asia,"Services, value added (% of GDP)",2004,50.3619773267107
South & Central Asia,"Services, value added (% of GDP)",2003,50.5854940223864
South & Central Asia,"Services, value added (% of GDP)",2002,49.6354006218508
South & Central Asia,"Services, value added (% of GDP)",2001,51.4506091545095
South & Central Asia,"Services, value added (% of GDP)",2000,50.9914842810638
South & Central Asia,"Services, value added (% of GDP)",1999,48.019453885481
South & Central Asia,"Services, value added (% of GDP)",1998,47.5644015578718
South & Central Asia,"Services, value added (% of GDP)",1997,47.7925732476269
South & Central Asia,"Services, value added (% of GDP)",1996,47.322355836316
South & Central Asia,"Services, value added (% of GDP)",1995,44.9946359781382
South & Central Asia,"Services, value added (% of GDP)",1994,45.4871418352995
South & Central Asia,"Services, value added (% of GDP)",1993,45.3535800884271
South & Central Asia,"Services, value added (% of GDP)",1992,43.7065696434056
South & Central Asia,"Services, value added (% of GDP)",1991,43.7939428910251
South & Central Asia,"Services, value added (% of GDP)",1990,45.0314620381468
South & Central Asia,"Services, value added (% of GDP)",1989,45.2849632714097
South & Central Asia,"Services, value added (% of GDP)",1988,45.2126037419259
South & Central Asia,"Services, value added (% of GDP)",1987,44.843088994665
South & Central Asia,"Services, value added (% of GDP)",1986,44.7628879514975
South & Central Asia,"Services, value added (% of GDP)",1985,44.2622956464457
South & Central Asia,"Services, value added (% of GDP)",1984,42.8360068838869
South & Central Asia,"Services, value added (% of GDP)",1983,43.971967014525
South & Central Asia,"Services, value added (% of GDP)",1982,43.8826998647707
South & Central Asia,"Services, value added (% of GDP)",1981,42.6369119686101
South & Central Asia,"Services, value added (% of GDP)",1980,41.5947327294312
South & Central Asia,"Services, value added (% of GDP)",1979,38.7506260471293
South & Central Asia,"Services, value added (% of GDP)",1978,38.1330257925494
South & Central Asia,"Services, value added (% of GDP)",1977,37.3700670325923
South & Central Asia,"Services, value added (% of GDP)",1976,36.6146741615566
South & Central Asia,"Services, value added (% of GDP)",1975,36.6919896215163
South & Central Asia,"Services, value added (% of GDP)",1974,33.1266480212915
South & Central Asia,"Services, value added (% of GDP)",1973,34.1479709684932
South & Central Asia,"Services, value added (% of GDP)",1972,36.9348255938064
South & Central Asia,"Services, value added (% of GDP)",1971,39.1264783129561
South & Central Asia,"Services, value added (% of GDP)",1970,36.8946344545002
South & Central Asia,"Services, value added (% of GDP)",1969,36.6875466261899
South & Central Asia,"Services, value added (% of GDP)",1968,37.6673621036309
South & Central Asia,"Services, value added (% of GDP)",1967,37.433813442585
South & Central Asia,"Services, value added (% of GDP)",1966,38.2321387579682
South & Central Asia,"Services, value added (% of GDP)",1965,37.4167096318335
South & Central Asia,"Services, value added (% of GDP)",1964,40.1874984388618
South & Central Asia,"Services, value added (% of GDP)",1963,40.3810216676036
South & Central Asia,"Services, value added (% of GDP)",1962,41.225244315932
South & Central Asia,"Services, value added (% of GDP)",1961,40.6231905167429
South & Central Asia,"Services, value added (% of GDP)",1960,41.1468814638576
