region,t,gvcbp,gvcfp,gvcmix,forwardness
ARG,2005,4632.94246715708,7018.97315462561,1004.05668082024,0.188530018114673
ARG,2020,7496.97406667065,9951.48363743283,1596.98981926453,0.128876445027117
AUS,1965,285.203893021148,253.073789301832,31.6903219881484,-0.0563717673207811
AUS,1985,1515.96620618247,3246.59957381417,367.402089111491,0.337357545269104
AUS,2005,15075.1112531219,30172.1841382725,4625.7195808109,0.302710251095995
AUS,2020,29377.1169802815,72628.1077979791,9426.26689193854,0.388139745501267
AUT,1965,170.030712354298,131.535797848232,27.2922925882964,-0.117056056214349
AUT,1985,3039.68920926204,1996.42878508658,694.47792994095,-0.182050948620112
AUT,2005,25030.3389914967,22244.3301008524,8525.28861730062,-0.049928512583129
AUT,2020,42220.9157611006,37329.9953364393,16688.8603537155,-0.0508201583493835
BEL,1965,1301.42992005521,771.813941213891,321.569516556627,-0.221151252847169
BEL,1985,14860.3793864562,5368.19603086469,4587.32468954895,-0.382504092727379
BEL,2005,48856.021311536,38755.2650745019,19614.5131176152,-0.094200801335036
BEL,2020,64601.8735073305,55350.7544673445,27693.0370691664,-0.0626575730295841
BGD,2005,1911.96955101249,772.415639721061,136.848354717537,-0.403920445767004
BGD,2020,8059.73152477761,2983.61206812075,571.769689166286,-0.43702711574024
BGR,2005,2897.99101759595,1529.04565796028,874.511530181864,-0.258216148662763
BGR,2020,7897.68825596768,5255.01085065523,2999.73056757048,-0.163608661892807
BLR,2005,4064.9167863219,2484.44456503537,1341.5853230176,-0.200289304503725
BLR,2020,9326.19194808259,4704.06359574232,2858.53426514351,-0.273680258006752
BRA,1965,60.6932236675132,176.903999058387,11.1433517951775,0.467196699270413
BRA,1985,1182.68414235442,2671.83078866807,211.819623636504,0.366213509069849
BRA,2005,13944.6179576437,20913.9011520508,3596.89839443733,0.181230204916076
BRA,2020,35800.2862449459,43651.1813602273,9662.13556323156,0.0880998504846111
BRN,2005,381.196955566228,1427.86734545236,121.586519264106,0.542133449969411
BRN,2020,844.22936966129,1900.41720643082,468.910599537825,0.328666265775243
CAN,1965,883.375745968144,633.492603711168,89.0246520242016,-0.155603855295404
CAN,1985,15958.458537631,6001.00976703245,1236.48727942855,-0.429275212849066
CAN,2005,92281.1422598174,43545.3199723469,13070.7866985888,-0.327311771288238
CAN,2020,104221.766472297,56131.5373489401,18556.3691284546,-0.268796137908538
CHE,2005,31904.8230977665,27801.9532371215,7847.70787905579,-0.0607342341279872
CHE,2020,67941.7342613722,55439.2109423694,17172.6133344024,-0.0889520226242429
CHL,2005,7626.2086720813,12186.92191652,2365.52980267803,0.205635199059722
CHL,2020,10174.7797713553,17355.1332414275,2561.01747132752,0.238621848994128
CHN,1965,41.1313264278322,242.992728636018,7.69326374927727,0.691738938008175
CHN,1985,1059.72001674466,1912.50928847405,145.135708159243,0.273560929846104
CHN,2005,147844.206286369,94051.5375375893,36012.4649984862,-0.193562719779709
CHN,2020,387509.26308026,405539.376965129,108506.235036141,0.0199989089773808
CIV,2005,939.238451489487,1187.46076211936,231.38623433567,0.105264340970443
CIV,2020,664.775060439099,2216.8504605684,203.08746443735,0.503150668296446
CMR,2005,324.832699169487,826.304377104176,125.667188868083,0.392755327989931
CMR,2020,532.172478702261,1646.09167654184,198.83922537673,0.468603598362918
COL,2005,2072.91871330143,3137.68809522547,441.830637091844,0.188373492350518
COL,2020,3549.73315290771,5791.80808531501,815.848125450006,0.220733384547209
CRI,2005,1365.00720636292,668.811062067936,168.071123280925,-0.316181251844695
CRI,2020,2550.25728219314,2028.63591407768,358.644638672819,-0.10564402452248
CYP,2005,1644.77593307359,993.62091318427,417.330857144662,-0.213093273711615
CYP,2020,4474.20507684598,1937.19564101287,2135.05067749332,-0.296849454641821
CZE,2005,20998.7640441448,11974.2466963547,7233.58969501878,-0.224453628260942
CZE,2020,41087.6604163216,24712.0096942562,15731.9920274716,-0.200850200923639
DEU,1965,1088.60149797069,1901.66674483288,249.801393109108,0.250940670487523
DEU,1985,18184.7252986696,20467.8153121161,5280.91635024914,0.0519670012644665
DEU,2005,149916.634523604,166183.332483216,47538.1959301546,0.0447331980456385
DEU,2020,225684.518269644,268240.729613363,83133.9904873057,0.0737466944709236
DNK,1965,415.928692252496,128.879759533058,38.2901573918659,-0.492281971182163
DNK,1985,3226.54723886088,1432.83129808338,572.672001697665,-0.342832303994351
DNK,2005,25600.1737379638,16713.6461062005,8093.93949582942,-0.176292851499804
DNK,2020,39344.1232248583,23465.9129443307,14653.913096552,-0.204975481253314
EGY,2005,2628.74780163428,5211.65236044309,683.408873463978,0.303022339899801
EGY,2020,2383.28104678846,7749.66766102855,716.512955911555,0.494622385936507
ESP,1965,121.504011494764,123.543426049198,11.8524200926474,0.00793855852313827
ESP,1985,3106.93836919913,2836.77591084419,665.321784783638,-0.0408777400675325
ESP,2005,53987.5137994176,38820.22119191,13949.4812471254,-0.142072762309856
ESP,2020,69158.0089839892,60924.6332622079,22051.541494772,-0.0541191697968412
EST,2005,1826.80972241309,1229.64159145232,680.083001094598,-0.159818719868269
EST,2020,4055.22256762731,3033.30082930457,1599.78572120195,-0.117620324556574
FIN,1965,132.627246576407,191.218581933233,31.9654172804992,0.164669711961225
FIN,1985,1659.86799147238,1780.58938976406,558.175139730432,0.0301906708502648
FIN,2005,16988.3616715123,13354.8029872303,6117.11756427784,-0.0996579966676132
FIN,2020,19766.9939653965,16614.7794849496,8263.21004750541,-0.0706062413618902
FRA,1965,846.111250444932,1323.35476128546,181.377428738577,0.203009482734982
FRA,1985,12438.1330656192,13331.9604460732,3514.70182139917,0.0305218926848372
FRA,2005,90056.1162208695,86761.6486489525,26799.9989987933,-0.0161796667899894
FRA,2020,110685.458817365,120652.725063311,36036.5328386966,0.0372782676247112
GBR,1965,1119.37456434995,1355.91936991906,194.587020006328,0.0885975103834958
GBR,1985,9747.36339056078,16414.6272620872,2888.66683109083,0.229504749600193
GBR,2005,68035.6299308101,99078.828171149,20273.0473846956,0.165663116970996
GBR,2020,73900.4679355364,137402.966694427,26073.0673237456,0.267518049327706
GRC,1965,19.3624346898402,29.1275467196938,2.65005761247688,0.190948466536183
GRC,1985,731.373122210032,543.49558827756,151.166458052019,-0.131748177097817
GRC,2005,7916.70934765967,6182.85944281515,1719.12468508998,-0.109607655494609
GRC,2020,12208.2076375387,8173.8525539075,5191.92335946019,-0.157752314010863
HKG,1965,323.253579747965,38.2084655606544,14.3271227134055,-0.758524030076897
HKG,1985,8031.56538686918,678.246563397166,465.801060356745,-0.801398098956298
HKG,2005,19371.4329038161,10983.1971762658,4971.59389199945,-0.23745067500505
HKG,2020,20764.8174432103,15608.3735098396,4954.11388592259,-0.124770873722887
HRV,2005,1981.93242397577,1231.73159985171,372.927831514185,-0.20916816141395
HRV,2020,2827.48560019995,2871.31230355168,925.615583508966,0.00661593715972096
HUN,2005,18132.118258198,7918.49621016558,5722.9271034712,-0.321450538490999
HUN,2020,33974.7345366186,15142.6371712216,12435.1108605461,-0.305951873581608
IDN,2005,14525.7068096944,21822.3636128024,4579.35535717198,0.178282818039652
IDN,2020,21026.0247911525,37488.5908867976,5528.82939675356,0.257053100070464
IND,1965,53.5644403355056,128.114992439501,6.59679917001677,0.395963692994261
IND,1985,349.680095756086,716.07823559703,57.9302717933673,0.326067327562973
IND,2005,19363.6562104419,20517.5843447864,5021.35836570919,0.0256984709588043
IND,2020,60029.3689657868,73896.8341498537,16713.2145133326,0.0920573472888922
IRL,1965,141.146549645813,42.4890609834239,13.1373401138376,-0.501377289357243
IRL,1985,2275.38956649522,790.660441841003,372.935075939518,-0.43173467993302
IRL,2005,47915.5207244984,15811.9104868412,9616.93141656343,-0.437710671787114
IRL,2020,185969.092424858,59208.7456997847,49367.227723722,-0.430359769768918
ISL,2005,1178.50612928727,715.977385751353,386.517355510042,-0.202774470412481
ISL,2020,1506.51481441116,1196.44612635473,685.137623872117,-0.0915170211671687
ISR,2005,11107.8310360398,6978.86780872186,2608.71022727694,-0.19951107093102
ISR,2020,15177.7042320663,18557.4580216652,3998.27759952347,0.0895691938700198
ITA,1965,605.131358982231,592.121535988975,89.5182813850979,-0.0101104401717294
ITA,1985,8808.99311682863,7126.96042963228,1682.72459178917,-0.0954687221139852
ITA,2005,78035.9598843798,67461.9968133816,21012.1623071006,-0.0635034263034156
ITA,2020,91964.7976842218,92607.8323729401,29567.111881875,0.00300287411806735
JOR,2005,1553.40874844384,346.979426823123,207.96647054161,-0.572213656757941
JOR,2020,2754.33383776596,859.231367763096,389.288340811835,-0.473437873272987
JPN,1965,439.276352051956,401.883701318313,34.7114818107951,-0.0426919350974384
JPN,1985,9712.52573067563,11383.5510659743,1170.41269210321,0.0750466451455099
JPN,2005,65218.7310798978,142164.279353003,24080.0068665154,0.332431285009865
JPN,2020,98430.1293354892,179117.600183237,36297.7306513722,0.257092999860558
KAZ,2005,3683.28315394498,8363.35176952314,1922.4332425603,0.335030838131328
KAZ,2020,6253.56545082623,13387.005793339,3026.69802429194,0.314702236869766
KHM,2005,1038.89366572883,398.637415083363,151.947253507418,-0.402809045471849
KHM,2020,4215.20525212549,2020.17923378065,818.100267258308,-0.311197386137408
KOR,1965,17.6600623403716,12.3186411158366,1.86059882879012,-0.167761880481021
KOR,1985,4134.53486651245,1409.73546639012,431.442006089615,-0.455979010626518
KOR,2005,81732.2426100817,53477.7591555829,28022.1542302122,-0.173093856918808
KOR,2020,139987.140274363,115425.57971524,55778.870230007,-0.07892745604658
LAO,2005,123.807374928501,124.59811552412,33.7986640263619,0.0028020161399776
LAO,2020,633.38392433411,1252.20509532369,167.989706530399,0.301337934162487
LTU,2005,2255.67456048717,1818.9990240993,681.005569853741,-0.0918219085448937
LTU,2020,6991.29584533503,6441.39221337889,3073.79037170747,-0.0333144125365144
LUX,2005,20896.813607048,5209.35316659403,6629.83949494973,-0.479211187575594
LUX,2020,45205.5781536367,11301.3346087986,19124.4121135144,-0.44828308376784
LVA,2005,1092.33652705733,1153.27024957205,388.363059547734,0.023133796628118
LVA,2020,2734.65771465998,2718.34694318736,943.491937815534,-0.00254995390502942
MAR,2005,3897.16451330501,2328.24827559496,735.539563635467,-0.225388159299582
MAR,2020,6626.60534412473,5831.42080253329,1751.26282598936,-0.0559623034707902
MEX,1965,47.2176510669277,80.7319759405581,4.76871677313254,0.252522175299514
MEX,1985,1593.26043934989,3371.82521565188,212.40931550195,0.343518397687396
MEX,2005,77766.0066314467,17217.7445588448,8844.08941649735,-0.583160178606689
MEX,2020,137252.826983902,36193.9210357969,16499.3164247728,-0.532040009587292
MLT,2005,1752.91132571488,422.159930648095,398.527330622263,-0.517078071847114
MLT,2020,6765.40938665822,1337.22116773138,1448.24960697072,-0.568344291543672
MMR,2005,350.438310331604,1093.52902920059,144.825589681403,0.467707720248223
MMR,2020,2296.32020039241,3246.89927919521,692.115820000619,0.15245035481341
MYS,2005,44658.06924969,19627.2412236871,14748.9581994071,-0.316708542336679
MYS,2020,52104.0635383931,33981.9943475538,19811.6316865446,-0.171128088478587
NGA,2005,1735.43772679852,8002.2312465067,518.770654284264,0.611010618426565
NGA,2020,1708.43448116515,12321.4739154395,815.179190413981,0.714919287074801
NLD,1965,2706.0121115428,553.627325997607,417.91077570692,-0.585276790454645
NLD,1985,17588.3045217094,8701.99670755128,5508.14241914814,-0.27945731911954
NLD,2005,57766.0416009468,53779.0178812453,18620.2751763695,-0.0306304572577633
NLD,2020,96748.5278576627,97671.6562934998,42957.4449877594,0.00388886029060827
NOR,2005,12227.7364824158,34289.1567353675,5731.5043929797,0.422241087990938
NOR,2020,14198.4906203347,30522.9882986606,6761.53264488436,0.31708513512405
NZL,2005,4753.65934727893,3257.33436207397,689.738445170909,-0.17197690477427
NZL,2020,6837.12405118229,6387.60183610928,1142.47538621381,-0.0312880850289179
PAK,2005,2011.25054201688,2646.16626262399,499.75916191453,0.123113061242156
PAK,2020,2866.84920195434,3938.73789522349,625.558498834421,0.144242725353727
PER,2005,1774.89485211118,6206.61933835476,606.973598104037,0.516007543509762
PER,2020,3935.92663979181,11223.8911509201,1228.67916220331,0.444699994884637
PHL,2005,9073.959196398,5849.23302615211,3433.05010954719,-0.175674634922814
PHL,2020,17523.1536981652,16536.5146755912,6420.04445984868,-0.0243736665482201
POL,2005,20861.5905895724,17563.8991524453,7004.74430786026,-0.0725880353930499
POL,2020,62851.9614966127,52262.0915733006,23767.2661247001,-0.0762512192764572
PRT,1965,82.4119965698433,53.183651600206,9.66712738110181,-0.201210150768083
PRT,1985,1087.31746270449,673.782166495926,223.522070074095,-0.208369835097406
PRT,2005,11027.0238189158,6707.18438610854,2750.78616142787,-0.210878233868679
PRT,2020,17692.0244702292,11217.5432373358,5173.55517845627,-0.189961502487461
ROU,2005,3293.8369071041,3657.6411523821,1014.29615664146,0.0456709210438615
ROU,2020,13464.090476377,15147.9618979829,5064.63186352302,0.0500011049101948
RUS,2005,14492.5147312615,62532.8177711072,5974.18897192089,0.578802168814032
RUS,2020,27188.0779206685,105903.457183938,11681.2561598823,0.543716665098089
SAU,2005,4574.75411748156,56563.2204993296,1940.07285859848,0.824192701939851
SAU,2020,6505.0210697737,51420.8104017673,2672.38909386498,0.741206406935898
SEN,2005,296.293051266695,271.806615108272,88.1194558436589,-0.0373144203351396
SEN,2020,514.682967703361,695.715240700838,176.730603452827,0.13050862432532
SGP,2005,50299.0769126861,22461.8455103275,21105.610920651,-0.296561835307593
SGP,2020,121949.706135137,56986.8134157023,40877.752916125,-0.295535371704302
SVK,2005,9002.15623042657,5049.8815858654,3388.07666547123,-0.226619764950167
SVK,2020,26222.615573086,10176.1622425489,8584.09736171489,-0.35672360353295
SVN,2005,4774.59327959185,2469.90296600201,1458.63567354867,-0.264811602880644
SVN,2020,6664.72429147397,5552.34037904075,2679.24387665028,-0.0746751390729568
SWE,1965,470.71368761802,499.768449834407,102.44406473779,0.0270799260536988
SWE,1985,4568.99428678833,3876.31248221512,1352.19698327396,-0.0706998253929932
SWE,2005,30738.4592330823,26934.6711812138,10010.2950514378,-0.0561996977205919
SWE,2020,36328.4026398431,37159.6200900701,12041.8326084714,0.00971844798448887
THA,2005,42576.0720292325,15440.5843339419,12319.8494350862,-0.385795219528258
THA,2020,68431.6417893625,34242.8571831334,18629.9465661353,-0.281842800191037
TUN,2005,2656.2656334172,1537.37721361478,536.689237023471,-0.236534856310377
TUN,2020,4051.55435996189,2149.80110054109,1152.65082444972,-0.258600983699462
TUR,2005,16625.0278501158,11603.4580711274,3470.128942435,-0.15841606330699
TUR,2020,30991.1832685503,25664.7442359791,8566.91833985343,-0.0816652349895891
TWN,1965,43.1530978384021,58.2005631671901,14.9846058859117,0.129342354247216
TWN,1985,6633.53119379488,1721.18024911344,573.323001590875,-0.550216397037768
TWN,2005,75124.0237569886,39909.5832324645,30694.7637638088,-0.241644371253879
TWN,2020,95976.6753304413,76427.894899487,41547.3805023463,-0.0913699564974585
UKR,2005,5153.99475846294,4598.80265881843,1944.66663187078,-0.0474626036302932
UKR,2020,9294.48195716277,9816.0049303284,3268.164692784,0.0233044860319156
USA,1965,680.632013514522,3355.70772731872,115.415747683123,0.644324002510115
USA,1985,9673.35317344852,37309.3860943442,2824.90028667169,0.554855302682549
USA,2005,111246.748030269,257788.46467687,41373.7487002621,0.357062662920592
USA,2020,141098.04130947,476057.100876946,53535.8528295427,0.499423821188333
VNM,2005,10716.51361236,4837.68234218845,2750.65438387241,-0.321162487618496
VNM,2020,106749.806354836,26525.636093801,26530.6942990008,-0.502009321379962
ZAF,2005,7993.55337128021,14526.3647016416,3387.268802247,0.25216212635664
ZAF,2020,11927.230242526,13367.7179176064,3779.39103647565,0.0495449841641944
