variable,t,value,valuetot,share,label
traditional_trade_int,2020,5752177.23042125,18021672.546458,32,traditional_trade_int(32)
traditional_trade_int,1970,74133.9238407023,179978.324195707,41,traditional_trade_int(41)
traditional_trade_fin,2020,4585280.78598983,18021672.546458,25,traditional_trade_fin(25)
traditional_trade_fin,1970,61758.2028078422,179978.324195707,34,traditional_trade_fin(34)
gvcbp,2020,3262729.12109825,18021672.546458,18,gvcbp(18)
gvcbp,1970,20117.0793747315,179978.324195707,11,gvcbp(11)
gvcfp,2020,3371880.74339137,18021672.546458,19,gvcfp(19)
gvcfp,1970,20716.1722930247,179978.324195707,12,gvcfp(12)
gvcmix,2020,1049604.66555734,18021672.546458,6,gvcmix(6)
gvcmix,1970,3252.94587940665,179978.324195707,2,gvcmix(2)
