RegionRank,share,t,variable,type
01_BEL,0.259812119078543,1970,gvcbp,gvc: backward
01_BEL,0.116949543345821,1970,gvcfp,gvc: forward
01_BEL,0.0533358824979434,1970,gvcmix,gvc: mixed
02_NLD,0.236417498490203,1970,gvcbp,gvc: backward
02_NLD,0.107406921769584,1970,gvcfp,gvc: forward
02_NLD,0.045063997996271,1970,gvcmix,gvc: mixed
03_HKG,0.341693337893482,1970,gvcbp,gvc: backward
03_HKG,0.0276117559754999,1970,gvcfp,gvc: forward
03_HKG,0.0145670232505859,1970,gvcmix,gvc: mixed
04_IRL,0.229382745419419,1970,gvcbp,gvc: backward
04_IRL,0.0688797417838347,1970,gvcfp,gvc: forward
04_IRL,0.0243853232771964,1970,gvcmix,gvc: mixed
05_SWE,0.141942028525332,1970,gvcbp,gvc: backward
05_SWE,0.130121923262732,1970,gvcfp,gvc: forward
05_SWE,0.0288868076766857,1970,gvcmix,gvc: mixed
06_FIN,0.141951379239932,1970,gvcbp,gvc: backward
06_FIN,0.129348445639834,1970,gvcfp,gvc: forward
06_FIN,0.0285908246546649,1970,gvcmix,gvc: mixed
07_DNK,0.207774748840065,1970,gvcbp,gvc: backward
07_DNK,0.0665686529926288,1970,gvcfp,gvc: forward
07_DNK,0.021902454942803,1970,gvcmix,gvc: mixed
08_TWN,0.15589779553406,1970,gvcbp,gvc: backward
08_TWN,0.110928916928538,1970,gvcfp,gvc: forward
08_TWN,0.0276450905645283,1970,gvcmix,gvc: mixed
09_AUT,0.149972007537067,1970,gvcbp,gvc: backward
09_AUT,0.107344340136826,1970,gvcfp,gvc: forward
09_AUT,0.024757371387566,1970,gvcmix,gvc: mixed
10_FRA,0.108571052839062,1970,gvcbp,gvc: backward
10_FRA,0.134329903582345,1970,gvcfp,gvc: forward
10_FRA,0.0224712957099686,1970,gvcmix,gvc: mixed
17_CHN,0.0181846470034355,1970,gvcbp,gvc: backward
17_CHN,0.190292293142153,1970,gvcfp,gvc: forward
17_CHN,0.00417180497963076,1970,gvcmix,gvc: mixed
21_USA,0.0299306579970071,1970,gvcbp,gvc: backward
21_USA,0.142325714216252,1970,gvcfp,gvc: forward
21_USA,0.00572416605945473,1970,gvcmix,gvc: mixed
23_JPN,0.0716402756429049,1970,gvcbp,gvc: backward
23_JPN,0.07873780640696,1970,gvcfp,gvc: forward
23_JPN,0.00648553798821279,1970,gvcmix,gvc: mixed
01_LUX,0.453622377011997,2020,gvcbp,gvc: backward
01_LUX,0.113404992880038,2020,gvcfp,gvc: forward
01_LUX,0.191906876014405,2020,gvcmix,gvc: mixed
02_MLT,0.468979572509515,2020,gvcbp,gvc: backward
02_MLT,0.0926964468447498,2020,gvcfp,gvc: forward
02_MLT,0.100392961127174,2020,gvcmix,gvc: mixed
03_CYP,0.341277079212158,2020,gvcbp,gvc: backward
03_CYP,0.147762665964664,2020,gvcfp,gvc: forward
03_CYP,0.162854372267287,2020,gvcmix,gvc: mixed
04_SVK,0.365137514132928,2020,gvcbp,gvc: backward
04_SVK,0.141698244185501,2020,gvcfp,gvc: forward
04_SVK,0.119529494035241,2020,gvcmix,gvc: mixed
05_HUN,0.329686648294663,2020,gvcbp,gvc: backward
05_HUN,0.146942290010873,2020,gvcfp,gvc: forward
05_HUN,0.120668787459319,2020,gvcmix,gvc: mixed
06_VNM,0.390708336763069,2020,gvcbp,gvc: backward
06_VNM,0.0970848333470713,2020,gvcfp,gvc: forward
06_VNM,0.0971033465697939,2020,gvcmix,gvc: mixed
07_SGP,0.323537073594012,2020,gvcbp,gvc: backward
07_SGP,0.151188120334896,2020,gvcfp,gvc: forward
07_SGP,0.10845018797279,2020,gvcmix,gvc: mixed
08_IRL,0.353514261653976,2020,gvcbp,gvc: backward
08_IRL,0.112551692039766,2020,gvcfp,gvc: forward
08_IRL,0.0938436534323946,2020,gvcmix,gvc: mixed
09_CZE,0.280028092344267,2020,gvcbp,gvc: backward
09_CZE,0.168421780713674,2020,gvcfp,gvc: forward
09_CZE,0.107219531888413,2020,gvcmix,gvc: mixed
10_MYS,0.264940696534337,2020,gvcbp,gvc: backward
10_MYS,0.172792919412758,2020,gvcfp,gvc: forward
10_MYS,0.100738927869746,2020,gvcmix,gvc: mixed
49_JPN,0.125577721040167,2020,gvcbp,gvc: backward
49_JPN,0.228519257071469,2020,gvcfp,gvc: forward
49_JPN,0.0463088520242923,2020,gvcmix,gvc: mixed
55_CHN,0.159775079786219,2020,gvcbp,gvc: backward
55_CHN,0.167209128876068,2020,gvcfp,gvc: forward
55_CHN,0.0447385237255888,2020,gvcmix,gvc: mixed
58_USA,0.0754294881749019,2020,gvcbp,gvc: backward
58_USA,0.254494981843278,2020,gvcfp,gvc: forward
58_USA,0.0286196884128415,2020,gvcmix,gvc: mixed
