sect_name,forward1970,forward2000
"1-Agriculture, Hunting, Forestry and Fishing",0.0558700364398489,0.399853892989033
10-Basic Metals and Fabricated Metal,0.0150990056439878,0.65887659831233
"11-Machinery, nec.",-0.0492173198365057,0.239541313976498
12-Electrical and Optical Equipment,-0.327287156858483,0.477683555868226
13-Transport Equipment,-0.679431223175591,0.133980745704248
"14-Manufacturing, nec.; Recycling",-0.707605836071655,-0.260462694596034
"15-Electricity, Gas and Water Supply",-0.0494703171283083,0.464289280987628
17-Wholesale and Retail Trade,0.900829297204181,0.912251958277624
18-Hotels and Restaurants,-0.232833026432486,0.170235069695721
19-Transport and Storage,0.511064867200667,0.710209397498235
2-Mining and Quarrying,0.625150317087829,0.716783954563814
20-Post and Telecommunications,0.913843131292739,0.855388303612719
21-Financial Intermediation,0.755071401208922,0.881032775986203
"22-Real Estate, Renting and Business Activities",0.762431790076366,0.874567749904299
23-Community Social and Personal Services,0.0852614367635098,-0.0545585159465798
"3-Food, Beverages and Tobacco",-0.500810012151583,0.0941588625465427
"4-Textiles, Textile, Leather and Footwear",0.154648661612681,0.721413010809919
"5-Pulp, Paper, Paper, Printing and Publishing",0.587510966341965,0.747045463304357
"6-Coke, Refined Petroleum and Nuclear Fuel",-0.142583954392601,-0.207619174103818
7-Chemicals and Chemical Products,0.406056200163167,0.644072939296582
8-Rubber and Plastics,0.322559695743447,0.634267397391946
9-Other Non-Metallic Mineral,-0.548069344494732,0.3290451220459
