forwardness,intensity,exp,sect_name,t
0.16499540700279,0.281094292074297,ARG,"1-Agriculture, hunting, forestry",2001
0.21371430596858,0.364794680778751,ARG,11-Chemical and chemical products,2001
-0.00161409781068963,0.253553990291169,ARG,18-Electrical equipment,2001
-0.289496109393126,0.278206671766878,ARG,"20-Motor vehicles, trailers and semi-trailers",2001
0.142807520772424,0.306784934604783,ARG,"1-Agriculture, hunting, forestry",2020
0.18736687822517,0.543987619426314,ARG,11-Chemical and chemical products,2020
-0.207761519957011,0.382009899901656,ARG,18-Electrical equipment,2020
-0.437531299132994,0.380313785410427,ARG,"20-Motor vehicles, trailers and semi-trailers",2020
-0.0949740856653806,0.260066232435039,AUS,"1-Agriculture, hunting, forestry",2001
0.063781759459013,0.523615249175053,AUS,11-Chemical and chemical products,2001
-0.246357332444139,0.38236687158012,AUS,18-Electrical equipment,2001
-0.661923492495472,0.394249401215464,AUS,"20-Motor vehicles, trailers and semi-trailers",2001
0.104495193476614,0.284973228846897,AUS,"1-Agriculture, hunting, forestry",2020
0.247793246564949,0.475062764733626,AUS,11-Chemical and chemical products,2020
-0.307365302242842,0.404898400744934,AUS,18-Electrical equipment,2020
-0.461866720402161,0.344288937014226,AUS,"20-Motor vehicles, trailers and semi-trailers",2020
-0.207361060225274,0.343241299524253,AUT,"1-Agriculture, hunting, forestry",2001
0.0666282513933013,0.557016777664154,AUT,11-Chemical and chemical products,2001
-0.0942560747983419,0.484753849157479,AUT,18-Electrical equipment,2001
-0.459855879601916,0.576984636542293,AUT,"20-Motor vehicles, trailers and semi-trailers",2001
-0.1463404760404,0.426607717093654,AUT,"1-Agriculture, hunting, forestry",2020
-0.148132921527219,0.705340027014721,AUT,11-Chemical and chemical products,2020
-0.218900207528667,0.557368381595345,AUT,18-Electrical equipment,2020
-0.46958188680582,0.629116648734002,AUT,"20-Motor vehicles, trailers and semi-trailers",2020
-0.20648073964881,0.496463687006253,BEL,"1-Agriculture, hunting, forestry",2001
-0.111977768889956,0.621511788417124,BEL,11-Chemical and chemical products,2001
-0.229082422343231,0.506521584018995,BEL,18-Electrical equipment,2001
-0.593474677935944,0.61282676088501,BEL,"20-Motor vehicles, trailers and semi-trailers",2001
-0.194937515195435,0.554793178030171,BEL,"1-Agriculture, hunting, forestry",2020
-0.0157123781867338,0.629563914251117,BEL,11-Chemical and chemical products,2020
-0.304399971960966,0.557666879331147,BEL,18-Electrical equipment,2020
-0.569235842190897,0.618418660891306,BEL,"20-Motor vehicles, trailers and semi-trailers",2020
0.658059069510045,0.193096650210199,BGD,"1-Agriculture, hunting, forestry",2001
0.0937399477014273,0.466335115161208,BGD,11-Chemical and chemical products,2001
-0.0755712048621673,0.398586094074308,BGD,18-Electrical equipment,2001
-0.10285296926044,0.322544914114688,BGD,"20-Motor vehicles, trailers and semi-trailers",2001
0.481462147627325,0.190195209728333,BGD,"1-Agriculture, hunting, forestry",2020
0.0196702194486492,0.423501169064514,BGD,11-Chemical and chemical products,2020
-0.116842081710443,0.405223563402172,BGD,18-Electrical equipment,2020
-0.19684327317885,0.293664906139695,BGD,"20-Motor vehicles, trailers and semi-trailers",2020
-0.11370716167622,0.284661680455049,BGR,"1-Agriculture, hunting, forestry",2001
-0.188596442926585,0.549875125440645,BGR,11-Chemical and chemical products,2001
-0.2152759553086,0.490299287778881,BGR,18-Electrical equipment,2001
-0.399201016827366,0.520353657841151,BGR,"20-Motor vehicles, trailers and semi-trailers",2001
-0.217833568362412,0.397905088946899,BGR,"1-Agriculture, hunting, forestry",2020
-0.242730652345555,0.642007292722298,BGR,11-Chemical and chemical products,2020
-0.347875933598369,0.64666069387538,BGR,18-Electrical equipment,2020
-0.288378941690021,0.555071503939466,BGR,"20-Motor vehicles, trailers and semi-trailers",2020
-0.0278826363126438,0.408951842453455,BLR,"1-Agriculture, hunting, forestry",2001
-0.299924436937581,0.623927837206262,BLR,11-Chemical and chemical products,2001
-0.410123937532741,0.643162242241735,BLR,18-Electrical equipment,2001
-0.560317520328182,0.528245093657141,BLR,"20-Motor vehicles, trailers and semi-trailers",2001
-0.363591626880214,0.333568887422869,BLR,"1-Agriculture, hunting, forestry",2020
-0.174112788840243,0.630121935358279,BLR,11-Chemical and chemical products,2020
-0.55784127171025,0.572086657876799,BLR,18-Electrical equipment,2020
-0.59632757759772,0.455482014752226,BLR,"20-Motor vehicles, trailers and semi-trailers",2020
0.27821581730711,0.275841651787406,BRA,"1-Agriculture, hunting, forestry",2001
0.0598308173322417,0.401768235617296,BRA,11-Chemical and chemical products,2001
-0.276776205759523,0.340768354883565,BRA,18-Electrical equipment,2001
-0.110888119322651,0.30301502122004,BRA,"20-Motor vehicles, trailers and semi-trailers",2001
-0.0810330570323775,0.30078157074835,BRA,"1-Agriculture, hunting, forestry",2020
-0.0206502566013061,0.484002000495779,BRA,11-Chemical and chemical products,2020
-0.402006446786143,0.404390552572961,BRA,18-Electrical equipment,2020
-0.246387448045503,0.370962472736866,BRA,"20-Motor vehicles, trailers and semi-trailers",2020
-0.877519184697051,0.297530683334557,BRN,"1-Agriculture, hunting, forestry",2001
-0.534017171332294,0.454788270728656,BRN,"1-Agriculture, hunting, forestry",2020
0.110282971352634,0.482342935031644,BRN,11-Chemical and chemical products,2020
0.413080299495417,0.423185147894708,BRN,18-Electrical equipment,2020
-0.396520461027803,0.317274374445193,CAN,"1-Agriculture, hunting, forestry",2001
-0.38913775406834,0.449218475217099,CAN,11-Chemical and chemical products,2001
-0.588666038496504,0.462923151095188,CAN,18-Electrical equipment,2001
-0.785107815876135,0.478202727706801,CAN,"20-Motor vehicles, trailers and semi-trailers",2001
-0.422267543845814,0.371887529340779,CAN,"1-Agriculture, hunting, forestry",2020
-0.231421893615995,0.469173126812867,CAN,11-Chemical and chemical products,2020
-0.576089314767545,0.457369210167381,CAN,18-Electrical equipment,2020
-0.821462109016105,0.588263876495858,CAN,"20-Motor vehicles, trailers and semi-trailers",2020
-0.0564582989751024,0.371976625693046,CHE,"1-Agriculture, hunting, forestry",2001
-0.0477236191125963,0.562539955091965,CHE,11-Chemical and chemical products,2001
-0.196665832747564,0.511250815821337,CHE,18-Electrical equipment,2001
-0.382462008667237,0.500527840250932,CHE,"20-Motor vehicles, trailers and semi-trailers",2001
-0.159926919985059,0.350401749803579,CHE,"1-Agriculture, hunting, forestry",2020
0.24218038158842,0.577636223684777,CHE,11-Chemical and chemical products,2020
-0.249507818487787,0.511747112578094,CHE,18-Electrical equipment,2020
-0.200825994743062,0.442276126886726,CHE,"20-Motor vehicles, trailers and semi-trailers",2020
-0.121294370799377,0.304028368464678,CHL,"1-Agriculture, hunting, forestry",2001
-0.0169452589589754,0.42150570957458,CHL,11-Chemical and chemical products,2001
-0.436408105570629,0.307034994015766,CHL,18-Electrical equipment,2001
0.0361466167846822,0.46983645645619,CHL,"20-Motor vehicles, trailers and semi-trailers",2001
-0.0824092101002583,0.289930442049507,CHL,"1-Agriculture, hunting, forestry",2020
0.361767115087718,0.417285917952245,CHL,11-Chemical and chemical products,2020
-0.449358541014005,0.447757849383366,CHL,18-Electrical equipment,2020
0.261796878207761,0.166276744200955,CHN,"1-Agriculture, hunting, forestry",2001
0.238349037184621,0.442012940856047,CHN,11-Chemical and chemical products,2001
-0.121446806507216,0.350448836868372,CHN,18-Electrical equipment,2001
-0.104111176186446,0.281163966832589,CHN,"20-Motor vehicles, trailers and semi-trailers",2001
0.169050098083118,0.255552360695166,CHN,"1-Agriculture, hunting, forestry",2020
0.290714062533711,0.502555878955204,CHN,11-Chemical and chemical products,2020
-0.0441947181152835,0.397063307289827,CHN,18-Electrical equipment,2020
-0.0402231103878305,0.313783334167879,CHN,"20-Motor vehicles, trailers and semi-trailers",2020
0.441964728537695,0.260937437447207,CIV,"1-Agriculture, hunting, forestry",2001
-0.242714887032935,0.513495403316457,CIV,11-Chemical and chemical products,2001
-0.300886621957701,0.523785284464362,CIV,18-Electrical equipment,2001
-0.528166392086933,0.40801680925995,CIV,"20-Motor vehicles, trailers and semi-trailers",2001
0.722703261038021,0.270395170471356,CIV,"1-Agriculture, hunting, forestry",2020
-0.285359841580794,0.406763013007163,CIV,11-Chemical and chemical products,2020
-0.409788063919661,0.350480292355581,CIV,18-Electrical equipment,2020
-0.134917604310188,0.34961930027338,CIV,"20-Motor vehicles, trailers and semi-trailers",2020
0.575275666541749,0.285839864109607,CMR,"1-Agriculture, hunting, forestry",2001
-0.373766368582078,0.626137748945478,CMR,11-Chemical and chemical products,2001
-0.37856631740516,0.490559452242028,CMR,18-Electrical equipment,2001
-0.435291850007251,0.403735113083079,CMR,"20-Motor vehicles, trailers and semi-trailers",2001
0.749733287124217,0.366819964355038,CMR,"1-Agriculture, hunting, forestry",2020
0.0396163199642128,0.445982183865126,CMR,11-Chemical and chemical products,2020
-0.073739409909401,0.344074703274448,CMR,18-Electrical equipment,2020
-0.412795687288419,0.355541145681621,CMR,"20-Motor vehicles, trailers and semi-trailers",2020
0.11215728225153,0.230279610195742,COL,"1-Agriculture, hunting, forestry",2001
-0.0852182358162951,0.410536148176315,COL,11-Chemical and chemical products,2001
-0.114978047687026,0.343152282382018,COL,18-Electrical equipment,2001
-0.585469712545156,0.397850547654364,COL,"20-Motor vehicles, trailers and semi-trailers",2001
0.257010756149677,0.229956735611103,COL,"1-Agriculture, hunting, forestry",2020
0.0939346385723217,0.486868702232279,COL,11-Chemical and chemical products,2020
-0.500775835518244,0.286080910625101,COL,18-Electrical equipment,2020
-0.409261506532632,0.508209865811166,COL,"20-Motor vehicles, trailers and semi-trailers",2020
-0.0792472407946906,0.283574620352077,CRI,"1-Agriculture, hunting, forestry",2001
-0.390278089984954,0.491199574765273,CRI,11-Chemical and chemical products,2001
-0.424806156704152,0.465718803043239,CRI,18-Electrical equipment,2001
-0.52427674218715,0.263950713596132,CRI,"20-Motor vehicles, trailers and semi-trailers",2001
-0.00598954065349208,0.315672319178133,CRI,"1-Agriculture, hunting, forestry",2020
-0.131480810800507,0.498858928769376,CRI,11-Chemical and chemical products,2020
-0.370144961552709,0.479158439185766,CRI,18-Electrical equipment,2020
-0.407210029206251,0.324707197946716,CRI,"20-Motor vehicles, trailers and semi-trailers",2020
-0.269830250213855,0.333690227113288,CYP,"1-Agriculture, hunting, forestry",2001
-0.336403345470591,0.574022271066176,CYP,11-Chemical and chemical products,2001
-0.58310843482354,0.547114463840231,CYP,18-Electrical equipment,2001
-0.569763068240611,0.475632137869216,CYP,"20-Motor vehicles, trailers and semi-trailers",2001
-0.248202221481685,0.376529905772987,CYP,"1-Agriculture, hunting, forestry",2020
0.0459035027743834,0.532757043797233,CYP,11-Chemical and chemical products,2020
-0.500915430600496,0.571292508144241,CYP,18-Electrical equipment,2020
-0.47879928385569,0.496772294061015,CYP,"20-Motor vehicles, trailers and semi-trailers",2020
-0.11106263751759,0.400056446414209,CZE,"1-Agriculture, hunting, forestry",2001
-0.179024096719858,0.650470275658706,CZE,11-Chemical and chemical products,2001
-0.181712049212323,0.555529924841563,CZE,18-Electrical equipment,2001
-0.407371142193151,0.569851111088017,CZE,"20-Motor vehicles, trailers and semi-trailers",2001
-0.111886560151935,0.467408681051627,CZE,"1-Agriculture, hunting, forestry",2020
-0.180236123992464,0.729649400608568,CZE,11-Chemical and chemical products,2020
-0.361705994861652,0.635973306178793,CZE,18-Electrical equipment,2020
-0.389438914181936,0.639090302383599,CZE,"20-Motor vehicles, trailers and semi-trailers",2020
0.210951050366326,0.35692660828843,DEU,"1-Agriculture, hunting, forestry",2001
0.197670033704448,0.504668231598712,DEU,11-Chemical and chemical products,2001
-0.00159317420218076,0.410500003642891,DEU,18-Electrical equipment,2001
-0.290746669287624,0.371838286541315,DEU,"20-Motor vehicles, trailers and semi-trailers",2001
0.124158057883468,0.436244876193824,DEU,"1-Agriculture, hunting, forestry",2020
0.101946299161437,0.567933868709799,DEU,11-Chemical and chemical products,2020
-0.0353956721296612,0.457695281016913,DEU,18-Electrical equipment,2020
-0.19311973242418,0.420561332547982,DEU,"20-Motor vehicles, trailers and semi-trailers",2020
-0.105257564522269,0.318558690525411,DNK,"1-Agriculture, hunting, forestry",2001
0.0489053418299266,0.539252733553129,DNK,11-Chemical and chemical products,2001
-0.195459251360936,0.445795851449278,DNK,18-Electrical equipment,2001
-0.28130882806974,0.476068718317238,DNK,"20-Motor vehicles, trailers and semi-trailers",2001
-0.158038889783479,0.418015036395079,DNK,"1-Agriculture, hunting, forestry",2020
-0.0336161949735307,0.505867319219994,DNK,11-Chemical and chemical products,2020
-0.254418140031284,0.459044817923526,DNK,18-Electrical equipment,2020
-0.202112696073685,0.451234772542912,DNK,"20-Motor vehicles, trailers and semi-trailers",2020
0.309982441233315,0.220546102701252,EGY,"1-Agriculture, hunting, forestry",2001
0.412576287686719,0.349985291731765,EGY,11-Chemical and chemical products,2001
-0.467787953513452,0.404397835720229,EGY,18-Electrical equipment,2001
-0.565966530078822,0.383523027003588,EGY,"20-Motor vehicles, trailers and semi-trailers",2001
0.47216731460238,0.220275119383505,EGY,"1-Agriculture, hunting, forestry",2020
0.431531191565598,0.417177279425433,EGY,11-Chemical and chemical products,2020
-0.147567615688926,0.410401108113504,EGY,18-Electrical equipment,2020
-6.39759045397814e-05,0.442504729624187,EGY,"20-Motor vehicles, trailers and semi-trailers",2020
0.0587216113880465,0.299054356312807,ESP,"1-Agriculture, hunting, forestry",2001
-0.00601578534120941,0.547748911638994,ESP,11-Chemical and chemical products,2001
-0.199863618559197,0.493320158764394,ESP,18-Electrical equipment,2001
-0.496318264247697,0.515029154270173,ESP,"20-Motor vehicles, trailers and semi-trailers",2001
0.017171927900693,0.366916557302189,ESP,"1-Agriculture, hunting, forestry",2020
-0.0180219184073824,0.598253124236211,ESP,11-Chemical and chemical products,2020
-0.294220044545311,0.535651652909108,ESP,18-Electrical equipment,2020
-0.447005550676057,0.568622429311015,ESP,"20-Motor vehicles, trailers and semi-trailers",2020
0.245504951898143,0.648194747792006,EST,"1-Agriculture, hunting, forestry",2001
-0.064545905002545,0.585430757080593,EST,11-Chemical and chemical products,2001
-0.283319851274438,0.679381973503779,EST,18-Electrical equipment,2001
-0.567867545915883,0.487970420842461,EST,"20-Motor vehicles, trailers and semi-trailers",2001
0.0179247991681139,0.560474070851598,EST,"1-Agriculture, hunting, forestry",2020
-0.11070826059716,0.689045188777954,EST,11-Chemical and chemical products,2020
-0.380288103902807,0.618606976303719,EST,18-Electrical equipment,2020
-0.438752496079973,0.580872567273303,EST,"20-Motor vehicles, trailers and semi-trailers",2020
0.0116571197101531,0.297412922097232,FIN,"1-Agriculture, hunting, forestry",2001
0.0737323221500797,0.554379546060298,FIN,11-Chemical and chemical products,2001
-0.246565756398769,0.488026212134774,FIN,18-Electrical equipment,2001
-0.382389382780311,0.39665081779352,FIN,"20-Motor vehicles, trailers and semi-trailers",2001
0.429858815331968,0.513818199267178,FIN,"1-Agriculture, hunting, forestry",2020
-0.090556519948391,0.632947808683459,FIN,11-Chemical and chemical products,2020
-0.318410461497665,0.528398149311669,FIN,18-Electrical equipment,2020
-0.34492533592151,0.508500762573966,FIN,"20-Motor vehicles, trailers and semi-trailers",2020
-0.0396857237685316,0.367466682345783,FRA,"1-Agriculture, hunting, forestry",2001
0.0600727187973625,0.540727787502485,FRA,11-Chemical and chemical products,2001
-0.125988246414679,0.447405937245514,FRA,18-Electrical equipment,2001
-0.344365622691557,0.46492717100298,FRA,"20-Motor vehicles, trailers and semi-trailers",2001
-0.0242957347714812,0.42032865229915,FRA,"1-Agriculture, hunting, forestry",2020
0.0911646546814214,0.578463442202494,FRA,11-Chemical and chemical products,2020
-0.214005017096303,0.506524134235289,FRA,18-Electrical equipment,2020
-0.291374473104569,0.563811874814695,FRA,"20-Motor vehicles, trailers and semi-trailers",2020
0.0801266651456654,0.390202671810195,GBR,"1-Agriculture, hunting, forestry",2001
0.132409498810605,0.503399035327549,GBR,11-Chemical and chemical products,2001
-0.102462578061498,0.42696938988275,GBR,18-Electrical equipment,2001
-0.343604919374187,0.443628304635422,GBR,"20-Motor vehicles, trailers and semi-trailers",2001
0.262655649617252,0.546339338459752,GBR,"1-Agriculture, hunting, forestry",2020
0.170908478937019,0.551813882776939,GBR,11-Chemical and chemical products,2020
-0.119902156644957,0.4364897600845,GBR,18-Electrical equipment,2020
-0.40621632263725,0.459700177915393,GBR,"20-Motor vehicles, trailers and semi-trailers",2020
0.0239389482414601,0.25885010093554,GRC,"1-Agriculture, hunting, forestry",2001
0.00658414026465847,0.560311368713261,GRC,11-Chemical and chemical products,2001
-0.213045267257335,0.427328177610375,GRC,18-Electrical equipment,2001
-0.402308284178602,0.373346508328836,GRC,"20-Motor vehicles, trailers and semi-trailers",2001
-0.0966937275812218,0.351461960508261,GRC,"1-Agriculture, hunting, forestry",2020
0.0654041782521569,0.577865179310081,GRC,11-Chemical and chemical products,2020
-0.375362714217522,0.545858486705757,GRC,18-Electrical equipment,2020
-0.246148061657752,0.412271898944618,GRC,"20-Motor vehicles, trailers and semi-trailers",2020
-0.180984468488553,0.387833097002514,HKG,"1-Agriculture, hunting, forestry",2001
-0.180554209372982,0.656083623032106,HKG,11-Chemical and chemical products,2001
-0.387060701647093,0.565902092339545,HKG,18-Electrical equipment,2001
-0.385104080938046,0.504707718119561,HKG,"20-Motor vehicles, trailers and semi-trailers",2001
-0.00162113915377663,0.354652926509076,HKG,"1-Agriculture, hunting, forestry",2020
-0.292480552306856,0.668669638603189,HKG,11-Chemical and chemical products,2020
-0.713310460451967,0.777123860093073,HKG,18-Electrical equipment,2020
-0.627497682427926,0.570794138347591,HKG,"20-Motor vehicles, trailers and semi-trailers",2020
-0.215475775876839,0.317135323000779,HRV,"1-Agriculture, hunting, forestry",2001
0.0674038820560408,0.510030610568699,HRV,11-Chemical and chemical products,2001
-0.206977078485714,0.525166185547161,HRV,18-Electrical equipment,2001
-0.347512166007767,0.548882646803186,HRV,"20-Motor vehicles, trailers and semi-trailers",2001
-0.0138203999686847,0.457856071882955,HRV,"1-Agriculture, hunting, forestry",2020
-0.0279076915967779,0.613103286260532,HRV,11-Chemical and chemical products,2020
-0.190603529189259,0.553296059240788,HRV,18-Electrical equipment,2020
-0.0104105799589042,0.466981260903168,HRV,"20-Motor vehicles, trailers and semi-trailers",2020
-0.220701260262328,0.404451617213279,HUN,"1-Agriculture, hunting, forestry",2001
-0.143574451791083,0.573557389683962,HUN,11-Chemical and chemical products,2001
-0.563490857939364,0.723831583424948,HUN,18-Electrical equipment,2001
-0.523326475863908,0.686279165924075,HUN,"20-Motor vehicles, trailers and semi-trailers",2001
-0.270196007221222,0.437507370490073,HUN,"1-Agriculture, hunting, forestry",2020
-0.132095931232906,0.681251128657943,HUN,11-Chemical and chemical products,2020
-0.451908331985832,0.683042859354159,HUN,18-Electrical equipment,2020
-0.536312726722784,0.759256765851499,HUN,"20-Motor vehicles, trailers and semi-trailers",2020
0.523430645080667,0.183630722448652,IDN,"1-Agriculture, hunting, forestry",2001
0.215795156000264,0.502720603992136,IDN,11-Chemical and chemical products,2001
-0.319091061117342,0.506472961650254,IDN,18-Electrical equipment,2001
0.252140680393509,0.247313693133203,IDN,"20-Motor vehicles, trailers and semi-trailers",2001
0.62459774973062,0.181864292027492,IDN,"1-Agriculture, hunting, forestry",2020
0.331266222205111,0.4777058207375,IDN,11-Chemical and chemical products,2020
0.177374738766894,0.380964132436332,IDN,18-Electrical equipment,2020
0.257314572010449,0.277630532509918,IDN,"20-Motor vehicles, trailers and semi-trailers",2020
0.566480951067794,0.190872954911859,IND,"1-Agriculture, hunting, forestry",2001
0.186351759422739,0.461025588506625,IND,11-Chemical and chemical products,2001
-0.156454110294949,0.35452421941401,IND,18-Electrical equipment,2001
-0.377479774615875,0.340396938418613,IND,"20-Motor vehicles, trailers and semi-trailers",2001
0.667495088662935,0.212454172856253,IND,"1-Agriculture, hunting, forestry",2020
0.11055448231533,0.485783741658214,IND,11-Chemical and chemical products,2020
-0.193827048227642,0.404880406109805,IND,18-Electrical equipment,2020
-0.114839271655724,0.411068967280933,IND,"20-Motor vehicles, trailers and semi-trailers",2020
-0.428124442134733,0.331333112701268,IRL,"1-Agriculture, hunting, forestry",2001
-0.0186978027045393,0.487032070440867,IRL,11-Chemical and chemical products,2001
-0.37351570875234,0.545754577136836,IRL,18-Electrical equipment,2001
-0.503070626691522,0.485176426150843,IRL,"20-Motor vehicles, trailers and semi-trailers",2001
-0.660292264592954,0.480673535213063,IRL,"1-Agriculture, hunting, forestry",2020
-0.0599457930647811,0.468071029834565,IRL,11-Chemical and chemical products,2020
-0.207971012292114,0.476452919967508,IRL,18-Electrical equipment,2020
-0.433868505577521,0.516795694301883,IRL,"20-Motor vehicles, trailers and semi-trailers",2020
-0.119499830546896,0.35624004590929,ISL,"1-Agriculture, hunting, forestry",2001
0.129105607507658,0.560102258826542,ISL,11-Chemical and chemical products,2001
-0.219660757872382,0.476474699711454,ISL,18-Electrical equipment,2001
-0.0193299390605387,0.442906438351751,ISL,"20-Motor vehicles, trailers and semi-trailers",2001
-0.274484011719933,0.364212580831855,ISL,"1-Agriculture, hunting, forestry",2020
0.111536095235943,0.532602726485146,ISL,11-Chemical and chemical products,2020
-0.497235881742811,0.527412593127853,ISL,18-Electrical equipment,2020
-0.446235605148703,0.385942050680842,ISL,"20-Motor vehicles, trailers and semi-trailers",2020
0.049397996332765,0.349703326890793,ISR,"1-Agriculture, hunting, forestry",2001
-0.0821807891981815,0.52743358425299,ISR,11-Chemical and chemical products,2001
-0.301668163364294,0.438773850127903,ISR,18-Electrical equipment,2001
-0.481387419408262,0.378625845606801,ISR,"20-Motor vehicles, trailers and semi-trailers",2001
-0.0073206551839145,0.307991136519151,ISR,"1-Agriculture, hunting, forestry",2020
0.033557560686201,0.537803664526568,ISR,11-Chemical and chemical products,2020
-0.372202245460856,0.484153743061506,ISR,18-Electrical equipment,2020
-0.149832649941709,0.46416105109851,ISR,"20-Motor vehicles, trailers and semi-trailers",2020
0.0823104376903661,0.270058951348325,ITA,"1-Agriculture, hunting, forestry",2001
-0.022739194738041,0.552311901131403,ITA,11-Chemical and chemical products,2001
-0.117727653246675,0.441103604649843,ITA,18-Electrical equipment,2001
-0.261106042700689,0.423877068478556,ITA,"20-Motor vehicles, trailers and semi-trailers",2001
0.107882135979723,0.34556782912803,ITA,"1-Agriculture, hunting, forestry",2020
-0.0310594366253967,0.608249249903024,ITA,11-Chemical and chemical products,2020
-0.194424403554721,0.48401414242751,ITA,18-Electrical equipment,2020
-0.283757772179263,0.467473598626267,ITA,"20-Motor vehicles, trailers and semi-trailers",2020
-0.576956124950078,0.328490369846911,JOR,"1-Agriculture, hunting, forestry",2001
-0.232217899030274,0.54994078992692,JOR,11-Chemical and chemical products,2001
-0.588554742809276,0.531349875000857,JOR,18-Electrical equipment,2001
-0.785338733503122,0.466959570084719,JOR,"20-Motor vehicles, trailers and semi-trailers",2001
-0.394110139035422,0.341539380470435,JOR,"1-Agriculture, hunting, forestry",2020
-0.174901404272523,0.563484572958709,JOR,11-Chemical and chemical products,2020
-0.534967099677275,0.52326983096478,JOR,18-Electrical equipment,2020
-0.661836393877106,0.48167134531881,JOR,"20-Motor vehicles, trailers and semi-trailers",2020
0.445801292653968,0.323350353157529,JPN,"1-Agriculture, hunting, forestry",2001
0.45893198565639,0.494809981556661,JPN,11-Chemical and chemical products,2001
0.307058417616119,0.326096662879687,JPN,18-Electrical equipment,2001
-0.0171664798432664,0.205664990019235,JPN,"20-Motor vehicles, trailers and semi-trailers",2001
-0.0444249134710956,0.366653440262797,JPN,"1-Agriculture, hunting, forestry",2020
0.279600600762617,0.539155118874746,JPN,11-Chemical and chemical products,2020
0.055945046078455,0.385054004402533,JPN,18-Electrical equipment,2020
-0.297010350923227,0.301542091693862,JPN,"20-Motor vehicles, trailers and semi-trailers",2020
-0.49610868779421,0.313431840568794,KAZ,"1-Agriculture, hunting, forestry",2001
0.118030434016234,0.54677475027042,KAZ,11-Chemical and chemical products,2001
-0.270349162309464,0.418895782229227,KAZ,18-Electrical equipment,2001
-0.664660787730237,0.395087385713131,KAZ,"20-Motor vehicles, trailers and semi-trailers",2001
-0.363073932240118,0.417405529471673,KAZ,"1-Agriculture, hunting, forestry",2020
0.247302472462065,0.456663462939086,KAZ,11-Chemical and chemical products,2020
-0.135193405060146,0.320017293619925,KAZ,18-Electrical equipment,2020
-0.499303471278176,0.342086620466702,KAZ,"20-Motor vehicles, trailers and semi-trailers",2020
0.551798979200866,0.297174740760952,KHM,"1-Agriculture, hunting, forestry",2001
-0.308464647844245,0.541567231428842,KHM,11-Chemical and chemical products,2001
-0.5485920612081,0.594689100400498,KHM,"20-Motor vehicles, trailers and semi-trailers",2001
0.552290232215456,0.415286280848659,KHM,"1-Agriculture, hunting, forestry",2020
-0.190560585212825,0.509588113709049,KHM,11-Chemical and chemical products,2020
-0.201950683541818,0.493992157495826,KHM,"20-Motor vehicles, trailers and semi-trailers",2020
-0.0808966076285172,0.206242691686776,KOR,"1-Agriculture, hunting, forestry",2001
-0.0870945659712018,0.558666736816966,KOR,11-Chemical and chemical products,2001
-0.266380547977778,0.431140478481881,KOR,18-Electrical equipment,2001
-0.470486256291573,0.334357215689693,KOR,"20-Motor vehicles, trailers and semi-trailers",2001
-0.282088683276558,0.306577894852793,KOR,"1-Agriculture, hunting, forestry",2020
-0.0976455988457095,0.587593227683875,KOR,11-Chemical and chemical products,2020
-0.17128023837415,0.481152740155377,KOR,18-Electrical equipment,2020
-0.360035891925663,0.411461178107547,KOR,"20-Motor vehicles, trailers and semi-trailers",2020
0.545615311624655,0.422014032784571,LAO,"1-Agriculture, hunting, forestry",2001
0.0405078172607504,0.44171716940111,LAO,11-Chemical and chemical products,2001
-0.603045046210919,0.778939005588861,LAO,18-Electrical equipment,2001
-1,0.630342855751522,LAO,"20-Motor vehicles, trailers and semi-trailers",2001
0.452306023967935,0.280668128578544,LAO,"1-Agriculture, hunting, forestry",2020
0.374401414324497,0.530395877494258,LAO,11-Chemical and chemical products,2020
-0.514966998144595,0.739458090116184,LAO,18-Electrical equipment,2020
-0.55857175327428,0.714067465415412,LAO,"20-Motor vehicles, trailers and semi-trailers",2020
-0.119532452696834,0.380504844675517,LTU,"1-Agriculture, hunting, forestry",2001
-0.0494181526198332,0.567592378263761,LTU,11-Chemical and chemical products,2001
-0.25004168067405,0.527161804523867,LTU,18-Electrical equipment,2001
-0.348331726344221,0.414450278434418,LTU,"20-Motor vehicles, trailers and semi-trailers",2001
-0.192458194302564,0.426326704156274,LTU,"1-Agriculture, hunting, forestry",2020
-0.101306563089247,0.648530944645517,LTU,11-Chemical and chemical products,2020
-0.386217776328221,0.604108907668838,LTU,18-Electrical equipment,2020
-0.33764237589836,0.523434437885036,LTU,"20-Motor vehicles, trailers and semi-trailers",2020
-0.341037520005738,0.476649637053015,LUX,"1-Agriculture, hunting, forestry",2001
-0.255959801556649,0.760353640161206,LUX,11-Chemical and chemical products,2001
-0.21076519255349,0.551556548974337,LUX,18-Electrical equipment,2001
-0.389084393124309,0.567030345564282,LUX,"20-Motor vehicles, trailers and semi-trailers",2001
-0.414264565112158,0.715582285663006,LUX,"1-Agriculture, hunting, forestry",2020
-0.344636794671224,0.824140600096626,LUX,11-Chemical and chemical products,2020
-0.483166609718087,0.710031126139488,LUX,18-Electrical equipment,2020
-0.609756558765479,0.655955137075236,LUX,"20-Motor vehicles, trailers and semi-trailers",2020
0.304697193690741,0.569654787357006,LVA,"1-Agriculture, hunting, forestry",2001
0.0712789215881796,0.501502503913065,LVA,11-Chemical and chemical products,2001
-0.276352226783359,0.534716435498985,LVA,18-Electrical equipment,2001
-0.531200095395448,0.447462101603211,LVA,"20-Motor vehicles, trailers and semi-trailers",2001
-0.20648445769877,0.4209540071877,LVA,"1-Agriculture, hunting, forestry",2020
0.0189084259056448,0.716542924234742,LVA,11-Chemical and chemical products,2020
-0.367300164177652,0.550012042266562,LVA,18-Electrical equipment,2020
-0.422466447021747,0.597938641905516,LVA,"20-Motor vehicles, trailers and semi-trailers",2020
0.301568519670034,0.28511476687233,MAR,"1-Agriculture, hunting, forestry",2001
0.0854262896716814,0.455179972258843,MAR,11-Chemical and chemical products,2001
-0.134266928061412,0.500428825355994,MAR,18-Electrical equipment,2001
-0.423998955584118,0.459868259434253,MAR,"20-Motor vehicles, trailers and semi-trailers",2001
0.339567002153666,0.301002114539841,MAR,"1-Agriculture, hunting, forestry",2020
0.128292725444833,0.460661352914832,MAR,11-Chemical and chemical products,2020
-0.356390999718395,0.555115091512575,MAR,18-Electrical equipment,2020
-0.478824706349407,0.629361330083091,MAR,"20-Motor vehicles, trailers and semi-trailers",2020
-0.0180871855679424,0.212579798940897,MEX,"1-Agriculture, hunting, forestry",2001
-0.162713640953146,0.446342217111997,MEX,11-Chemical and chemical products,2001
-0.721535510980197,0.512734511221967,MEX,18-Electrical equipment,2001
-0.787969827938808,0.573603880462257,MEX,"20-Motor vehicles, trailers and semi-trailers",2001
-0.0964114547748182,0.25874136881714,MEX,"1-Agriculture, hunting, forestry",2020
-0.385112042129462,0.583009714743867,MEX,11-Chemical and chemical products,2020
-0.723551892805034,0.486380183845106,MEX,18-Electrical equipment,2020
-0.744923255510511,0.513506166991535,MEX,"20-Motor vehicles, trailers and semi-trailers",2020
-0.112899311117251,0.433647152667659,MLT,"1-Agriculture, hunting, forestry",2001
-0.317283810049873,0.664094286620938,MLT,11-Chemical and chemical products,2001
-0.399713098285078,0.617775259366027,MLT,18-Electrical equipment,2001
-0.616889202617608,0.496302885764412,MLT,"20-Motor vehicles, trailers and semi-trailers",2001
-0.535221348719439,0.48287801860706,MLT,"1-Agriculture, hunting, forestry",2020
-0.162599151885565,0.646751361439181,MLT,11-Chemical and chemical products,2020
-0.543548880897568,0.735851979095343,MLT,18-Electrical equipment,2020
-0.134177242054575,0.58610154022768,MLT,"20-Motor vehicles, trailers and semi-trailers",2020
0.528705724765618,0.217779416937777,MMR,"1-Agriculture, hunting, forestry",2001
0.108700607287251,0.580976557890002,MMR,11-Chemical and chemical products,2001
-0.0270028086276501,0.578648685215007,MMR,18-Electrical equipment,2001
-0.256637570325087,0.513267203189572,MMR,"20-Motor vehicles, trailers and semi-trailers",2001
0.534047663974819,0.232649022435469,MMR,"1-Agriculture, hunting, forestry",2020
0.0541210194466047,0.409311945163979,MMR,11-Chemical and chemical products,2020
-0.185547180819249,0.505618329965299,MMR,18-Electrical equipment,2020
-0.18710447065561,0.46032599911216,MMR,"20-Motor vehicles, trailers and semi-trailers",2020
-0.106126151756863,0.303588683132679,MYS,"1-Agriculture, hunting, forestry",2001
-0.176008817329587,0.63360402812263,MYS,11-Chemical and chemical products,2001
-0.592753588822469,0.731028870418776,MYS,18-Electrical equipment,2001
-0.699347438209539,0.734581688695317,MYS,"20-Motor vehicles, trailers and semi-trailers",2001
-0.0532318480450024,0.286137880531047,MYS,"1-Agriculture, hunting, forestry",2020
-0.0476585610563693,0.564057084568178,MYS,11-Chemical and chemical products,2020
-0.462258221565689,0.622402816466697,MYS,18-Electrical equipment,2020
-0.523206020511923,0.52948038592097,MYS,"20-Motor vehicles, trailers and semi-trailers",2020
0.836168667453132,0.253617888987516,NGA,"1-Agriculture, hunting, forestry",2001
0.645345335124025,0.402845910871445,NGA,11-Chemical and chemical products,2001
-0.222501788443655,0.306475947229035,NGA,18-Electrical equipment,2001
0.676866265530211,0.539105287474065,NGA,"20-Motor vehicles, trailers and semi-trailers",2001
0.666059692734252,0.294559773138954,NGA,"1-Agriculture, hunting, forestry",2020
0.604722873674662,0.40742810202147,NGA,11-Chemical and chemical products,2020
0.172213053996976,0.318991717847027,NGA,18-Electrical equipment,2020
0.636137607080604,0.432483365331891,NGA,"20-Motor vehicles, trailers and semi-trailers",2020
-0.229810209957645,0.366706218966791,NLD,"1-Agriculture, hunting, forestry",2001
-0.000736813736466015,0.601893211271719,NLD,11-Chemical and chemical products,2001
-0.168973955065823,0.484682202684348,NLD,18-Electrical equipment,2001
-0.428908549959377,0.530565721934009,NLD,"20-Motor vehicles, trailers and semi-trailers",2001
-0.219073288722637,0.455133046372947,NLD,"1-Agriculture, hunting, forestry",2020
-0.113772002197884,0.678813975526793,NLD,11-Chemical and chemical products,2020
-0.0708992603592379,0.506574350579291,NLD,18-Electrical equipment,2020
-0.464157525150037,0.570375351414225,NLD,"20-Motor vehicles, trailers and semi-trailers",2020
0.341831238586129,0.449903965313431,NOR,"1-Agriculture, hunting, forestry",2001
0.106498433007605,0.543851144381278,NOR,11-Chemical and chemical products,2001
-0.16218309900442,0.496364544736606,NOR,18-Electrical equipment,2001
-0.0895679373091964,0.487292943235295,NOR,"20-Motor vehicles, trailers and semi-trailers",2001
0.360107635300104,0.60713938409284,NOR,"1-Agriculture, hunting, forestry",2020
0.162420292940881,0.560928518409124,NOR,11-Chemical and chemical products,2020
-0.321486032242319,0.586653569786209,NOR,18-Electrical equipment,2020
-0.329701966008897,0.590067335895994,NOR,"20-Motor vehicles, trailers and semi-trailers",2020
0.0254562359181911,0.263920738621604,NZL,"1-Agriculture, hunting, forestry",2001
-0.128941149437088,0.458778564562403,NZL,11-Chemical and chemical products,2001
-0.361878022750821,0.33580638310061,NZL,18-Electrical equipment,2001
-0.618980410663494,0.402252619091511,NZL,"20-Motor vehicles, trailers and semi-trailers",2001
0.0971247940724537,0.289464837840076,NZL,"1-Agriculture, hunting, forestry",2020
-0.154190381851678,0.481525217904588,NZL,11-Chemical and chemical products,2020
-0.19520706080524,0.319536075866365,NZL,18-Electrical equipment,2020
-0.658509018199004,0.319262123250336,NZL,"20-Motor vehicles, trailers and semi-trailers",2020
0.420127905228376,0.20511553231447,PAK,"1-Agriculture, hunting, forestry",2001
-0.0402407954197097,0.481751979030192,PAK,11-Chemical and chemical products,2001
-0.278640983068128,0.305324328963119,PAK,18-Electrical equipment,2001
-0.198671528596259,0.290412380903716,PAK,"20-Motor vehicles, trailers and semi-trailers",2001
0.377305017124536,0.233085145952613,PAK,"1-Agriculture, hunting, forestry",2020
0.108416964355104,0.518179023422161,PAK,11-Chemical and chemical products,2020
-0.226822634393171,0.359315115305321,PAK,18-Electrical equipment,2020
0.00568500131727621,0.350836499012598,PAK,"20-Motor vehicles, trailers and semi-trailers",2020
0.239205166079772,0.218259059827862,PER,"1-Agriculture, hunting, forestry",2001
0.495558130888872,0.326370298569877,PER,11-Chemical and chemical products,2001
0.649377880909234,0.264254582015258,PER,18-Electrical equipment,2001
-0.568395911023367,0.212642081020076,PER,"20-Motor vehicles, trailers and semi-trailers",2001
0.318424242277321,0.247215106762959,PER,"1-Agriculture, hunting, forestry",2020
0.29054259901828,0.48118805961819,PER,11-Chemical and chemical products,2020
0.425845113531634,0.4050016820112,PER,18-Electrical equipment,2020
-0.488129508015783,0.257701642680328,PER,"20-Motor vehicles, trailers and semi-trailers",2020
-0.19513709704946,0.182123193118022,PHL,"1-Agriculture, hunting, forestry",2001
0.0991541991744217,0.583248372126598,PHL,11-Chemical and chemical products,2001
-0.311460463107999,0.473306321464265,PHL,18-Electrical equipment,2001
-0.409197733789359,0.47401785048512,PHL,"20-Motor vehicles, trailers and semi-trailers",2001
0.0398739637603535,0.252219158035316,PHL,"1-Agriculture, hunting, forestry",2020
-0.00820318606752918,0.579920165669159,PHL,11-Chemical and chemical products,2020
-0.291222739271475,0.531460461404187,PHL,18-Electrical equipment,2020
-0.377613639505852,0.53921354211668,PHL,"20-Motor vehicles, trailers and semi-trailers",2020
-0.186513421975234,0.397345684913737,POL,"1-Agriculture, hunting, forestry",2001
0.081103395675862,0.584503575238235,POL,11-Chemical and chemical products,2001
-0.102793955848121,0.50304586706231,POL,18-Electrical equipment,2001
-0.320443772458322,0.516869400899183,POL,"20-Motor vehicles, trailers and semi-trailers",2001
-0.218582522955979,0.454651964885395,POL,"1-Agriculture, hunting, forestry",2020
-0.0123850385963804,0.666269831739727,POL,11-Chemical and chemical products,2020
-0.342174719084781,0.603172638827865,POL,18-Electrical equipment,2020
-0.342405113342038,0.624313205678167,POL,"20-Motor vehicles, trailers and semi-trailers",2020
-0.0348930040017882,0.352043726883114,PRT,"1-Agriculture, hunting, forestry",2001
-0.0457077573146456,0.577598816388106,PRT,11-Chemical and chemical products,2001
-0.219685860314566,0.527451896814025,PRT,18-Electrical equipment,2001
-0.462442724150227,0.602436361444843,PRT,"20-Motor vehicles, trailers and semi-trailers",2001
-0.148892175944489,0.447242166925639,PRT,"1-Agriculture, hunting, forestry",2020
-0.192897799925135,0.690079021785618,PRT,11-Chemical and chemical products,2020
-0.373207651294815,0.594503326711695,PRT,18-Electrical equipment,2020
-0.569899766508057,0.68244789672464,PRT,"20-Motor vehicles, trailers and semi-trailers",2020
0.450993877493699,0.21169810187166,ROU,"1-Agriculture, hunting, forestry",2001
0.0350811702120641,0.526832713183258,ROU,11-Chemical and chemical products,2001
-0.0282918502258902,0.440634743029683,ROU,18-Electrical equipment,2001
-0.00476995571706055,0.411241414475928,ROU,"20-Motor vehicles, trailers and semi-trailers",2001
0.0431669072994397,0.369491733359054,ROU,"1-Agriculture, hunting, forestry",2020
0.0890450404187622,0.62595742341317,ROU,11-Chemical and chemical products,2020
0.00943081574604232,0.485812904688874,ROU,18-Electrical equipment,2020
-0.25104208787394,0.548481270678271,ROU,"20-Motor vehicles, trailers and semi-trailers",2020
0.293613972568115,0.319432584136345,RUS,"1-Agriculture, hunting, forestry",2001
0.300911108301274,0.434777878189157,RUS,11-Chemical and chemical products,2001
0.0547588375792875,0.374388493735615,RUS,18-Electrical equipment,2001
-0.442742104467808,0.441957059547049,RUS,"20-Motor vehicles, trailers and semi-trailers",2001
-0.0460583929973155,0.280649232945085,RUS,"1-Agriculture, hunting, forestry",2020
0.328714194922947,0.493962214894884,RUS,11-Chemical and chemical products,2020
-0.158366272641655,0.434208612299411,RUS,18-Electrical equipment,2020
-0.542453093290279,0.545442167145421,RUS,"20-Motor vehicles, trailers and semi-trailers",2020
-0.304511909984211,0.139856856957795,SAU,"1-Agriculture, hunting, forestry",2001
0.356008037812808,0.473228085735774,SAU,11-Chemical and chemical products,2001
-0.359487088679842,0.311528601945236,SAU,18-Electrical equipment,2001
-0.595843114464338,0.354647265967196,SAU,"20-Motor vehicles, trailers and semi-trailers",2001
0.314300304402736,0.207160576630433,SAU,"1-Agriculture, hunting, forestry",2020
0.450003673721827,0.422126244986142,SAU,11-Chemical and chemical products,2020
-0.340056350299586,0.284143715485624,SAU,18-Electrical equipment,2020
-0.257403234639117,0.256563426220416,SAU,"20-Motor vehicles, trailers and semi-trailers",2020
0.474323479805569,0.299605084887724,SEN,"1-Agriculture, hunting, forestry",2001
-0.410441018068935,0.521594530588506,SEN,11-Chemical and chemical products,2001
-0.37343508648377,0.336191884043745,SEN,18-Electrical equipment,2001
-0.339053860322572,0.326753234727813,SEN,"20-Motor vehicles, trailers and semi-trailers",2001
0.358199648640006,0.290580198563783,SEN,"1-Agriculture, hunting, forestry",2020
-0.202366022562423,0.553644369218683,SEN,11-Chemical and chemical products,2020
-0.211083095330291,0.496740428574756,SEN,18-Electrical equipment,2020
-0.686570966458882,0.354035940777729,SEN,"20-Motor vehicles, trailers and semi-trailers",2020
-0.386058858695282,0.38483763656944,SGP,"1-Agriculture, hunting, forestry",2001
-0.0501350902871695,0.622385273069927,SGP,11-Chemical and chemical products,2001
-0.351778696568826,0.625855375726998,SGP,18-Electrical equipment,2001
-0.634312211901609,0.63270121806624,SGP,"20-Motor vehicles, trailers and semi-trailers",2001
-0.419323141166472,0.447518616450285,SGP,"1-Agriculture, hunting, forestry",2020
-0.139811941175329,0.628530554808906,SGP,11-Chemical and chemical products,2020
-0.484240846025503,0.619382596529379,SGP,18-Electrical equipment,2020
-0.60248155421026,0.622226627686944,SGP,"20-Motor vehicles, trailers and semi-trailers",2020
-0.0990700314923209,0.484723548431582,SVK,"1-Agriculture, hunting, forestry",2001
-0.0676516737227706,0.640304350750834,SVK,11-Chemical and chemical products,2001
-0.294778597025955,0.60246758403574,SVK,18-Electrical equipment,2001
-0.553832199941694,0.719408461821458,SVK,"20-Motor vehicles, trailers and semi-trailers",2001
-0.00961843305488461,0.511545030437897,SVK,"1-Agriculture, hunting, forestry",2020
0.048063605602925,0.68152982564157,SVK,11-Chemical and chemical products,2020
-0.417956082970461,0.693322107457747,SVK,18-Electrical equipment,2020
-0.675939018390633,0.749867292745488,SVK,"20-Motor vehicles, trailers and semi-trailers",2020
-0.0981024522217862,0.38564641407989,SVN,"1-Agriculture, hunting, forestry",2001
-0.167509487551324,0.645361719109559,SVN,11-Chemical and chemical products,2001
-0.273350372900703,0.55978357842887,SVN,18-Electrical equipment,2001
-0.568704851695143,0.649514215495299,SVN,"20-Motor vehicles, trailers and semi-trailers",2001
0.032366876900124,0.462099475214202,SVN,"1-Agriculture, hunting, forestry",2020
-0.119509980066182,0.680689429758856,SVN,11-Chemical and chemical products,2020
-0.285762148230248,0.600822974049595,SVN,18-Electrical equipment,2020
-0.442400082630082,0.638863393982107,SVN,"20-Motor vehicles, trailers and semi-trailers",2020
-0.158157612275193,0.406292983858121,SWE,"1-Agriculture, hunting, forestry",2001
0.0368871008362268,0.550042907898401,SWE,11-Chemical and chemical products,2001
-0.140959547930132,0.449027979159343,SWE,18-Electrical equipment,2001
-0.487786782367222,0.471771397776544,SWE,"20-Motor vehicles, trailers and semi-trailers",2001
-0.00121298826509931,0.414463588323652,SWE,"1-Agriculture, hunting, forestry",2020
0.0115098624014667,0.564929214744382,SWE,11-Chemical and chemical products,2020
-0.25916187030346,0.511217080245035,SWE,18-Electrical equipment,2020
-0.447535777238193,0.466209179900862,SWE,"20-Motor vehicles, trailers and semi-trailers",2020
-0.124179293628903,0.284465811992999,THA,"1-Agriculture, hunting, forestry",2001
-0.0441968663454073,0.591199015398231,THA,11-Chemical and chemical products,2001
-0.54077949019727,0.622619519693462,THA,18-Electrical equipment,2001
-0.541403680834114,0.541199001583889,THA,"20-Motor vehicles, trailers and semi-trailers",2001
0.0136201846971148,0.275605861230406,THA,"1-Agriculture, hunting, forestry",2020
-0.0498145377831631,0.561457503741254,THA,11-Chemical and chemical products,2020
-0.45113897475124,0.596776953477039,THA,18-Electrical equipment,2020
-0.651945094164259,0.551228917942161,THA,"20-Motor vehicles, trailers and semi-trailers",2020
0.259898333368192,0.240593119167833,TUN,"1-Agriculture, hunting, forestry",2001
-0.340588237081485,0.640083915487027,TUN,11-Chemical and chemical products,2001
-0.270645406295001,0.585740613716476,TUN,18-Electrical equipment,2001
-0.444777595435079,0.596635406580078,TUN,"20-Motor vehicles, trailers and semi-trailers",2001
0.299745619366177,0.279617013029083,TUN,"1-Agriculture, hunting, forestry",2020
-0.334470433830108,0.675363103235381,TUN,11-Chemical and chemical products,2020
-0.407831827798522,0.640328863120636,TUN,18-Electrical equipment,2020
-0.372337397642596,0.651104981201322,TUN,"20-Motor vehicles, trailers and semi-trailers",2020
0.308058066218257,0.20785374493588,TUR,"1-Agriculture, hunting, forestry",2001
0.204941180345581,0.456746750318504,TUR,11-Chemical and chemical products,2001
-0.319710858210413,0.488097856056174,TUR,18-Electrical equipment,2001
-0.270868908761965,0.409176331096552,TUR,"20-Motor vehicles, trailers and semi-trailers",2001
0.119214702386425,0.282739897454981,TUR,"1-Agriculture, hunting, forestry",2020
-0.0504652856744366,0.577377355038071,TUR,11-Chemical and chemical products,2020
-0.290981161069971,0.498954866392692,TUR,18-Electrical equipment,2020
-0.373237512734891,0.521006414648887,TUR,"20-Motor vehicles, trailers and semi-trailers",2020
-0.380396540584188,0.289461882658966,TWN,"1-Agriculture, hunting, forestry",2001
-0.311334170043352,0.645299231132723,TWN,11-Chemical and chemical products,2001
-0.439862992620738,0.52935149362686,TWN,18-Electrical equipment,2001
-0.48806870094218,0.413972288971357,TWN,"20-Motor vehicles, trailers and semi-trailers",2001
-0.262230986878811,0.325813251243239,TWN,"1-Agriculture, hunting, forestry",2020
-0.236795453242219,0.660902003309855,TWN,11-Chemical and chemical products,2020
-0.36230602789801,0.548254350307745,TWN,18-Electrical equipment,2020
-0.406599394277481,0.442262645268857,TWN,"20-Motor vehicles, trailers and semi-trailers",2020
0.203806604166233,0.31149029190725,UKR,"1-Agriculture, hunting, forestry",2001
-0.224795131643007,0.631089120135366,UKR,11-Chemical and chemical products,2001
-0.303478675087715,0.446585029690323,UKR,18-Electrical equipment,2001
-0.611754610846286,0.372760669473559,UKR,"20-Motor vehicles, trailers and semi-trailers",2001
-0.177633289470146,0.374192092655058,UKR,"1-Agriculture, hunting, forestry",2020
-0.0896239143209938,0.615706295672006,UKR,11-Chemical and chemical products,2020
0.0606490090904569,0.605433319046796,UKR,18-Electrical equipment,2020
-0.0130957025683712,0.594792295560877,UKR,"20-Motor vehicles, trailers and semi-trailers",2020
0.0601047867854375,0.25702415710226,USA,"1-Agriculture, hunting, forestry",2001
0.418375523087369,0.465006707306199,USA,11-Chemical and chemical products,2001
0.314259685926621,0.403499761385486,USA,18-Electrical equipment,2001
0.232464481891738,0.488435960196165,USA,"20-Motor vehicles, trailers and semi-trailers",2001
-0.0718143797512632,0.309690659233028,USA,"1-Agriculture, hunting, forestry",2020
0.446183256842922,0.477878948359596,USA,11-Chemical and chemical products,2020
0.243644322526187,0.405512760504341,USA,18-Electrical equipment,2020
0.0133921587178213,0.465516568948326,USA,"20-Motor vehicles, trailers and semi-trailers",2020
-0.246654602118298,0.344032591884482,VNM,"1-Agriculture, hunting, forestry",2001
-0.181846200104138,0.616369149265221,VNM,11-Chemical and chemical products,2001
-0.297272935998566,0.607489891405547,VNM,18-Electrical equipment,2001
-0.371695549221724,0.561615819314816,VNM,"20-Motor vehicles, trailers and semi-trailers",2001
-0.41863642081478,0.435771697110384,VNM,"1-Agriculture, hunting, forestry",2020
-0.33627861491282,0.697395017763658,VNM,11-Chemical and chemical products,2020
-0.5915526726574,0.680833544541935,VNM,18-Electrical equipment,2020
-0.516671768189607,0.649840733262826,VNM,"20-Motor vehicles, trailers and semi-trailers",2020
-0.0974326802670282,0.340830447780759,ZAF,"1-Agriculture, hunting, forestry",2001
0.108611835236639,0.442165622401234,ZAF,11-Chemical and chemical products,2001
-0.285556417068771,0.343221706558884,ZAF,18-Electrical equipment,2001
-0.298157108892687,0.381211740425803,ZAF,"20-Motor vehicles, trailers and semi-trailers",2001
-0.136702541255815,0.383156646281754,ZAF,"1-Agriculture, hunting, forestry",2020
-0.0551230275078188,0.532790518771654,ZAF,11-Chemical and chemical products,2020
-0.303746852192521,0.364815572542105,ZAF,18-Electrical equipment,2020
-0.37793430329965,0.535101118852248,ZAF,"20-Motor vehicles, trailers and semi-trailers",2020
