type,variable,t,region,sect_group,value,flow,gtrade,share,gtrade_w,gtrade_sh,region_share,value2
traditional: intermediate goods,traditional_trade_int,2020,KOR,"Agriculture, forestry and fishing",0.0180297184145651,export,0.0343522010000001,0.524849002093492,783.818407598,0,KOR(0),0.0180297184145651
traditional: intermediate goods,traditional_trade_int,2020,KOR,Mining and Quarrying,0.00402590477115467,export,0.009132943,0.44081133224577,783.818407598,0,KOR(0),0.00402590477115467
traditional: intermediate goods,traditional_trade_int,2020,KOR,Services,5.54709435928598,export,14.877454915,0.372852372329705,783.818407598,0.02,KOR(0.02),5.54709435928598
traditional: intermediate goods,traditional_trade_int,2020,KOR,Manufacturing,8.80380443180578,export,29.714837407,0.296276379076934,783.818407598,0.04,KOR(0.04),8.80380443180578
traditional: final goods,traditional_trade_fin,2020,KOR,"Agriculture, forestry and fishing",0.00585733911863968,export,0.0343522010000001,0.170508408431811,783.818407598,0,KOR(0),0.00585733911863968
traditional: final goods,traditional_trade_fin,2020,KOR,Mining and Quarrying,5.73072299606191e-05,export,0.009132943,0.00627478239605997,783.818407598,0,KOR(0),5.73072299606191e-05
traditional: final goods,traditional_trade_fin,2020,KOR,Services,2.98419338419535,export,14.877454915,0.200584938838334,783.818407598,0.02,KOR(0.02),2.98419338419535
traditional: final goods,traditional_trade_fin,2020,KOR,Manufacturing,5.33837481849878,export,29.714837407,0.179653509301761,783.818407598,0.04,KOR(0.04),5.33837481849878
gvc: backward,gvcbp,2020,KOR,"Agriculture, forestry and fishing",0.00629337594956833,export,0.0343522010000001,0.183201534875984,783.818407598,0,KOR(0),0.00629337594956833
gvc: backward,gvcbp,2020,KOR,Mining and Quarrying,0.000932303513770679,export,0.009132943,0.102081389730636,783.818407598,0,KOR(0),0.000932303513770679
gvc: backward,gvcbp,2020,KOR,Services,1.00314372285622,export,14.877454915,0.0674271055491363,783.818407598,0.02,KOR(0.02),1.00314372285622
gvc: backward,gvcbp,2020,KOR,Manufacturing,3.8309569295118,export,29.714837407,0.128924041449048,783.818407598,0.04,KOR(0.04),3.8309569295118
gvc: forward,gvcfp,2020,KOR,"Agriculture, forestry and fishing",0.00329950437324893,export,0.0343522010000001,0.0960492858448552,783.818407598,0,KOR(0),0.00329950437324893
gvc: forward,gvcfp,2020,KOR,Mining and Quarrying,0.00334568898603938,export,0.009132943,0.366331968352302,783.818407598,0,KOR(0),0.00334568898603938
gvc: forward,gvcfp,2020,KOR,Services,4.74600123020181,export,14.877454915,0.319006258618651,783.818407598,0.02,KOR(0.02),4.74600123020181
gvc: forward,gvcfp,2020,KOR,Manufacturing,9.04170973029678,export,29.714837407,0.304282658742289,783.818407598,0.04,KOR(0.04),9.04170973029678
gvc: mixed,gvcmix,2020,KOR,"Agriculture, forestry and fishing",0.000872263143978036,export,0.0343522010000001,0.0253917687538576,783.818407598,0,KOR(0),0.000872263143978036
gvc: mixed,gvcmix,2020,KOR,Mining and Quarrying,0.000771738499074645,export,0.009132943,0.0845005272752327,783.818407598,0,KOR(0),0.000771738499074645
gvc: mixed,gvcmix,2020,KOR,Services,0.597022218460645,export,14.877454915,0.0401293246641739,783.818407598,0.02,KOR(0.02),0.597022218460645
gvc: mixed,gvcmix,2020,KOR,Manufacturing,2.69999149688686,export,29.714837407,0.0908634114299687,783.818407598,0.04,KOR(0.04),2.69999149688686
traditional: intermediate goods,traditional_trade_int,2020,CHN,"Agriculture, forestry and fishing",0.100664323149372,export,0.180344387,0.558178298886406,783.818407598,0,CHN(0),0.100664323149372
traditional: intermediate goods,traditional_trade_int,2020,CHN,Mining and Quarrying,0.00332742189505669,export,0.004632597,0.718262757381375,783.818407598,0,CHN(0),0.00332742189505669
traditional: intermediate goods,traditional_trade_int,2020,CHN,Services,32.9786128754264,export,68.231207748,0.483336202947295,783.818407598,0.09,CHN(0.09),32.9786128754264
traditional: intermediate goods,traditional_trade_int,2020,CHN,Manufacturing,64.4353005570153,export,148.590728472,0.433642806786275,783.818407598,0.19,CHN(0.19),64.4353005570153
traditional: final goods,traditional_trade_fin,2020,CHN,"Agriculture, forestry and fishing",0.0177552767354347,export,0.180344387,0.0984520618068065,783.818407598,0,CHN(0),0.0177552767354347
traditional: final goods,traditional_trade_fin,2020,CHN,Mining and Quarrying,6.81277298124121e-05,export,0.004632597,0.0147061636944487,783.818407598,0,CHN(0),6.81277298124121e-05
traditional: final goods,traditional_trade_fin,2020,CHN,Services,14.4041228104476,export,68.231207748,0.211107545738406,783.818407598,0.09,CHN(0.09),14.4041228104476
traditional: final goods,traditional_trade_fin,2020,CHN,Manufacturing,26.2540144616838,export,148.590728472,0.176686760551356,783.818407598,0.19,CHN(0.19),26.2540144616838
gvc: backward,gvcbp,2020,CHN,"Agriculture, forestry and fishing",0.0318135644306153,export,0.180344387,0.176404516712878,783.818407598,0,CHN(0),0.0318135644306153
gvc: backward,gvcbp,2020,CHN,Mining and Quarrying,0.000695990982076033,export,0.004632597,0.150237756937638,783.818407598,0,CHN(0),0.000695990982076033
gvc: backward,gvcbp,2020,CHN,Services,6.68773471492822,export,68.231207748,0.0980157751219675,783.818407598,0.09,CHN(0.09),6.68773471492822
gvc: backward,gvcbp,2020,CHN,Manufacturing,23.7226245876506,export,148.590728472,0.159650772505102,783.818407598,0.19,CHN(0.19),23.7226245876506
gvc: forward,gvcfp,2020,CHN,"Agriculture, forestry and fishing",0.0237253110401097,export,0.180344387,0.131555583374545,783.818407598,0,CHN(0),0.0237253110401097
gvc: forward,gvcfp,2020,CHN,Mining and Quarrying,0.000447010632413446,export,0.004632597,0.0964924495727657,783.818407598,0,CHN(0),0.000447010632413446
gvc: forward,gvcfp,2020,CHN,Services,12.4690241607614,export,68.231207748,0.182746642955721,783.818407598,0.09,CHN(0.09),12.4690241607614
gvc: forward,gvcfp,2020,CHN,Manufacturing,26.8633314195073,export,148.590728472,0.180787399696808,783.818407598,0.19,CHN(0.19),26.8633314195073
gvc: mixed,gvcmix,2020,CHN,"Agriculture, forestry and fishing",0.00638591164446877,export,0.180344387,0.0354095392193645,783.818407598,0,CHN(0),0.00638591164446877
gvc: mixed,gvcmix,2020,CHN,Mining and Quarrying,9.40457606414242e-05,export,0.004632597,0.0203008724137723,783.818407598,0,CHN(0),9.40457606414242e-05
gvc: mixed,gvcmix,2020,CHN,Services,1.69171318643644,export,68.231207748,0.0247938332366105,783.818407598,0.09,CHN(0.09),1.69171318643644
gvc: mixed,gvcmix,2020,CHN,Manufacturing,7.31545744614294,export,148.590728472,0.0492322604604596,783.818407598,0.19,CHN(0.19),7.31545744614294
traditional: intermediate goods,traditional_trade_int,2020,ASEAN,"Agriculture, forestry and fishing",0.0258807792448232,export,0.0908520500000001,0.284867311687774,783.818407598,0,ASEAN(0),0.0258807792448232
traditional: intermediate goods,traditional_trade_int,2020,ASEAN,Mining and Quarrying,0.00137902625660919,export,0.002983796,0.462171762616878,783.818407598,0,ASEAN(0),0.00137902625660919
traditional: intermediate goods,traditional_trade_int,2020,ASEAN,Services,12.9100821674487,export,52.129641342,0.247653385580601,783.818407598,0.07,ASEAN(0.07),12.9100821674487
traditional: intermediate goods,traditional_trade_int,2020,ASEAN,Manufacturing,14.0946507115314,export,56.425661948,0.249791499557782,783.818407598,0.07,ASEAN(0.07),14.0946507115314
traditional: final goods,traditional_trade_fin,2020,ASEAN,"Agriculture, forestry and fishing",0.018185724661549,export,0.0908520500000001,0.200168567044431,783.818407598,0,ASEAN(0),0.018185724661549
traditional: final goods,traditional_trade_fin,2020,ASEAN,Mining and Quarrying,5.28464935859148e-05,export,0.002983796,0.0177111617503056,783.818407598,0,ASEAN(0),5.28464935859148e-05
traditional: final goods,traditional_trade_fin,2020,ASEAN,Services,9.4392398725219,export,52.129641342,0.181072411578571,783.818407598,0.07,ASEAN(0.07),9.4392398725219
traditional: final goods,traditional_trade_fin,2020,ASEAN,Manufacturing,13.1357414965482,export,56.425661948,0.232797295469101,783.818407598,0.07,ASEAN(0.07),13.1357414965482
gvc: backward,gvcbp,2020,ASEAN,"Agriculture, forestry and fishing",0.0117991173666367,export,0.0908520500000001,0.129871779080788,783.818407598,0,ASEAN(0),0.0117991173666367
gvc: backward,gvcbp,2020,ASEAN,Mining and Quarrying,0.000300979697838082,export,0.002983796,0.100871406033818,783.818407598,0,ASEAN(0),0.000300979697838082
gvc: backward,gvcbp,2020,ASEAN,Services,2.55444983793686,export,52.129641342,0.0490018686523896,783.818407598,0.07,ASEAN(0.07),2.55444983793686
gvc: backward,gvcbp,2020,ASEAN,Manufacturing,7.4551144395316,export,56.425661948,0.132122764397553,783.818407598,0.07,ASEAN(0.07),7.4551144395316
gvc: forward,gvcfp,2020,ASEAN,"Agriculture, forestry and fishing",0.0275709138639408,export,0.0908520500000001,0.303470465046643,783.818407598,0,ASEAN(0),0.0275709138639408
gvc: forward,gvcfp,2020,ASEAN,Mining and Quarrying,0.0010353214971332,export,0.002983796,0.346981327521452,783.818407598,0,ASEAN(0),0.0010353214971332
gvc: forward,gvcfp,2020,ASEAN,Services,23.9423532843947,export,52.129641342,0.459284826598351,783.818407598,0.07,ASEAN(0.07),23.9423532843947
gvc: forward,gvcfp,2020,ASEAN,Manufacturing,16.6982732309885,export,56.425661948,0.295934024599961,783.818407598,0.07,ASEAN(0.07),16.6982732309885
gvc: mixed,gvcmix,2020,ASEAN,"Agriculture, forestry and fishing",0.00741551486305034,export,0.0908520500000001,0.0816218771403654,783.818407598,0,ASEAN(0),0.00741551486305034
gvc: mixed,gvcmix,2020,ASEAN,Mining and Quarrying,0.000215622054833618,export,0.002983796,0.0722643420775475,783.818407598,0,ASEAN(0),0.000215622054833618
gvc: mixed,gvcmix,2020,ASEAN,Services,3.28351617969779,export,52.129641342,0.0629875075900881,783.818407598,0.07,ASEAN(0.07),3.28351617969779
gvc: mixed,gvcmix,2020,ASEAN,Manufacturing,5.04188206940031,export,56.425661948,0.0893544159756024,783.818407598,0.07,ASEAN(0.07),5.04188206940031
traditional: intermediate goods,traditional_trade_int,2020,Europe,"Agriculture, forestry and fishing",0.0145034461262474,export,0.042591203,0.340526801420645,783.818407598,0,Europe(0),0.0145034461262474
traditional: intermediate goods,traditional_trade_int,2020,Europe,Mining and Quarrying,0.00108362161050084,export,0.002490278,0.435140819820455,783.818407598,0,Europe(0),0.00108362161050084
traditional: intermediate goods,traditional_trade_int,2020,Europe,Services,17.7412060285339,export,68.83506378,0.257735012569112,783.818407598,0.09,Europe(0.09),17.7412060285339
traditional: intermediate goods,traditional_trade_int,2020,Europe,Manufacturing,12.4085714265045,export,54.396911911,0.228111688523909,783.818407598,0.07,Europe(0.07),12.4085714265045
traditional: final goods,traditional_trade_fin,2020,Europe,"Agriculture, forestry and fishing",0.0097469910147555,export,0.042591203,0.228849864014301,783.818407598,0,Europe(0),0.0097469910147555
traditional: final goods,traditional_trade_fin,2020,Europe,Mining and Quarrying,0.000116691850634572,export,0.002490278,0.0468589653984705,783.818407598,0,Europe(0),0.000116691850634572
traditional: final goods,traditional_trade_fin,2020,Europe,Services,13.1783676386323,export,68.83506378,0.191448469936063,783.818407598,0.09,Europe(0.09),13.1783676386323
traditional: final goods,traditional_trade_fin,2020,Europe,Manufacturing,19.6154215788933,export,54.396911911,0.360598072386656,783.818407598,0.07,Europe(0.07),19.6154215788933
gvc: backward,gvcbp,2020,Europe,"Agriculture, forestry and fishing",0.00636368538529042,export,0.042591203,0.149413140203868,783.818407598,0,Europe(0),0.00636368538529042
gvc: backward,gvcbp,2020,Europe,Mining and Quarrying,0.000242383719478081,export,0.002490278,0.0973319924434466,783.818407598,0,Europe(0),0.000242383719478081
gvc: backward,gvcbp,2020,Europe,Services,3.38582079971828,export,68.83506378,0.0491874433434031,783.818407598,0.09,Europe(0.09),3.38582079971828
gvc: backward,gvcbp,2020,Europe,Manufacturing,8.13611736328446,export,54.396911911,0.149569471454485,783.818407598,0.07,Europe(0.07),8.13611736328446
gvc: forward,gvcfp,2020,Europe,"Agriculture, forestry and fishing",0.00947056217646317,export,0.042591203,0.222359583890203,783.818407598,0,Europe(0),0.00947056217646317
gvc: forward,gvcfp,2020,Europe,Mining and Quarrying,0.000885219130964585,export,0.002490278,0.355470004137926,783.818407598,0,Europe(0),0.000885219130964585
gvc: forward,gvcfp,2020,Europe,Services,31.3958087423191,export,68.83506378,0.456101977949225,783.818407598,0.09,Europe(0.09),31.3958087423191
gvc: forward,gvcfp,2020,Europe,Manufacturing,11.2641347613936,export,54.396911911,0.207073055540783,783.818407598,0.07,Europe(0.07),11.2641347613936
gvc: mixed,gvcmix,2020,Europe,"Agriculture, forestry and fishing",0.00250651829724357,export,0.042591203,0.058850610470983,783.818407598,0,Europe(0),0.00250651829724357
gvc: mixed,gvcmix,2020,Europe,Mining and Quarrying,0.000162361688421918,export,0.002490278,0.0651982181997024,783.818407598,0,Europe(0),0.000162361688421918
gvc: mixed,gvcmix,2020,Europe,Services,3.13386057079645,export,68.83506378,0.0455270962021973,783.818407598,0.09,Europe(0.09),3.13386057079645
gvc: mixed,gvcmix,2020,Europe,Manufacturing,2.97266678092412,export,54.396911911,0.0546477120941674,783.818407598,0.07,Europe(0.07),2.97266678092412
traditional: intermediate goods,traditional_trade_int,2020,N.America,"Agriculture, forestry and fishing",0.303259997103772,export,0.490781028,0.617913040240365,783.818407598,0,N.America(0),0.303259997103772
traditional: intermediate goods,traditional_trade_int,2020,N.America,Mining and Quarrying,0.00155468308509634,export,0.002219791,0.700373632065514,783.818407598,0,N.America(0),0.00155468308509634
traditional: intermediate goods,traditional_trade_int,2020,N.America,Services,23.2243085259668,export,52.532171054,0.442096872449714,783.818407598,0.07,N.America(0.07),23.2243085259668
traditional: intermediate goods,traditional_trade_int,2020,N.America,Manufacturing,33.1078311508034,export,113.049362527,0.292861723505041,783.818407598,0.14,N.America(0.14),33.1078311508034
traditional: final goods,traditional_trade_fin,2020,N.America,"Agriculture, forestry and fishing",0.0610639631730307,export,0.490781028,0.124422012443869,783.818407598,0,N.America(0),0.0610639631730307
traditional: final goods,traditional_trade_fin,2020,N.America,Mining and Quarrying,9.3509393225874e-05,export,0.002219791,0.0421253141515909,783.818407598,0,N.America(0),9.3509393225874e-05
traditional: final goods,traditional_trade_fin,2020,N.America,Services,18.7974422188639,export,52.532171054,0.357827248364459,783.818407598,0.07,N.America(0.07),18.7974422188639
traditional: final goods,traditional_trade_fin,2020,N.America,Manufacturing,46.3579696234014,export,113.049362527,0.410068385943615,783.818407598,0.14,N.America(0.14),46.3579696234014
gvc: backward,gvcbp,2020,N.America,"Agriculture, forestry and fishing",0.0906162809240592,export,0.490781028,0.18463688642027,783.818407598,0,N.America(0),0.0906162809240592
gvc: backward,gvcbp,2020,N.America,Mining and Quarrying,0.000335423608816309,export,0.002219791,0.151105941422553,783.818407598,0,N.America(0),0.000335423608816309
gvc: backward,gvcbp,2020,N.America,Services,5.22544642262331,export,52.532171054,0.0994713585557287,783.818407598,0.07,N.America(0.07),5.22544642262331
gvc: backward,gvcbp,2020,N.America,Manufacturing,19.8349863721134,export,113.049362527,0.175454208044527,783.818407598,0.14,N.America(0.14),19.8349863721134
gvc: forward,gvcfp,2020,N.America,"Agriculture, forestry and fishing",0.028625117495528,export,0.490781028,0.0583256398727948,783.818407598,0,N.America(0),0.028625117495528
gvc: forward,gvcfp,2020,N.America,Mining and Quarrying,0.000195352148732324,export,0.002219791,0.0880047485246694,783.818407598,0,N.America(0),0.000195352148732324
gvc: forward,gvcfp,2020,N.America,Services,4.73742769966109,export,52.532171054,0.0901814565172128,783.818407598,0.07,N.America(0.07),4.73742769966109
gvc: forward,gvcfp,2020,N.America,Manufacturing,10.8544560899155,export,113.049362527,0.0960151905971438,783.818407598,0.14,N.America(0.14),10.8544560899155
gvc: mixed,gvcmix,2020,N.America,"Agriculture, forestry and fishing",0.00721566930361024,export,0.490781028,0.0147024210227015,783.818407598,0,N.America(0),0.00721566930361024
gvc: mixed,gvcmix,2020,N.America,Mining and Quarrying,4.08227641291536e-05,export,0.002219791,0.0183903638356736,783.818407598,0,N.America(0),4.08227641291536e-05
gvc: mixed,gvcmix,2020,N.America,Services,0.54754618688494,export,52.532171054,0.0104230641128861,783.818407598,0.07,N.America(0.07),0.54754618688494
gvc: mixed,gvcmix,2020,N.America,Manufacturing,2.89411929076626,export,113.049362527,0.0256004919096739,783.818407598,0.14,N.America(0.14),2.89411929076626
traditional: intermediate goods,traditional_trade_int,2020,ROW,"Agriculture, forestry and fishing",0.0550810392179925,export,0.168237821,0.327399861045469,783.818407598,0,ROW(0),0.0550810392179925
traditional: intermediate goods,traditional_trade_int,2020,ROW,Mining and Quarrying,0.0196671541408438,export,0.055407137,0.354957054374491,783.818407598,0,ROW(0),0.0196671541408438
traditional: intermediate goods,traditional_trade_int,2020,ROW,Services,14.2131309461509,export,42.914899486,0.331193387760062,783.818407598,0.05,ROW(0.05),14.2131309461509
traditional: intermediate goods,traditional_trade_int,2020,ROW,Manufacturing,18.3797910863243,export,81.036441776,0.226808960061814,783.818407598,0.1,ROW(0.1),18.3797910863243
traditional: final goods,traditional_trade_fin,2020,ROW,"Agriculture, forestry and fishing",0.0607911230537242,export,0.168237821,0.36134040902565,783.818407598,0,ROW(0),0.0607911230537242
traditional: final goods,traditional_trade_fin,2020,ROW,Mining and Quarrying,0.000173334101030842,export,0.055407137,0.00312837136903215,783.818407598,0,ROW(0),0.000173334101030842
traditional: final goods,traditional_trade_fin,2020,ROW,Services,12.9422983385764,export,42.914899486,0.301580534816317,783.818407598,0.05,ROW(0.05),12.9422983385764
traditional: final goods,traditional_trade_fin,2020,ROW,Manufacturing,28.9589575692696,export,81.036441776,0.35735722021603,783.818407598,0.1,ROW(0.1),28.9589575692696
gvc: backward,gvcbp,2020,ROW,"Agriculture, forestry and fishing",0.030818005073749,export,0.168237821,0.183181194873827,783.818407598,0,ROW(0),0.030818005073749
gvc: backward,gvcbp,2020,ROW,Mining and Quarrying,0.00457104364229157,export,0.055407137,0.0824991849387846,783.818407598,0,ROW(0),0.00457104364229157
gvc: backward,gvcbp,2020,ROW,Services,3.38839948443225,export,42.914899486,0.078956248878962,783.818407598,0.05,ROW(0.05),3.38839948443225
gvc: backward,gvcbp,2020,ROW,Manufacturing,13.0205525066082,export,81.036441776,0.160675274250064,783.818407598,0.1,ROW(0.1),13.0205525066082
gvc: forward,gvcfp,2020,ROW,"Agriculture, forestry and fishing",0.01700748342974,export,0.168237821,0.101091914580491,783.818407598,0,ROW(0),0.01700748342974
gvc: forward,gvcfp,2020,ROW,Mining and Quarrying,0.0251640009484035,export,0.055407137,0.454165335205888,783.818407598,0,ROW(0),0.0251640009484035
gvc: forward,gvcfp,2020,ROW,Services,11.0790791450963,export,42.914899486,0.258163930890962,783.818407598,0.05,ROW(0.05),11.0790791450963
gvc: forward,gvcfp,2020,ROW,Manufacturing,15.8852292029785,export,81.036441776,0.196025749093084,783.818407598,0.1,ROW(0.1),15.8852292029785
gvc: mixed,gvcmix,2020,ROW,"Agriculture, forestry and fishing",0.00454017022479437,export,0.168237821,0.0269866204745624,783.818407598,0,ROW(0),0.00454017022479437
gvc: mixed,gvcmix,2020,ROW,Mining and Quarrying,0.00583160416743019,export,0.055407137,0.105250054111805,783.818407598,0,ROW(0),0.00583160416743019
gvc: mixed,gvcmix,2020,ROW,Services,1.29199157174423,export,42.914899486,0.0301058976536976,783.818407598,0.05,ROW(0.05),1.29199157174423
gvc: mixed,gvcmix,2020,ROW,Manufacturing,4.79191141081953,export,81.036441776,0.0591327963790077,783.818407598,0.1,ROW(0.1),4.79191141081953
traditional: intermediate goods,traditional_trade_int,2020,KOR,"Agriculture, forestry and fishing",0.154904353214278,import,0.256797741999999,0.603215402159876,938.481780661,0,KOR(0),-0.154904353214278
traditional: intermediate goods,traditional_trade_int,2020,KOR,Mining and Quarrying,0.0134195351764411,import,0.0310488280000001,0.432207462917475,938.481780661,0,KOR(0),-0.0134195351764411
traditional: intermediate goods,traditional_trade_int,2020,KOR,Services,6.42069290760108,import,13.619075905,0.471448500058938,938.481780661,0.01,KOR(0.01),-6.42069290760108
traditional: intermediate goods,traditional_trade_int,2020,KOR,Manufacturing,8.00795973542666,import,26.223887931,0.305368897110036,938.481780661,0.03,KOR(0.03),-8.00795973542666
traditional: final goods,traditional_trade_fin,2020,KOR,"Agriculture, forestry and fishing",0.0359083516822676,import,0.256797741999999,0.139831259428549,938.481780661,0,KOR(0),-0.0359083516822676
traditional: final goods,traditional_trade_fin,2020,KOR,Mining and Quarrying,0.000222156672003484,import,0.0310488280000001,0.00715507432369052,938.481780661,0,KOR(0),-0.000222156672003484
traditional: final goods,traditional_trade_fin,2020,KOR,Services,3.29453979339066,import,13.619075905,0.241906265621233,938.481780661,0.01,KOR(0.01),-3.29453979339066
traditional: final goods,traditional_trade_fin,2020,KOR,Manufacturing,4.56204355468303,import,26.223887931,0.173965186500439,938.481780661,0.03,KOR(0.03),-4.56204355468303
gvc: backward,gvcbp,2020,KOR,"Agriculture, forestry and fishing",0.0550308411907272,import,0.256797741999999,0.214296437196583,938.481780661,0,KOR(0),-0.0550308411907272
gvc: backward,gvcbp,2020,KOR,Mining and Quarrying,0.00349106410714362,import,0.0310488280000001,0.11243787067079,938.481780661,0,KOR(0),-0.00349106410714362
gvc: backward,gvcbp,2020,KOR,Services,1.96090799546722,import,13.619075905,0.143982455868926,938.481780661,0.01,KOR(0.01),-1.96090799546722
gvc: backward,gvcbp,2020,KOR,Manufacturing,8.40138933685056,import,26.223887931,0.320371615336223,938.481780661,0.03,KOR(0.03),-8.40138933685056
gvc: forward,gvcfp,2020,KOR,"Agriculture, forestry and fishing",0.00848830838036283,import,0.256797741999999,0.0330544510019985,938.481780661,0,KOR(0),-0.00848830838036283
gvc: forward,gvcfp,2020,KOR,Mining and Quarrying,0.0110699182277056,import,0.0310488280000001,0.356532563087586,938.481780661,0,KOR(0),-0.0110699182277056
gvc: forward,gvcfp,2020,KOR,Services,1.55709827611709,import,13.619075905,0.114332153442616,938.481780661,0.01,KOR(0.01),-1.55709827611709
gvc: forward,gvcfp,2020,KOR,Manufacturing,3.06176748604624,import,26.223887931,0.116754902785671,938.481780661,0.03,KOR(0.03),-3.06176748604624
gvc: mixed,gvcmix,2020,KOR,"Agriculture, forestry and fishing",0.00246588753236397,import,0.256797741999999,0.00960245021299281,938.481780661,0,KOR(0),-0.00246588753236397
gvc: mixed,gvcmix,2020,KOR,Mining and Quarrying,0.00284615381670626,import,0.0310488280000001,0.0916670290004588,938.481780661,0,KOR(0),-0.00284615381670626
gvc: mixed,gvcmix,2020,KOR,Services,0.385836932423955,import,13.619075905,0.0283306250082872,938.481780661,0.01,KOR(0.01),-0.385836932423955
gvc: mixed,gvcmix,2020,KOR,Manufacturing,2.19072781799351,import,26.223887931,0.0835393982676303,938.481780661,0.03,KOR(0.03),-2.19072781799351
traditional: intermediate goods,traditional_trade_int,2020,CHN,"Agriculture, forestry and fishing",2.19262528205459,import,3.17306015999999,0.691012830356986,938.481780661,0,CHN(0),-2.19262528205459
traditional: intermediate goods,traditional_trade_int,2020,CHN,Mining and Quarrying,1.00065754507738,import,2.196110067,0.455649996834783,938.481780661,0,CHN(0),-1.00065754507738
traditional: intermediate goods,traditional_trade_int,2020,CHN,Services,25.338469911741,import,53.025103695,0.477857998307512,938.481780661,0.06,CHN(0.06),-25.338469911741
traditional: intermediate goods,traditional_trade_int,2020,CHN,Manufacturing,54.17391413605,import,170.809151508,0.317160489691401,938.481780661,0.18,CHN(0.18),-54.17391413605
traditional: final goods,traditional_trade_fin,2020,CHN,"Agriculture, forestry and fishing",0.499721322469287,import,3.17306015999999,0.157488763928538,938.481780661,0,CHN(0),-0.499721322469287
traditional: final goods,traditional_trade_fin,2020,CHN,Mining and Quarrying,2.3396248196565e-06,import,2.196110067,1.06534952633433e-06,938.481780661,0,CHN(0),-2.3396248196565e-06
traditional: final goods,traditional_trade_fin,2020,CHN,Services,17.3691902593721,import,53.025103695,0.327565418057068,938.481780661,0.06,CHN(0.06),-17.3691902593721
traditional: final goods,traditional_trade_fin,2020,CHN,Manufacturing,60.4931071183204,import,170.809151508,0.354156124447976,938.481780661,0.18,CHN(0.18),-60.4931071183204
gvc: backward,gvcbp,2020,CHN,"Agriculture, forestry and fishing",0.346133503880128,import,3.17306015999999,0.109085074479057,938.481780661,0,CHN(0),-0.346133503880128
gvc: backward,gvcbp,2020,CHN,Mining and Quarrying,0.227481816335672,import,2.196110067,0.103583977758649,938.481780661,0,CHN(0),-0.227481816335672
gvc: backward,gvcbp,2020,CHN,Services,4.10507781621708,import,53.025103695,0.0774176292012451,938.481780661,0.06,CHN(0.06),-4.10507781621708
gvc: backward,gvcbp,2020,CHN,Manufacturing,35.0359940068292,import,170.809151508,0.205117780268279,938.481780661,0.18,CHN(0.18),-35.0359940068292
gvc: forward,gvcfp,2020,CHN,"Agriculture, forestry and fishing",0.119267123346415,import,3.17306015999999,0.0375874132012724,938.481780661,0,CHN(0),-0.119267123346415
gvc: forward,gvcfp,2020,CHN,Mining and Quarrying,0.786007148212186,import,2.196110067,0.357908813416585,938.481780661,0,CHN(0),-0.786007148212186
gvc: forward,gvcfp,2020,CHN,Services,5.6412843625024,import,53.025103695,0.106388935983059,938.481780661,0.06,CHN(0.06),-5.6412843625024
gvc: forward,gvcfp,2020,CHN,Manufacturing,16.4903549128097,import,170.809151508,0.0965425726152462,938.481780661,0.18,CHN(0.18),-16.4903549128097
gvc: mixed,gvcmix,2020,CHN,"Agriculture, forestry and fishing",0.0153129282495775,import,3.17306015999999,0.00482591803414705,938.481780661,0,CHN(0),-0.0153129282495775
gvc: mixed,gvcmix,2020,CHN,Mining and Quarrying,0.181961217749934,import,2.196110067,0.0828561466404564,938.481780661,0,CHN(0),-0.181961217749934
gvc: mixed,gvcmix,2020,CHN,Services,0.571081345167475,import,53.025103695,0.0107700184511157,938.481780661,0.06,CHN(0.06),-0.571081345167475
gvc: mixed,gvcmix,2020,CHN,Manufacturing,4.61578133399077,import,170.809151508,0.0270230329770978,938.481780661,0.18,CHN(0.18),-4.61578133399077
traditional: intermediate goods,traditional_trade_int,2020,ASEAN,"Agriculture, forestry and fishing",2.3933334190263,import,3.613526559,0.662326228948108,938.481780661,0,ASEAN(0),-2.3933334190263
traditional: intermediate goods,traditional_trade_int,2020,ASEAN,Mining and Quarrying,10.0988018524924,import,15.375087951,0.656828883494975,938.481780661,0.02,ASEAN(0.02),-10.0988018524924
traditional: intermediate goods,traditional_trade_int,2020,ASEAN,Services,20.594385554472,import,51.470085785,0.400123396733757,938.481780661,0.05,ASEAN(0.05),-20.594385554472
traditional: intermediate goods,traditional_trade_int,2020,ASEAN,Manufacturing,22.4516432758685,import,71.234054,0.315181321504859,938.481780661,0.08,ASEAN(0.08),-22.4516432758685
traditional: final goods,traditional_trade_fin,2020,ASEAN,"Agriculture, forestry and fishing",0.55752268816356,import,3.613526559,0.154287696260311,938.481780661,0,ASEAN(0),-0.55752268816356
traditional: final goods,traditional_trade_fin,2020,ASEAN,Mining and Quarrying,0.00152176201312512,import,15.375087951,9.89758249172257e-05,938.481780661,0.02,ASEAN(0.02),-0.00152176201312512
traditional: final goods,traditional_trade_fin,2020,ASEAN,Services,8.98392321847057,import,51.470085785,0.174546497862818,938.481780661,0.05,ASEAN(0.05),-8.98392321847057
traditional: final goods,traditional_trade_fin,2020,ASEAN,Manufacturing,15.0884587353806,import,71.234054,0.211815246895546,938.481780661,0.08,ASEAN(0.08),-15.0884587353806
gvc: backward,gvcbp,2020,ASEAN,"Agriculture, forestry and fishing",0.491195792116195,import,3.613526559,0.135932525773971,938.481780661,0,ASEAN(0),-0.491195792116195
gvc: backward,gvcbp,2020,ASEAN,Mining and Quarrying,2.51180025880248,import,15.375087951,0.16336818799395,938.481780661,0.02,ASEAN(0.02),-2.51180025880248
gvc: backward,gvcbp,2020,ASEAN,Services,14.4571014247648,import,51.470085785,0.280883569636056,938.481780661,0.05,ASEAN(0.05),-14.4571014247648
gvc: backward,gvcbp,2020,ASEAN,Manufacturing,23.5265996023851,import,71.234054,0.330271805145122,938.481780661,0.08,ASEAN(0.08),-23.5265996023851
gvc: forward,gvcfp,2020,ASEAN,"Agriculture, forestry and fishing",0.147255853092896,import,3.613526559,0.0407512856730316,938.481780661,0,ASEAN(0),-0.147255853092896
gvc: forward,gvcfp,2020,ASEAN,Mining and Quarrying,2.19535091539641,import,15.375087951,0.142786234614913,938.481780661,0.02,ASEAN(0.02),-2.19535091539641
gvc: forward,gvcfp,2020,ASEAN,Services,4.67641478829645,import,51.470085785,0.0908569456796847,938.481780661,0.05,ASEAN(0.05),-4.67641478829645
gvc: forward,gvcfp,2020,ASEAN,Manufacturing,6.24936282951809,import,71.234054,0.0877299897815459,938.481780661,0.08,ASEAN(0.08),-6.24936282951809
gvc: mixed,gvcmix,2020,ASEAN,"Agriculture, forestry and fishing",0.0242188066010474,import,3.613526559,0.00670226334457872,938.481780661,0,ASEAN(0),-0.0242188066010474
gvc: mixed,gvcmix,2020,ASEAN,Mining and Quarrying,0.567613162295614,import,15.375087951,0.036917718071245,938.481780661,0.02,ASEAN(0.02),-0.567613162295614
gvc: mixed,gvcmix,2020,ASEAN,Services,2.7582607989961,import,51.470085785,0.0535895900876845,938.481780661,0.05,ASEAN(0.05),-2.7582607989961
gvc: mixed,gvcmix,2020,ASEAN,Manufacturing,3.91798955684773,import,71.234054,0.0550016366729279,938.481780661,0.08,ASEAN(0.08),-3.91798955684773
traditional: intermediate goods,traditional_trade_int,2020,Europe,"Agriculture, forestry and fishing",0.862654689336119,import,1.462290079,0.589934036840387,938.481780661,0,Europe(0),-0.862654689336119
traditional: intermediate goods,traditional_trade_int,2020,Europe,Mining and Quarrying,4.3497850179297,import,6.836223098,0.636284825052341,938.481780661,0.01,Europe(0.01),-4.3497850179297
traditional: intermediate goods,traditional_trade_int,2020,Europe,Services,44.818989374672,import,99.742413694,0.449347350989242,938.481780661,0.11,Europe(0.11),-44.818989374672
traditional: intermediate goods,traditional_trade_int,2020,Europe,Manufacturing,30.4116033665537,import,84.176295001,0.361284651055174,938.481780661,0.09,Europe(0.09),-30.4116033665537
traditional: final goods,traditional_trade_fin,2020,Europe,"Agriculture, forestry and fishing",0.221228254246212,import,1.462290079,0.151288897752422,938.481780661,0,Europe(0),-0.221228254246212
traditional: final goods,traditional_trade_fin,2020,Europe,Mining and Quarrying,0.0307606551771682,import,6.836223098,0.00449965642375943,938.481780661,0.01,Europe(0.01),-0.0307606551771682
traditional: final goods,traditional_trade_fin,2020,Europe,Services,19.6230991234604,import,99.742413694,0.196737760765066,938.481780661,0.11,Europe(0.11),-19.6230991234604
traditional: final goods,traditional_trade_fin,2020,Europe,Manufacturing,18.160205627216,import,84.176295001,0.215740139513153,938.481780661,0.09,Europe(0.09),-18.160205627216
gvc: backward,gvcbp,2020,Europe,"Agriculture, forestry and fishing",0.301300218136539,import,1.462290079,0.206046818250033,938.481780661,0,Europe(0),-0.301300218136539
gvc: backward,gvcbp,2020,Europe,Mining and Quarrying,0.403277301743186,import,6.836223098,0.0589912435510141,938.481780661,0.01,Europe(0.01),-0.403277301743186
gvc: backward,gvcbp,2020,Europe,Services,22.5242595734574,import,99.742413694,0.225824288176538,938.481780661,0.11,Europe(0.11),-22.5242595734574
gvc: backward,gvcbp,2020,Europe,Manufacturing,22.2694289246825,import,84.176295001,0.264557010075318,938.481780661,0.09,Europe(0.09),-22.2694289246825
gvc: forward,gvcfp,2020,Europe,"Agriculture, forestry and fishing",0.0602732522615594,import,1.462290079,0.0412183964913294,938.481780661,0,Europe(0),-0.0602732522615594
gvc: forward,gvcfp,2020,Europe,Mining and Quarrying,1.77687307289765,import,6.836223098,0.259920287478255,938.481780661,0.01,Europe(0.01),-1.77687307289765
gvc: forward,gvcfp,2020,Europe,Services,9.43681606392111,import,99.742413694,0.0946118678546556,938.481780661,0.11,Europe(0.11),-9.43681606392111
gvc: forward,gvcfp,2020,Europe,Manufacturing,9.06068140608048,import,84.176295001,0.10763934675401,938.481780661,0.09,Europe(0.09),-9.06068140608048
gvc: mixed,gvcmix,2020,Europe,"Agriculture, forestry and fishing",0.0168336650195717,import,1.462290079,0.0115118506658293,938.481780661,0,Europe(0),-0.0168336650195717
gvc: mixed,gvcmix,2020,Europe,Mining and Quarrying,0.275527050252293,import,6.836223098,0.0403039874946301,938.481780661,0.01,Europe(0.01),-0.275527050252293
gvc: mixed,gvcmix,2020,Europe,Services,3.33924955848913,import,99.742413694,0.0334787322144983,938.481780661,0.11,Europe(0.11),-3.33924955848913
gvc: mixed,gvcmix,2020,Europe,Manufacturing,4.27437567646732,import,84.176295001,0.0507788526023454,938.481780661,0.09,Europe(0.09),-4.27437567646732
traditional: intermediate goods,traditional_trade_int,2020,N.America,"Agriculture, forestry and fishing",7.29481367640807,import,11.786906624,0.618891275642643,938.481780661,0.01,N.America(0.01),-7.29481367640807
traditional: intermediate goods,traditional_trade_int,2020,N.America,Mining and Quarrying,4.65533163390222,import,7.572888188,0.614736612812937,938.481780661,0.01,N.America(0.01),-4.65533163390222
traditional: intermediate goods,traditional_trade_int,2020,N.America,Services,56.0937452248829,import,95.960126681,0.584552638319822,938.481780661,0.1,N.America(0.1),-56.0937452248829
traditional: intermediate goods,traditional_trade_int,2020,N.America,Manufacturing,23.6069032011234,import,58.859456964,0.401072392080716,938.481780661,0.06,N.America(0.06),-23.6069032011234
traditional: final goods,traditional_trade_fin,2020,N.America,"Agriculture, forestry and fishing",1.75259268219269,import,11.786906624,0.1486897909774,938.481780661,0.01,N.America(0.01),-1.75259268219269
traditional: final goods,traditional_trade_fin,2020,N.America,Mining and Quarrying,0.0485724357089756,import,7.572888188,0.00641399087153346,938.481780661,0.01,N.America(0.01),-0.0485724357089756
traditional: final goods,traditional_trade_fin,2020,N.America,Services,24.3990743570675,import,95.960126681,0.254262631792653,938.481780661,0.1,N.America(0.1),-24.3990743570675
traditional: final goods,traditional_trade_fin,2020,N.America,Manufacturing,15.5402231763994,import,58.859456964,0.26402253737924,938.481780661,0.06,N.America(0.06),-15.5402231763994
gvc: backward,gvcbp,2020,N.America,"Agriculture, forestry and fishing",2.23927147950274,import,11.786906624,0.189979572328437,938.481780661,0.01,N.America(0.01),-2.23927147950274
gvc: backward,gvcbp,2020,N.America,Mining and Quarrying,0.714639822593235,import,7.572888188,0.094368199404509,938.481780661,0.01,N.America(0.01),-0.714639822593235
gvc: backward,gvcbp,2020,N.America,Services,4.26666194617455,import,95.960126681,0.0444628627925659,938.481780661,0.1,N.America(0.1),-4.26666194617455
gvc: backward,gvcbp,2020,N.America,Manufacturing,10.1544893583391,import,58.859456964,0.172520948750001,938.481780661,0.06,N.America(0.06),-10.1544893583391
gvc: forward,gvcfp,2020,N.America,"Agriculture, forestry and fishing",0.401086199734121,import,11.786906624,0.0340281137815622,938.481780661,0.01,N.America(0.01),-0.401086199734121
gvc: forward,gvcfp,2020,N.America,Mining and Quarrying,1.89686960731089,import,7.572888188,0.250481660394335,938.481780661,0.01,N.America(0.01),-1.89686960731089
gvc: forward,gvcfp,2020,N.America,Services,10.6133049566876,import,95.960126681,0.110601197849284,938.481780661,0.1,N.America(0.1),-10.6133049566876
gvc: forward,gvcfp,2020,N.America,Manufacturing,7.52554961327763,import,58.859456964,0.12785625286826,938.481780661,0.06,N.America(0.06),-7.52554961327763
gvc: mixed,gvcmix,2020,N.America,"Agriculture, forestry and fishing",0.0991425861623667,import,11.786906624,0.00841124726995775,938.481780661,0.01,N.America(0.01),-0.0991425861623667
gvc: mixed,gvcmix,2020,N.America,Mining and Quarrying,0.257474688484684,import,7.572888188,0.0339995365166857,938.481780661,0.01,N.America(0.01),-0.257474688484684
gvc: mixed,gvcmix,2020,N.America,Services,0.587340196187469,import,95.960126681,0.00612066924567495,938.481780661,0.1,N.America(0.1),-0.587340196187469
gvc: mixed,gvcmix,2020,N.America,Manufacturing,2.03229161486039,import,58.859456964,0.0345278689217842,938.481780661,0.06,N.America(0.06),-2.03229161486039
traditional: intermediate goods,traditional_trade_int,2020,ROW,"Agriculture, forestry and fishing",3.74905377518938,import,5.809850395,0.645292653045911,938.481780661,0.01,ROW(0.01),-3.74905377518938
traditional: intermediate goods,traditional_trade_int,2020,ROW,Mining and Quarrying,44.109942195838,import,60.670701853,0.727038600982608,938.481780661,0.06,ROW(0.06),-44.109942195838
traditional: intermediate goods,traditional_trade_int,2020,ROW,Services,20.5726973006193,import,40.397245362,0.509259904141166,938.481780661,0.04,ROW(0.04),-20.5726973006193
traditional: intermediate goods,traditional_trade_int,2020,ROW,Manufacturing,18.4605965295919,import,52.275586509,0.353139921757045,938.481780661,0.06,ROW(0.06),-18.4605965295919
traditional: final goods,traditional_trade_fin,2020,ROW,"Agriculture, forestry and fishing",0.931862493943968,import,5.809850395,0.160393543824456,938.481780661,0.01,ROW(0.01),-0.931862493943968
traditional: final goods,traditional_trade_fin,2020,ROW,Mining and Quarrying,0.0320577881232643,import,60.670701853,0.000528389933594926,938.481780661,0.06,ROW(0.06),-0.0320577881232643
traditional: final goods,traditional_trade_fin,2020,ROW,Services,10.3256179135018,import,40.397245362,0.255602029815989,938.481780661,0.04,ROW(0.04),-10.3256179135018
traditional: final goods,traditional_trade_fin,2020,ROW,Manufacturing,12.5651844459821,import,52.275586509,0.240364294025067,938.481780661,0.06,ROW(0.06),-12.5651844459821
gvc: backward,gvcbp,2020,ROW,"Agriculture, forestry and fishing",0.880756754245681,import,5.809850395,0.151597148698298,938.481780661,0.01,ROW(0.01),-0.880756754245681
gvc: backward,gvcbp,2020,ROW,Mining and Quarrying,3.43188864244873,import,60.670701853,0.0565658305843223,938.481780661,0.06,ROW(0.06),-3.43188864244873
gvc: backward,gvcbp,2020,ROW,Services,4.1207423732261,import,40.397245362,0.102005528750787,938.481780661,0.04,ROW(0.04),-4.1207423732261
gvc: backward,gvcbp,2020,ROW,Manufacturing,12.8378770575736,import,52.275586509,0.245580736915565,938.481780661,0.06,ROW(0.06),-12.8378770575736
gvc: forward,gvcfp,2020,ROW,"Agriculture, forestry and fishing",0.209061436086533,import,5.809850395,0.0359839620425429,938.481780661,0.01,ROW(0.01),-0.209061436086533
gvc: forward,gvcfp,2020,ROW,Mining and Quarrying,11.9237384682491,import,60.670701853,0.196532067440711,938.481780661,0.06,ROW(0.06),-11.9237384682491
gvc: forward,gvcfp,2020,ROW,Services,4.61317978306669,import,40.397245362,0.114195404704651,938.481780661,0.04,ROW(0.04),-4.61317978306669
gvc: forward,gvcfp,2020,ROW,Manufacturing,5.88118284009398,import,52.275586509,0.112503431005627,938.481780661,0.06,ROW(0.06),-5.88118284009398
gvc: mixed,gvcmix,2020,ROW,"Agriculture, forestry and fishing",0.0391159355344343,import,5.809850395,0.00673269238879158,938.481780661,0.01,ROW(0.01),-0.0391159355344343
gvc: mixed,gvcmix,2020,ROW,Mining and Quarrying,1.17307475834092,import,60.670701853,0.019335111058764,938.481780661,0.06,ROW(0.06),-1.17307475834092
gvc: mixed,gvcmix,2020,ROW,Services,0.765007991586196,import,40.397245362,0.0189371325874067,938.481780661,0.04,ROW(0.04),-0.765007991586196
gvc: mixed,gvcmix,2020,ROW,Manufacturing,2.53074563575841,import,52.275586509,0.0484116162966954,938.481780661,0.06,ROW(0.06),-2.53074563575841
