variable,type,t,value,flow,gtrade,share
traditional_trade_int,traditional: intermediate goods,2020,258392.841381813,export,783818.407598,0.329659062452558
traditional_trade_int,traditional: intermediate goods,2010,245473.651089444,export,821958.260655,0.298644910380037
traditional_trade_int,traditional: intermediate goods,2016,250379.239148756,export,791452.810206,0.316353970723267
traditional_trade_int,traditional: intermediate goods,2004,189859.657409821,export,614748.45061,0.308841213379924
traditional_trade_int,traditional: intermediate goods,2013,237617.667775,export,801348.08474,0.296522413043634
traditional_trade_int,traditional: intermediate goods,2001,148132.70059922,export,447079.1995,0.331334360365874
traditional_trade_int,traditional: intermediate goods,2005,197956.468083429,export,654896.324818,0.302271459743559
traditional_trade_int,traditional: intermediate goods,2018,277521.977030294,export,907592.42391,0.305778199243556
traditional_trade_int,traditional: intermediate goods,2007,224619.141408675,export,767700.113064,0.292587089133266
traditional_trade_int,traditional: intermediate goods,2008,241506.367710874,export,845471.7595,0.285646877021294
traditional_trade_int,traditional: intermediate goods,2012,251905.33660352,export,865439.88573,0.291072021011648
traditional_trade_int,traditional: intermediate goods,2015,230520.189982477,export,758601.614665,0.303875163888591
traditional_trade_int,traditional: intermediate goods,2019,272946.324524798,export,883459.248517,0.308951799398753
traditional_trade_int,traditional: intermediate goods,2011,258591.428831916,export,887651.284563001,0.291320965033271
traditional_trade_int,traditional: intermediate goods,2017,264536.336920756,export,852060.018454,0.310466787774806
traditional_trade_int,traditional: intermediate goods,2006,208085.461552297,export,701695.130028,0.296546823039792
traditional_trade_int,traditional: intermediate goods,2002,151203.237446958,export,454995.418438,0.332318153809194
traditional_trade_int,traditional: intermediate goods,2014,245470.97769712,export,831210.200631,0.295317571308407
traditional_trade_int,traditional: intermediate goods,2009,202016.052321712,export,633436.011811,0.318921009470468
traditional_trade_int,traditional: intermediate goods,2003,166020.475492578,export,514909.079196,0.322426778241722
traditional_trade_int,traditional: intermediate goods,1977,16644.6477365028,export,48665.0413673868,0.342024732103842
traditional_trade_int,traditional: intermediate goods,1992,70842.3717330895,export,246998.865053273,0.286812539473855
traditional_trade_int,traditional: intermediate goods,1999,100699.405457656,export,337231.240165132,0.298606396632609
traditional_trade_int,traditional: intermediate goods,1998,91952.1595853464,export,308420.772579834,0.298138672101098
traditional_trade_int,traditional: intermediate goods,1973,9333.50737165801,export,25397.9760063271,0.36749020352381
traditional_trade_int,traditional: intermediate goods,1986,41165.6286426015,export,166265.572519234,0.247589612322415
traditional_trade_int,traditional: intermediate goods,1988,62243.7871870368,export,215357.267074649,0.289025710776044
traditional_trade_int,traditional: intermediate goods,1993,82100.2175578844,export,266798.047063629,0.307724207360124
traditional_trade_int,traditional: intermediate goods,1994,97210.4244601287,export,302127.791286037,0.321752673086918
traditional_trade_int,traditional: intermediate goods,1968,4117.63460402654,export,9375.72043413666,0.439180608354573
traditional_trade_int,traditional: intermediate goods,1967,3277.24946127937,export,7324.43412711324,0.447440635604573
traditional_trade_int,traditional: intermediate goods,1991,67052.4755060524,export,237966.296354965,0.281772992785638
traditional_trade_int,traditional: intermediate goods,1990,62786.3942994521,export,222463.638422647,0.282232164971462
traditional_trade_int,traditional: intermediate goods,1983,25999.580712996,export,98374.1088937478,0.264292922247232
traditional_trade_int,traditional: intermediate goods,1985,32067.0687797795,export,130316.715963816,0.246070264605834
traditional_trade_int,traditional: intermediate goods,1982,23538.7899786018,export,87825.0960691683,0.268018949390768
traditional_trade_int,traditional: intermediate goods,1980,24264.5751733614,export,82647.0638044275,0.293592706823561
traditional_trade_int,traditional: intermediate goods,1970,5306.04200354971,export,12883.8141097471,0.411837826776425
traditional_trade_int,traditional: intermediate goods,1974,12509.3610109132,export,33010.8852423474,0.378946548057601
traditional_trade_int,traditional: intermediate goods,1979,23472.1336109266,export,71270.193727356,0.329340112371788
traditional_trade_int,traditional: intermediate goods,1978,22583.9649007665,export,64852.3753202385,0.348236510833224
traditional_trade_int,traditional: intermediate goods,1996,102483.576609115,export,312557.685428871,0.327886919396956
traditional_trade_int,traditional: intermediate goods,1971,6350.50547751165,export,15937.0634915977,0.39847400249486
traditional_trade_int,traditional: intermediate goods,1981,25732.4226211434,export,94458.4548385836,0.272420533081094
traditional_trade_int,traditional: intermediate goods,1969,4749.19352680892,export,11136.2949903989,0.42646082300293
traditional_trade_int,traditional: intermediate goods,2000,111118.979104374,export,378710.111790421,0.293414344230311
traditional_trade_int,traditional: intermediate goods,1989,65408.6661157728,export,221329.87808143,0.295525695323016
traditional_trade_int,traditional: intermediate goods,1984,29397.5549302807,export,115851.212761343,0.253752673188156
traditional_trade_int,traditional: intermediate goods,1997,98948.1789751487,export,323723.934880676,0.305656049224845
traditional_trade_int,traditional: intermediate goods,1976,14714.3410663327,export,42319.2394537033,0.347698617845672
traditional_trade_int,traditional: intermediate goods,1966,3200.51844632582,export,6893.2840521846,0.464295163538418
traditional_trade_int,traditional: intermediate goods,1975,12460.6809613434,export,32416.2278315613,0.384396390168856
traditional_trade_int,traditional: intermediate goods,1987,51506.2706294031,export,187786.409136138,0.274281141358121
traditional_trade_int,traditional: intermediate goods,1965,2804.49060298444,export,5883.0753766795,0.476704856460183
traditional_trade_int,traditional: intermediate goods,1995,111253.463908046,export,334633.25260499,0.332463863175524
traditional_trade_int,traditional: intermediate goods,1972,7705.10239477502,export,20590.9388711704,0.374198692103497
traditional_trade_fin,traditional: final goods,2020,211580.106046088,export,783818.407598,0.269935107411514
traditional_trade_fin,traditional: final goods,2010,255201.554203356,export,821958.260655,0.310479943348938
traditional_trade_fin,traditional: final goods,2016,237194.676073683,export,791452.810206,0.299695285701173
traditional_trade_fin,traditional: final goods,2004,215662.975204746,export,614748.45061,0.350814995939801
traditional_trade_fin,traditional: final goods,2013,226626.24617568,export,801348.08474,0.282806249233389
traditional_trade_fin,traditional: final goods,2001,159444.588041104,export,447079.1995,0.356636113286912
traditional_trade_fin,traditional: final goods,2005,225476.839435154,export,654896.324818,0.344293945301672
traditional_trade_fin,traditional: final goods,2018,268489.661359245,export,907592.42391,0.29582624786858
traditional_trade_fin,traditional: final goods,2007,243180.797242673,export,767700.113064,0.316765352908577
traditional_trade_fin,traditional: final goods,2008,256280.938200602,export,845471.7595,0.303121819647959
traditional_trade_fin,traditional: final goods,2012,258137.415670337,export,865439.88573,0.2982730746834
traditional_trade_fin,traditional: final goods,2015,221082.877063728,export,758601.614665,0.29143475678121
traditional_trade_fin,traditional: final goods,2019,261940.837088682,export,883459.248517,0.296494532745436
traditional_trade_fin,traditional: final goods,2011,262925.767411954,export,887651.284563001,0.296203894462221
traditional_trade_fin,traditional: final goods,2017,250885.549332323,export,852060.018454,0.294445865195666
traditional_trade_fin,traditional: final goods,2006,227578.716303672,export,701695.130028,0.324327056815387
traditional_trade_fin,traditional: final goods,2002,161726.525380672,export,454995.418438,0.355446492045743
traditional_trade_fin,traditional: final goods,2014,228478.155255062,export,831210.200631,0.274874099333257
traditional_trade_fin,traditional: final goods,2009,190238.858336821,export,633436.011811,0.300328454318418
traditional_trade_fin,traditional: final goods,2003,182513.417903136,export,514909.079196,0.354457564019107
traditional_trade_fin,traditional: final goods,1977,23086.9336492848,export,48665.0413673868,0.474404891079713
traditional_trade_fin,traditional: final goods,1992,131042.864587388,export,246998.865053273,0.530540351102925
traditional_trade_fin,traditional: final goods,1999,157717.155224197,export,337231.240165132,0.467682517037767
traditional_trade_fin,traditional: final goods,1998,143816.819399356,export,308420.772579834,0.466300691086328
traditional_trade_fin,traditional: final goods,1973,12093.911274562,export,25397.9760063271,0.476176183155273
traditional_trade_fin,traditional: final goods,1986,99474.7917952618,export,166265.572519234,0.598288571037486
traditional_trade_fin,traditional: final goods,1988,115647.514436666,export,215357.267074649,0.537003074043374
traditional_trade_fin,traditional: final goods,1993,135109.761988725,export,266798.047063629,0.506412110117516
traditional_trade_fin,traditional: final goods,1994,144655.555688761,export,302127.791286037,0.478789306581233
traditional_trade_fin,traditional: final goods,1968,3840.7876094483,export,9375.72043413666,0.409652531389922
traditional_trade_fin,traditional: final goods,1967,2917.8541473161,export,7324.43412711324,0.398372638305932
traditional_trade_fin,traditional: final goods,1991,126030.748799109,export,237966.296354965,0.529615961291904
traditional_trade_fin,traditional: final goods,1990,116754.24204975,export,222463.638422647,0.524823934722917
traditional_trade_fin,traditional: final goods,1983,54059.7825492955,export,98374.1088937478,0.54953262761124
traditional_trade_fin,traditional: final goods,1985,75983.1576952833,export,130316.715963816,0.583065320003774
traditional_trade_fin,traditional: final goods,1982,46924.6493768115,export,87825.0960691683,0.53429659034879
traditional_trade_fin,traditional: final goods,1980,41152.388490959,export,82647.0638044275,0.497929225753745
traditional_trade_fin,traditional: final goods,1970,5556.77038504483,export,12883.8141097471,0.431298553185497
traditional_trade_fin,traditional: final goods,1974,13657.1147338765,export,33010.8852423474,0.413715495165115
traditional_trade_fin,traditional: final goods,1979,34097.2100589035,export,71270.193727356,0.47842173951908
traditional_trade_fin,traditional: final goods,1978,31280.1981487329,export,64852.3753202385,0.482329259248756
traditional_trade_fin,traditional: final goods,1996,137549.832339485,export,312557.685428871,0.44007822796214
traditional_trade_fin,traditional: final goods,1971,7190.52843426146,export,15937.0634915977,0.451182768899204
traditional_trade_fin,traditional: final goods,1981,50030.06002557,export,94458.4548385836,0.529651475996135
traditional_trade_fin,traditional: final goods,1969,4720.24408059848,export,11136.2949903989,0.42386126487023
traditional_trade_fin,traditional: final goods,2000,169378.029097469,export,378710.111790421,0.447249819384816
traditional_trade_fin,traditional: final goods,1989,115297.976921064,export,221329.87808143,0.520932726844247
traditional_trade_fin,traditional: final goods,1984,64568.5623109548,export,115851.212761343,0.55734040906389
traditional_trade_fin,traditional: final goods,1997,145868.51175115,export,323723.934880676,0.450595387100174
traditional_trade_fin,traditional: final goods,1976,19418.8721678814,export,42319.2394537033,0.458866284426624
traditional_trade_fin,traditional: final goods,1966,2668.01830465629,export,6893.2840521846,0.387046041401812
traditional_trade_fin,traditional: final goods,1975,13458.9507687973,export,32416.2278315613,0.415191762555831
traditional_trade_fin,traditional: final goods,1987,106164.642504642,export,187786.409136138,0.565347849149595
traditional_trade_fin,traditional: final goods,1965,2202.713238514,export,5883.0753766795,0.374415267097469
traditional_trade_fin,traditional: final goods,1995,148841.014523456,export,334633.25260499,0.444788476234166
traditional_trade_fin,traditional: final goods,1972,10051.1324029548,export,20590.9388711704,0.48813375950659
gvcbp,gvc: backward,2020,98430.1293354894,export,783818.407598,0.125577721040167
gvcbp,gvc: backward,2010,91504.6351952886,export,821958.260655,0.111325160382682
gvcbp,gvc: backward,2016,91026.593143729,export,791452.810206,0.115012028474618
gvcbp,gvc: backward,2004,54047.752631438,export,614748.45061,0.0879184853216104
gvcbp,gvc: backward,2013,108415.336641865,export,801348.08474,0.135291190815089
gvcbp,gvc: backward,2001,37175.0188395633,export,447079.1995,0.0831508575687233
gvcbp,gvc: backward,2005,65218.7310798979,export,654896.324818,0.0995863445989297
gvcbp,gvc: backward,2018,120489.078907658,export,907592.42391,0.132756814329255
gvcbp,gvc: backward,2007,91654.0816887868,export,767700.113064,0.119387870509726
gvcbp,gvc: backward,2008,110042.123483105,export,845471.7595,0.130154700315694
gvcbp,gvc: backward,2012,107490.404810055,export,865439.88573,0.12420320184271
gvcbp,gvc: backward,2015,98205.3465736972,export,758601.614665,0.129455757376769
gvcbp,gvc: backward,2019,115053.434631753,export,883459.248517,0.130230607495349
gvcbp,gvc: backward,2011,109192.09353588,export,887651.284563001,0.123012375957566
gvcbp,gvc: backward,2017,104956.176001148,export,852060.018454,0.123179322733137
gvcbp,gvc: backward,2006,78752.300141888,export,701695.130028,0.112231504497894
gvcbp,gvc: backward,2002,37733.1401188769,export,454995.418438,0.0829308133440438
gvcbp,gvc: backward,2014,118357.814222698,export,831210.200631,0.142392158003894
gvcbp,gvc: backward,2009,66349.2680294129,export,633436.011811,0.104745020479211
gvcbp,gvc: backward,2003,43416.9791382334,export,514909.079196,0.0843197001032229
gvcbp,gvc: backward,1977,3789.7405699961,export,48665.0413673868,0.077873982298427
gvcbp,gvc: backward,1992,10799.1610513213,export,246998.865053273,0.0437215006999815
gvcbp,gvc: backward,1999,17322.6611377878,export,337231.240165132,0.0513673084655664
gvcbp,gvc: backward,1998,16172.8624892775,export,308420.772579834,0.0524376563679451
gvcbp,gvc: backward,1973,1641.43182617731,export,25397.9760063271,0.0646284501476968
gvcbp,gvc: backward,1986,8211.45189155195,export,166265.572519234,0.0493875657307351
gvcbp,gvc: backward,1988,10029.0268957541,export,215357.267074649,0.0465692522568915
gvcbp,gvc: backward,1993,10693.5655638549,export,266798.047063629,0.0400811238371044
gvcbp,gvc: backward,1994,12353.2196581464,export,302127.791286037,0.0408873993536434
gvcbp,gvc: backward,1968,686.66249134516,export,9375.72043413666,0.0732383709784099
gvcbp,gvc: backward,1967,560.902010647277,export,7324.43412711324,0.0765795692763427
gvcbp,gvc: backward,1991,12042.6862167937,export,237966.296354965,0.0506066884313319
gvcbp,gvc: backward,1990,12848.4083584117,export,222463.638422647,0.0577550940437364
gvcbp,gvc: backward,1983,8167.48074159674,export,98374.1088937478,0.0830246986066048
gvcbp,gvc: backward,1985,9712.52573067562,export,130316.715963816,0.0745301603009428
gvcbp,gvc: backward,1982,8253.03120228919,export,87825.0960691683,0.0939712174728436
gvcbp,gvc: backward,1980,8293.29087024686,export,82647.0638044275,0.100345862133369
gvcbp,gvc: backward,1970,922.999994154232,export,12883.8141097471,0.0716402756429048
gvcbp,gvc: backward,1974,3252.16682696749,export,33010.8852423474,0.0985180131672297
gvcbp,gvc: backward,1979,5854.09499337052,export,71270.193727356,0.0821394567238775
gvcbp,gvc: backward,1978,4070.14485727016,export,64852.3753202385,0.0627601508375282
gvcbp,gvc: backward,1996,16229.1609760288,export,312557.685428871,0.0519237303468004
gvcbp,gvc: backward,1971,1054.02765823269,export,15937.0634915977,0.0661368801591583
gvcbp,gvc: backward,1981,9031.84004975637,export,94458.4548385836,0.0956170632389714
gvcbp,gvc: backward,1969,782.952480515395,export,11136.2949903989,0.0703063704032996
gvcbp,gvc: backward,2000,22770.1705003501,export,378710.111790421,0.0601255941984226
gvcbp,gvc: backward,1989,11607.0990541745,export,221329.87808143,0.0524425312786017
gvcbp,gvc: backward,1984,9676.55405218283,export,115851.212761343,0.0835257035428433
gvcbp,gvc: backward,1997,18223.1672969742,export,323723.934880676,0.0562923075295351
gvcbp,gvc: backward,1976,3629.5495020173,export,42319.2394537033,0.0857659435488669
gvcbp,gvc: backward,1966,512.5431241646,export,6893.2840521846,0.0743539828453995
gvcbp,gvc: backward,1975,2906.84562421268,export,32416.2278315613,0.0896725442367016
gvcbp,gvc: backward,1987,8495.33317444852,export,187786.409136138,0.0452393398091431
gvcbp,gvc: backward,1965,439.276352051956,export,5883.0753766795,0.0746678095938133
gvcbp,gvc: backward,1995,14918.3702780269,export,334633.25260499,0.0445812547375168
gvcbp,gvc: backward,1972,1173.28111328817,export,20590.9388711704,0.0569804573083792
gvcfp,gvc: forward,2020,179117.600183237,export,783818.407598,0.228519257071469
gvcfp,gvc: forward,2010,191318.351857428,export,821958.260655,0.232759205686394
gvcfp,gvc: forward,2016,179297.695751528,export,791452.810206,0.226542496835484
gvcfp,gvc: forward,2004,135492.030089165,export,614748.45061,0.220402393783538
gvcfp,gvc: forward,2013,183020.306381904,export,801348.08474,0.228390520757637
gvcfp,gvc: forward,2001,90532.4242555967,export,447079.1995,0.202497509069636
gvcfp,gvc: forward,2005,142164.279353004,export,654896.324818,0.217079061166685
gvcfp,gvc: forward,2018,196727.311206343,export,907592.42391,0.216757330739741
gvcfp,gvc: forward,2007,170661.093267178,export,767700.113064,0.222301769093201
gvcfp,gvc: forward,2008,190337.549781547,export,845471.7595,0.225125851505803
gvcfp,gvc: forward,2012,201245.440761641,export,865439.88573,0.232535435539685
gvcfp,gvc: forward,2015,170410.525436577,export,758601.614665,0.224637704616317
gvcfp,gvc: forward,2019,192712.15136995,export,883459.248517,0.218133605702178
gvcfp,gvc: forward,2011,208619.464592689,export,887651.284563001,0.235024122896859
gvcfp,gvc: forward,2017,191709.749547636,export,852060.018454,0.224995593497603
gvcfp,gvc: forward,2006,155296.618432219,export,701695.130028,0.221316369155964
gvcfp,gvc: forward,2002,92254.0170660091,export,454995.418438,0.202758123109717
gvcfp,gvc: forward,2014,189106.816257708,export,831210.200631,0.227507814646825
gvcfp,gvc: forward,2009,147030.50480935,export,633436.011811,0.23211579712525
gvcfp,gvc: forward,2003,108340.857692727,export,514909.079196,0.210407743949466
gvcfp,gvc: forward,1977,4628.95873492884,export,48665.0413673868,0.0951187670834072
gvcfp,gvc: forward,1992,32435.2339604446,export,246998.865053273,0.131317340075425
gvcfp,gvc: forward,1999,57526.6812416509,export,337231.240165132,0.170585267288647
gvcfp,gvc: forward,1998,52776.8184564181,export,308420.772579834,0.17111953262732
gvcfp,gvc: forward,1973,2158.98328298837,export,25397.9760063271,0.0850061155444248
gvcfp,gvc: forward,1986,16328.1299516763,export,166265.572519234,0.0982051166953847
gvcfp,gvc: forward,1988,25824.4142717889,export,215357.267074649,0.119914292294754
gvcfp,gvc: forward,1993,36971.9526717368,export,266798.047063629,0.138576549111393
gvcfp,gvc: forward,1994,45478.8514752752,export,302127.791286037,0.150528527288701
gvcfp,gvc: forward,1968,676.100697062664,export,9375.72043413666,0.0721118661560135
gvcfp,gvc: forward,1967,524.066226606285,export,7324.43412711324,0.0715504047836709
gvcfp,gvc: forward,1991,30732.5040942142,export,237966.296354965,0.129146457145224
gvcfp,gvc: forward,1990,27889.1977852026,export,222463.638422647,0.125365196680895
gvcfp,gvc: forward,1983,9088.78715582335,export,98374.1088937478,0.0923900328859902
gvcfp,gvc: forward,1985,11383.5510659743,export,130316.715963816,0.0873529614507405
gvcfp,gvc: forward,1982,8019.5077239324,export,87825.0960691683,0.0913122567792751
gvcfp,gvc: forward,1980,7761.5927879594,export,82647.0638044275,0.0939125049418102
gvcfp,gvc: forward,1970,1014.44326115653,export,12883.8141097471,0.07873780640696
gvcfp,gvc: forward,1974,3152.44667805456,export,33010.8852423474,0.0954971869100469
gvcfp,gvc: forward,1979,7041.63172396127,export,71270.193727356,0.098801916421036
gvcfp,gvc: forward,1978,6377.96838461562,export,64852.3753202385,0.0983459488279568
gvcfp,gvc: forward,1996,52629.9493622875,export,312557.685428871,0.16838475524949
gvcfp,gvc: forward,1971,1245.3261755203,export,15937.0634915977,0.0781402531386573
gvcfp,gvc: forward,1981,8489.51515825963,export,94458.4548385836,0.0898756513936952
gvcfp,gvc: forward,1969,820.41085223091,export,11136.2949903989,0.0736700000258814
gvcfp,gvc: forward,2000,69664.1830564708,export,378710.111790421,0.18395120934881
gvcfp,gvc: forward,1989,27086.859711796,export,221329.87808143,0.122382300783767
gvcfp,gvc: forward,1984,10947.1673649595,export,115851.212761343,0.0944933342002291
gvcfp,gvc: forward,1997,56358.5252071172,export,323723.934880676,0.174094403084192
gvcfp,gvc: forward,1976,4057.41941464022,export,42319.2394537033,0.0958764729002037
gvcfp,gvc: forward,1966,472.761743329912,export,6893.2840521846,0.0685829482364195
gvcfp,gvc: forward,1975,3163.48833348349,export,32416.2278315613,0.0975896501567476
gvcfp,gvc: forward,1987,20378.782744638,export,187786.409136138,0.108521073694232
gvcfp,gvc: forward,1965,401.883701318312,export,5883.0753766795,0.0683118395714219
gvcfp,gvc: forward,1995,56238.9076462622,export,334633.25260499,0.16806132447527
gvcfp,gvc: forward,1972,1556.61837526352,export,20590.9388711704,0.0755972510531302
gvcmix,gvc: mixed,2020,36297.7306513722,export,783818.407598,0.0463088520242923
gvcmix,gvc: mixed,2010,38460.0683094844,export,821958.260655,0.046790780201949
gvcmix,gvc: mixed,2016,33554.6060883033,export,791452.810206,0.0423962182654575
gvcmix,gvc: mixed,2004,19686.0352748298,export,614748.45061,0.0320229115751261
gvcmix,gvc: mixed,2013,45668.5277655523,export,801348.08474,0.056989626150251
gvcmix,gvc: mixed,2001,11794.4677645163,export,447079.1995,0.0263811597088544
gvcmix,gvc: mixed,2005,24080.0068665153,export,654896.324818,0.036769189189155
gvcmix,gvc: mixed,2018,44364.3954064601,export,907592.42391,0.0488814078188685
gvcmix,gvc: mixed,2007,37584.9994566878,export,767700.113064,0.0489579183552296
gvcmix,gvc: mixed,2008,47304.7803238723,export,845471.7595,0.0559507515092493
gvcmix,gvc: mixed,2012,46661.2878844467,export,865439.88573,0.0539162669225579
gvcmix,gvc: mixed,2015,38382.6756085211,export,758601.614665,0.0505966173371131
gvcmix,gvc: mixed,2019,40806.5009018167,export,883459.248517,0.046189454658283
gvcmix,gvc: mixed,2011,48322.5301905621,export,887651.284563001,0.0544386416500842
gvcmix,gvc: mixed,2017,39972.206652137,export,852060.018454,0.0469124307987877
gvcmix,gvc: mixed,2006,31982.0335979239,export,701695.130028,0.0455782464909622
gvcmix,gvc: mixed,2002,12078.4984254843,export,454995.418438,0.026546417691303
gvcmix,gvc: mixed,2014,49796.4371984118,export,831210.200631,0.059908356707617
gvcmix,gvc: mixed,2009,27801.3283137053,export,633436.011811,0.0438897186066531
gvcmix,gvc: mixed,2003,14617.3489693259,export,514909.079196,0.0283882136864823
gvcmix,gvc: mixed,1977,514.760676674133,export,48665.0413673868,0.0105776274346107
gvcmix,gvc: mixed,1992,1879.23372103037,export,246998.865053273,0.00760826864781365
gvcmix,gvc: mixed,1999,3965.33710384065,export,337231.240165132,0.0117585105754109
gvcmix,gvc: mixed,1998,3702.11264943649,export,308420.772579834,0.0120034478173101
gvcmix,gvc: mixed,1973,170.14225094139,export,25397.9760063271,0.00669904762879547
gvcmix,gvc: mixed,1986,1085.57023814209,export,166265.572519234,0.00652913421397875
gvcmix,gvc: mixed,1988,1612.5242834028,export,215357.267074649,0.00748767062893612
gvcmix,gvc: mixed,1993,1922.54928142814,export,266798.047063629,0.00720600957386178
gvcmix,gvc: mixed,1994,2429.7400037256,export,302127.791286037,0.00804209368950526
gvcmix,gvc: mixed,1968,54.5350322539968,export,9375.72043413666,0.00581662312108163
gvcmix,gvc: mixed,1967,44.3622812642005,export,7324.43412711324,0.00605675202948202
gvcmix,gvc: mixed,1991,2107.88173879575,export,237966.296354965,0.00885790034590238
gvcmix,gvc: mixed,1990,2185.39592983044,export,222463.638422647,0.00982360958098925
gvcmix,gvc: mixed,1983,1058.47773403619,export,98374.1088937478,0.0107597186489327
gvcmix,gvc: mixed,1985,1170.41269210321,export,130316.715963816,0.00898129363870855
gvcmix,gvc: mixed,1982,1089.11778753342,export,87825.0960691683,0.0124009860083235
gvcmix,gvc: mixed,1980,1175.21648190086,export,82647.0638044275,0.0142197003475143
gvcmix,gvc: mixed,1970,83.5584658418371,export,12883.8141097471,0.00648553798821279
gvcmix,gvc: mixed,1974,439.795992535666,export,33010.8852423474,0.0133227567000076
gvcmix,gvc: mixed,1979,805.123340194177,export,71270.193727356,0.0112967749642182
gvcmix,gvc: mixed,1978,540.099028853272,export,64852.3753202385,0.00832813025253561
gvcmix,gvc: mixed,1996,3665.16614195399,export,312557.685428871,0.0117263670446142
gvcmix,gvc: mixed,1971,96.6757460716053,export,15937.0634915977,0.00606609530812087
gvcmix,gvc: mixed,1981,1174.61698385417,export,94458.4548385836,0.0124352762901048
gvcmix,gvc: mixed,1969,63.494050245191,export,11136.2949903989,0.00570154169765906
gvcmix,gvc: mixed,2000,5778.7500317567,export,378710.111790421,0.0152590328376409
gvcmix,gvc: mixed,1989,1929.27627862254,export,221329.87808143,0.00871674577036877
gvcmix,gvc: mixed,1984,1261.37410296558,export,115851.212761343,0.0108878800048822
gvcmix,gvc: mixed,1997,4325.55165028654,export,323723.934880676,0.0133618530612539
gvcmix,gvc: mixed,1976,499.057302831697,export,42319.2394537033,0.0117926812786336
gvcmix,gvc: mixed,1966,39.4424337079745,export,6893.2840521846,0.00572186397795032
gvcmix,gvc: mixed,1975,426.262143724446,export,32416.2278315613,0.0131496528818639
gvcmix,gvc: mixed,1987,1241.3800830069,export,187786.409136138,0.00661059598890858
gvcmix,gvc: mixed,1965,34.7114818107951,export,5883.0753766795,0.00590022727711282
gvcmix,gvc: mixed,1995,3381.49624919877,export,334633.25260499,0.0101050813775234
gvcmix,gvc: mixed,1972,104.804584888879,export,20590.9388711704,0.00508984002840283
traditional_trade_int,traditional: intermediate goods,2020,412841.56558271,import,938481.780661,0.43990365512683
traditional_trade_int,traditional: intermediate goods,2010,388346.3129567,import,852529.301541,0.455522540110633
traditional_trade_int,traditional: intermediate goods,2016,359521.486143511,import,850136.780293,0.422898402324861
traditional_trade_int,traditional: intermediate goods,2004,268309.196031201,import,608267.147146,0.441104204443907
traditional_trade_int,traditional: intermediate goods,2013,429439.13523561,import,978680.541742,0.438793985288837
traditional_trade_int,traditional: intermediate goods,2001,229446.495257825,import,488745.729118,0.469459847090406
traditional_trade_int,traditional: intermediate goods,2005,288264.032114001,import,649952.311508,0.443515665703502
traditional_trade_int,traditional: intermediate goods,2018,398767.635144938,import,978036.502986,0.40772265035863
traditional_trade_int,traditional: intermediate goods,2007,318236.302765781,import,737324.614555,0.431609492594855
traditional_trade_int,traditional: intermediate goods,2008,377781.437378249,import,866686.073441,0.435891897833716
traditional_trade_int,traditional: intermediate goods,2012,485052.407707659,import,1066324.698702,0.454882465254811
traditional_trade_int,traditional: intermediate goods,2015,355058.570198813,import,862037.52079,0.411882965225719
traditional_trade_int,traditional: intermediate goods,2019,397798.095613005,import,974666.254033,0.408137753786987
traditional_trade_int,traditional: intermediate goods,2011,460728.262610915,import,1013452.77833,0.454612461934455
traditional_trade_int,traditional: intermediate goods,2017,372051.261260298,import,902095.057646,0.412430217976317
traditional_trade_int,traditional: intermediate goods,2006,301274.816922984,import,687232.879156,0.4383882466348
traditional_trade_int,traditional: intermediate goods,2002,221458.07436719,import,475853.695322,0.465391099290159
traditional_trade_int,traditional: intermediate goods,2014,431209.989424092,import,1003753.163856,0.429597639092427
traditional_trade_int,traditional: intermediate goods,2009,339722.731139071,import,716869.888091,0.473897337275166
traditional_trade_int,traditional: intermediate goods,2003,243446.360958757,import,525000.623093,0.463706803859607
traditional_trade_int,traditional: intermediate goods,1977,17912.9998998893,import,33217.6802046051,0.539261013699746
traditional_trade_int,traditional: intermediate goods,1992,68548.6657782473,import,165563.812834161,0.414031693307945
traditional_trade_int,traditional: intermediate goods,1999,83506.2710255093,import,237091.600752123,0.352211005200535
traditional_trade_int,traditional: intermediate goods,1998,82088.0438913355,import,224225.51979042,0.366095901876209
traditional_trade_int,traditional: intermediate goods,1973,13581.4663363464,import,23617.8989285624,0.575049727218603
traditional_trade_int,traditional: intermediate goods,1986,43968.675191629,import,88612.0800453382,0.496192789618893
traditional_trade_int,traditional: intermediate goods,1988,63209.9405577241,import,137760.616471476,0.458838978633724
traditional_trade_int,traditional: intermediate goods,1993,73581.0181345284,import,180242.739318891,0.408232910865533
traditional_trade_int,traditional: intermediate goods,1994,83554.3200084453,import,215790.887849701,0.387200408882146
traditional_trade_int,traditional: intermediate goods,1968,5079.56234546328,import,8622.56288005918,0.58910122386123
traditional_trade_int,traditional: intermediate goods,1967,4619.65180494977,import,7722.05699712836,0.598241091287944
traditional_trade_int,traditional: intermediate goods,1991,77997.2981248976,import,178146.495908704,0.437826732022108
traditional_trade_int,traditional: intermediate goods,1990,74364.2243294634,import,170541.324556861,0.436048122193803
traditional_trade_int,traditional: intermediate goods,1983,29222.6430831962,import,56290.0158701714,0.519144339035113
traditional_trade_int,traditional: intermediate goods,1985,38076.5020313293,import,76417.9223366628,0.498266648281556
traditional_trade_int,traditional: intermediate goods,1982,28723.6126688914,import,54982.3739092498,0.522414923668095
traditional_trade_int,traditional: intermediate goods,1980,27783.4070321004,import,53099.8961950486,0.52322902722908
traditional_trade_int,traditional: intermediate goods,1970,6578.97292886207,import,11314.6536059515,0.581455973641253
traditional_trade_int,traditional: intermediate goods,1974,15346.1266539177,import,27302.8024471432,0.562071482721489
traditional_trade_int,traditional: intermediate goods,1979,27091.3831841176,import,53130.69059838,0.509900829050087
traditional_trade_int,traditional: intermediate goods,1978,21329.4177799787,import,41305.1089508542,0.51638691488157
traditional_trade_int,traditional: intermediate goods,1996,99495.8007722123,import,265006.367068285,0.375446831232455
traditional_trade_int,traditional: intermediate goods,1971,6609.13620810609,import,11928.1463164709,0.55407906918277
traditional_trade_int,traditional: intermediate goods,1981,29119.3651959992,import,57286.4715874347,0.508311375951217
traditional_trade_int,traditional: intermediate goods,1969,5737.96640866091,import,9894.10633175384,0.579937815125926
traditional_trade_int,traditional: intermediate goods,2000,89817.4648940788,import,263376.51111444,0.341023064334892
traditional_trade_int,traditional: intermediate goods,1989,70393.2030546784,import,155345.229728727,0.4531404226419
traditional_trade_int,traditional: intermediate goods,1984,37573.7710110171,import,72735.1380501526,0.516583483832932
traditional_trade_int,traditional: intermediate goods,1997,96463.6681430705,import,257939.716721714,0.373977568747753
traditional_trade_int,traditional: intermediate goods,1976,17915.0373191814,import,32638.9688224043,0.5488849055453
traditional_trade_int,traditional: intermediate goods,1966,3710.68864833261,import,6228.64899209112,0.595745345907963
traditional_trade_int,traditional: intermediate goods,1975,15182.6322835346,import,26814.3537948637,0.566212872392355
traditional_trade_int,traditional: intermediate goods,1987,49435.7543606545,import,106034.602384627,0.46622284847481
traditional_trade_int,traditional: intermediate goods,1965,3162.81965817922,import,5302.50307585834,0.596476722961115
traditional_trade_int,traditional: intermediate goods,1995,98073.0215522979,import,260180.564569409,0.376942150596859
traditional_trade_int,traditional: intermediate goods,1972,8425.30750058722,import,14931.4154250772,0.564267168297856
traditional_trade_fin,traditional: final goods,2020,214750.648623803,import,938481.780661,0.228827722657065
traditional_trade_fin,traditional: final goods,2010,181915.594345473,import,852529.301541,0.213383392238424
traditional_trade_fin,traditional: final goods,2016,214936.224670505,import,850136.780293,0.252825462505489
traditional_trade_fin,traditional: final goods,2004,154420.969953228,import,608267.147146,0.253870311223899
traditional_trade_fin,traditional: final goods,2013,218552.485034474,import,978680.541742,0.223313405869358
traditional_trade_fin,traditional: final goods,2001,126062.340756412,import,488745.729118,0.257930316821195
traditional_trade_fin,traditional: final goods,2005,159412.555981757,import,649952.311508,0.24526808068717
traditional_trade_fin,traditional: final goods,2018,240389.431570699,import,978036.502986,0.245787790984055
traditional_trade_fin,traditional: final goods,2007,163045.239888051,import,737324.614555,0.221130878678795
traditional_trade_fin,traditional: final goods,2008,180544.070420274,import,866686.073441,0.208315416565378
traditional_trade_fin,traditional: final goods,2012,224333.091040669,import,1066324.698702,0.210379719529841
traditional_trade_fin,traditional: final goods,2015,216479.519908869,import,862037.52079,0.251125403115261
traditional_trade_fin,traditional: final goods,2019,246513.825307966,import,974666.254033,0.252921268473115
traditional_trade_fin,traditional: final goods,2011,209028.719225976,import,1013452.77833,0.20625402948761
traditional_trade_fin,traditional: final goods,2017,224403.315798313,import,902095.057646,0.248757948396136
traditional_trade_fin,traditional: final goods,2006,155277.402251196,import,687232.879156,0.225945828496876
traditional_trade_fin,traditional: final goods,2002,123934.935321106,import,475853.695322,0.260447563062933
traditional_trade_fin,traditional: final goods,2014,229966.633785946,import,1003753.163856,0.229106758580476
traditional_trade_fin,traditional: final goods,2009,157448.763218712,import,716869.888091,0.219633668304848
traditional_trade_fin,traditional: final goods,2003,131887.051695493,import,525000.623093,0.251213133650186
traditional_trade_fin,traditional: final goods,1977,9275.18108554726,import,33217.6802046051,0.279224227231298
traditional_trade_fin,traditional: final goods,1992,66748.8861150838,import,165563.812834161,0.403161083164614
traditional_trade_fin,traditional: final goods,1999,100847.648373622,import,237091.600752123,0.425353104258876
traditional_trade_fin,traditional: final goods,1998,94167.3244009288,import,224225.51979042,0.419967024667601
traditional_trade_fin,traditional: final goods,1973,6720.65591186973,import,23617.8989285624,0.28455773869631
traditional_trade_fin,traditional: final goods,1986,28246.1608480734,import,88612.0800453382,0.318761966016612
traditional_trade_fin,traditional: final goods,1988,48927.2210420779,import,137760.616471476,0.355161165035935
traditional_trade_fin,traditional: final goods,1993,74040.510511235,import,180242.739318891,0.410782208431931
traditional_trade_fin,traditional: final goods,1994,91554.2126420534,import,215790.887849701,0.424272839109969
traditional_trade_fin,traditional: final goods,1968,2386.78985164346,import,8622.56288005918,0.276807474163306
traditional_trade_fin,traditional: final goods,1967,2083.74542879896,import,7722.05699712836,0.269843311124724
traditional_trade_fin,traditional: final goods,1991,67353.3748298135,import,178146.495908704,0.378078583506524
traditional_trade_fin,traditional: final goods,1990,64462.5651182994,import,170541.324556861,0.37798794682638
traditional_trade_fin,traditional: final goods,1983,15578.2094209181,import,56290.0158701714,0.276749067842653
traditional_trade_fin,traditional: final goods,1985,22821.9965694175,import,76417.9223366628,0.298647174269854
traditional_trade_fin,traditional: final goods,1982,14896.2319546248,import,54982.3739092498,0.270927406284994
traditional_trade_fin,traditional: final goods,1980,14331.5870668745,import,53099.8961950486,0.269898589146599
traditional_trade_fin,traditional: final goods,1970,3158.76859982867,import,11314.6536059515,0.27917501585441
traditional_trade_fin,traditional: final goods,1974,6917.15227948495,import,27302.8024471432,0.25334953409549
traditional_trade_fin,traditional: final goods,1979,16219.2925114493,import,53130.69059838,0.305271629801548
traditional_trade_fin,traditional: final goods,1978,12812.7699230022,import,41305.1089508542,0.310198187305283
traditional_trade_fin,traditional: final goods,1996,110802.842485458,import,265006.367068285,0.41811388802182
traditional_trade_fin,traditional: final goods,1971,3590.6782397587,import,11928.1463164709,0.301025670250249
traditional_trade_fin,traditional: final goods,1981,15792.3432776095,import,57286.4715874347,0.275673170994763
traditional_trade_fin,traditional: final goods,1969,2816.74229183684,import,9894.10633175384,0.284688904423523
traditional_trade_fin,traditional: final goods,2000,106160.821797524,import,263376.51111444,0.403076270348939
traditional_trade_fin,traditional: final goods,1989,56012.9771407935,import,155345.229728727,0.360570950512009
traditional_trade_fin,traditional: final goods,1984,19531.1204273966,import,72735.1380501526,0.268523865506785
traditional_trade_fin,traditional: final goods,1997,105283.34708453,import,257939.716721714,0.408170360201326
traditional_trade_fin,traditional: final goods,1976,8950.94852783158,import,32638.9688224043,0.274241155611736
traditional_trade_fin,traditional: final goods,1966,1696.05590656197,import,6228.64899209112,0.272299162902831
traditional_trade_fin,traditional: final goods,1975,7149.39018812955,import,26814.3537948637,0.266625488826772
traditional_trade_fin,traditional: final goods,1987,37263.145236562,import,106034.602384627,0.351424387874769
traditional_trade_fin,traditional: final goods,1965,1435.72498547055,import,5302.50307585834,0.270763630860911
traditional_trade_fin,traditional: final goods,1995,109285.374574741,import,260180.564569409,0.420036657063931
traditional_trade_fin,traditional: final goods,1972,4503.30668397042,import,14931.4154250772,0.301599450270947
gvcbp,gvc: backward,2020,175589.454290692,import,938481.780661,0.187099481214243
gvcbp,gvc: backward,2010,157562.771311058,import,852529.301541,0.18481801273722
gvcbp,gvc: backward,2016,153868.382434811,import,850136.780293,0.180992501444038
gvcbp,gvc: backward,2004,114415.86936348,import,608267.147146,0.188101346423723
gvcbp,gvc: backward,2013,188911.716873723,import,978680.541742,0.193026946808884
gvcbp,gvc: backward,2001,86375.637410743,import,488745.729118,0.176729191202587
gvcbp,gvc: backward,2005,117057.947092887,import,649952.311508,0.180102362927662
gvcbp,gvc: backward,2018,181396.801225284,import,978036.502986,0.185470379348285
gvcbp,gvc: backward,2007,133756.212411955,import,737324.614555,0.181407496469762
gvcbp,gvc: backward,2008,164691.919705813,import,866686.073441,0.190024883002835
gvcbp,gvc: backward,2012,211201.871271881,import,1066324.698702,0.198065253040626
gvcbp,gvc: backward,2015,157630.639481819,import,862037.52079,0.182858211713755
gvcbp,gvc: backward,2019,181086.731420962,import,974666.254033,0.185793578747245
gvcbp,gvc: backward,2011,196753.325732802,import,1013452.77833,0.19414158206465
gvcbp,gvc: backward,2017,164866.000592914,import,902095.057646,0.18275901103275
gvcbp,gvc: backward,2006,125818.095618605,import,687232.879156,0.183079272594064
gvcbp,gvc: backward,2002,82638.4560371449,import,475853.695322,0.173663579477354
gvcbp,gvc: backward,2014,185969.758572507,import,1003753.163856,0.185274393415697
gvcbp,gvc: backward,2009,129411.161908565,import,716869.888091,0.180522524461423
gvcbp,gvc: backward,2003,93837.2546014024,import,525000.623093,0.1787374156788
gvcbp,gvc: backward,1977,3154.05581817441,import,33217.6802046051,0.0949511163557156
gvcbp,gvc: backward,1992,19406.9891003467,import,165563.812834161,0.117217577731107
gvcbp,gvc: backward,1999,33661.46370017,import,237091.600752123,0.141976618291774
gvcbp,gvc: backward,1998,29056.645465459,import,224225.51979042,0.12958670133809
gvcbp,gvc: backward,1973,1807.41204629117,import,23617.8989285624,0.0765272157255853
gvcbp,gvc: backward,1986,8883.98970561867,import,88612.0800453382,0.100257094755853
gvcbp,gvc: backward,1988,16161.2606237311,import,137760.616471476,0.117314084661326
gvcbp,gvc: backward,1993,21086.9482977276,import,180242.739318891,0.116991943073057
gvcbp,gvc: backward,1994,26791.7037362887,import,215790.887849701,0.12415586220188
gvcbp,gvc: backward,1968,509.691018919283,import,8622.56288005918,0.0591113136557126
gvcbp,gvc: backward,1967,456.568928071841,import,7722.05699712836,0.0591252988991958
gvcbp,gvc: backward,1991,20527.674406612,import,178146.495908704,0.115229178670637
gvcbp,gvc: backward,1990,19518.7726262043,import,170541.324556861,0.114451864830547
gvcbp,gvc: backward,1983,5501.39150259872,import,56290.0158701714,0.0977329890133139
gvcbp,gvc: backward,1985,7473.78091310549,import,76417.9223366628,0.0978014147018992
gvcbp,gvc: backward,1982,5347.65319918992,import,54982.3739092498,0.0972612278985334
gvcbp,gvc: backward,1980,5751.13968825652,import,53099.8961950486,0.108307927140407
gvcbp,gvc: backward,1970,686.768985511487,import,11314.6536059515,0.06069730540847
gvcbp,gvc: backward,1974,2592.25752088535,import,27302.8024471432,0.0949447415115653
gvcbp,gvc: backward,1979,5661.34664125133,import,53130.69059838,0.106555111132396
gvcbp,gvc: backward,1978,4078.20255251209,import,41305.1089508542,0.0987336108316391
gvcbp,gvc: backward,1996,35948.2162890744,import,265006.367068285,0.135650387146402
gvcbp,gvc: backward,1971,737.966578146157,import,11928.1463164709,0.0618676664895652
gvcbp,gvc: backward,1981,6096.39317125082,import,57286.4715874347,0.106419421589722
gvcbp,gvc: backward,1969,567.487525773318,import,9894.10633175384,0.0573561175456586
gvcbp,gvc: backward,2000,42792.1429713356,import,263376.51111444,0.162475168306645
gvcbp,gvc: backward,1989,18050.4012717115,import,155345.229728727,0.116195401064018
gvcbp,gvc: backward,1984,7487.13765359295,import,72735.1380501526,0.102937010285598
gvcbp,gvc: backward,1997,34752.7767394181,import,257939.716721714,0.134732166031307
gvcbp,gvc: backward,1976,2911.46952706694,import,32638.9688224043,0.089202252157808
gvcbp,gvc: backward,1966,337.762480758196,import,6228.64899209112,0.0542272459384166
gvcbp,gvc: backward,1975,2196.45060679856,import,26814.3537948637,0.081913240333962
gvcbp,gvc: backward,1987,11775.4302936756,import,106034.602384627,0.111052713254507
gvcbp,gvc: backward,1965,292.135033804132,import,5302.50307585834,0.0550937980845665
gvcbp,gvc: backward,1995,35091.2703273609,import,260180.564569409,0.134872758022629
gvcbp,gvc: backward,1972,950.677259467459,import,14931.4154250772,0.0636696007982475
gvcfp,gvc: forward,2020,104607.863019274,import,938481.780661,0.111464990770088
gvcfp,gvc: forward,2010,95007.7419234584,import,852529.301541,0.111442201167427
gvcfp,gvc: forward,2016,94494.2340762006,import,850136.780293,0.111151800823902
gvcfp,gvc: forward,2004,53932.5978158538,import,608267.147146,0.0886659719646318
gvcfp,gvc: forward,2013,108239.578846518,import,978680.541742,0.11059745670825
gvcfp,gvc: forward,2001,36352.7873694447,import,488745.729118,0.0743797545505875
gvcfp,gvc: forward,2005,64226.3398927703,import,649952.311508,0.0988170035794692
gvcfp,gvc: forward,2018,120920.463769353,import,978036.502986,0.123635941399095
gvcfp,gvc: forward,2007,92382.872853905,import,737324.614555,0.12529470877581
gvcfp,gvc: forward,2008,107448.358848871,import,866686.073441,0.123976099468484
gvcfp,gvc: forward,2012,110032.590581881,import,1066324.698702,0.10318863542767
gvcfp,gvc: forward,2015,102751.207342057,import,862037.52079,0.119195748287026
gvcfp,gvc: forward,2019,115239.6858383,import,974666.254033,0.118235021846154
gvcfp,gvc: forward,2011,111458.565866877,import,1013452.77833,0.109979042191331
gvcfp,gvc: forward,2017,108791.988202113,import,902095.057646,0.120599250910434
gvcfp,gvc: forward,2006,79181.2667222835,import,687232.879156,0.115217518142507
gvcfp,gvc: forward,2002,37229.6269506161,import,475853.695322,0.0782375493068802
gvcfp,gvc: forward,2014,120441.070385648,import,1003753.163856,0.119990725531528
gvcfp,gvc: forward,2009,69345.9591410393,import,716869.888091,0.0967343729915972
gvcfp,gvc: forward,2003,43089.6957036869,import,525000.623093,0.0820755134533504
gvcfp,gvc: forward,1977,2560.10243283554,import,33217.6802046051,0.0770704762363455
gvcfp,gvc: forward,1992,9301.4077393372,import,165563.812834161,0.0561801977141833
gvcfp,gvc: forward,1999,15471.0791615441,import,237091.600752123,0.0652535944439423
gvcfp,gvc: forward,1998,15646.2143504417,import,224225.51979042,0.0697789188539555
gvcfp,gvc: forward,1973,1370.22981125238,import,23617.8989285624,0.0580165837527271
gvcfp,gvc: forward,1986,6604.54837279299,import,88612.0800453382,0.0745332732220458
gvcfp,gvc: forward,1988,8152.39574695251,import,137760.616471476,0.0591779853761073
gvcfp,gvc: forward,1993,9864.51763373668,import,180242.739318891,0.0547290707576524
gvcfp,gvc: forward,1994,11725.8830000767,import,215790.887849701,0.0543391016966565
gvcfp,gvc: forward,1968,598.026403844346,import,8622.56288005918,0.0693559921989506
gvcfp,gvc: forward,1967,519.393737320015,import,7722.05699712836,0.0672610597815019
gvcfp,gvc: forward,1991,10564.6099874337,import,178146.495908704,0.059302934551392
gvcfp,gvc: forward,1990,10530.2998132158,import,170541.324556861,0.0617463235997371
gvcfp,gvc: forward,1983,5296.42179293754,import,56290.0158701714,0.0940916734710704
gvcfp,gvc: forward,1985,7046.19593486957,import,76417.9223366628,0.0922060652712752
gvcfp,gvc: forward,1982,5326.1582684527,import,54982.3739092498,0.0968702856890773
gvcfp,gvc: forward,1980,4573.45377761952,import,53099.8961950486,0.0861292413985166
gvcfp,gvc: forward,1970,823.321843820608,import,11314.6536059515,0.072765978747024
gvcfp,gvc: forward,1974,2165.18477963539,import,27302.8024471432,0.0793026570743818
gvcfp,gvc: forward,1979,3633.28228343959,import,53130.69059838,0.0683838708384937
gvcfp,gvc: forward,1978,2737.92585994412,import,41305.1089508542,0.066285404626381
gvcfp,gvc: forward,1996,15552.4931635968,import,265006.367068285,0.0586872433883424
gvcfp,gvc: forward,1971,914.659026808295,import,11928.1463164709,0.076680735006184
gvcfp,gvc: forward,1981,5492.91895330588,import,57286.4715874347,0.0958850981932479
gvcfp,gvc: forward,1969,715.357674559787,import,9894.10633175384,0.0723013934329713
gvcfp,gvc: forward,2000,19294.8546988602,import,263376.51111444,0.07325958802179
gvcfp,gvc: forward,1989,9399.97642425089,import,155345.229728727,0.0605102354328206
gvcfp,gvc: forward,1984,7097.81464910451,import,72735.1380501526,0.0975843978492266
gvcfp,gvc: forward,1997,17685.8205282027,import,257939.716721714,0.0685657127680093
gvcfp,gvc: forward,1976,2554.14153000558,import,32638.9688224043,0.0782543573574036
gvcfp,gvc: forward,1966,450.810118046307,import,6228.64899209112,0.0723768699470345
gvcfp,gvc: forward,1975,2061.98482244498,import,26814.3537948637,0.076898546137627
gvcfp,gvc: forward,1987,6570.39822144647,import,106034.602384627,0.0619646612868241
gvcfp,gvc: forward,1965,383.131263924705,import,5302.50307585834,0.0722547933388394
gvcfp,gvc: forward,1995,14682.9820712607,import,260180.564569409,0.0564338158599994
gvcfp,gvc: forward,1972,971.176623158109,import,14931.4154250772,0.0650425023690003
gvcmix,gvc: mixed,2020,30692.249144521,import,938481.780661,0.0327041502317749
gvcmix,gvc: mixed,2010,29696.881004311,import,852529.301541,0.0348338537462959
gvcmix,gvc: mixed,2016,27316.4529679718,import,850136.780293,0.0321318329017093
gvcmix,gvc: mixed,2004,17188.5139822374,import,608267.147146,0.0282581659438393
gvcmix,gvc: mixed,2013,33537.6257516744,import,978680.541742,0.0342682053246702
gvcmix,gvc: mixed,2001,10508.4683235749,import,488745.729118,0.0215008903352233
gvcmix,gvc: mixed,2005,20991.4364265855,import,649952.311508,0.0322968871021965
gvcmix,gvc: mixed,2018,36562.1712757266,import,978036.502986,0.0373832379099351
gvcmix,gvc: mixed,2007,29903.9866353079,import,737324.614555,0.0405574234807771
gvcmix,gvc: mixed,2008,36220.2870877934,import,866686.073441,0.0417917031295867
gvcmix,gvc: mixed,2012,35704.7380999108,import,1066324.698702,0.0334839267470527
gvcmix,gvc: mixed,2015,30117.5838584428,import,862037.52079,0.0349376716582383
gvcmix,gvc: mixed,2019,34027.9158527665,import,974666.254033,0.0349123771465
gvcmix,gvc: mixed,2011,35483.9048934305,import,1013452.77833,0.0350128843219534
gvcmix,gvc: mixed,2017,31982.4917923616,import,902095.057646,0.0354535716843625
gvcmix,gvc: mixed,2006,25681.2976409314,import,687232.879156,0.037369134131753
gvcmix,gvc: mixed,2002,10592.6026459424,import,475853.695322,0.0222602088626729
gvcmix,gvc: mixed,2014,36165.7116878066,import,1003753.163856,0.036030483379871
gvcmix,gvc: mixed,2009,20941.2726836121,import,716869.888091,0.0292120969669656
gvcmix,gvc: mixed,2003,12740.2601336612,import,525000.623093,0.0242671333580577
gvcmix,gvc: mixed,1977,315.340968158555,import,33217.6802046051,0.00949316647689439
gvcmix,gvc: mixed,1992,1557.86410114591,import,165563.812834161,0.00940944808215047
gvcmix,gvc: mixed,1999,3605.13849127826,import,237091.600752123,0.0152056778048725
gvcmix,gvc: mixed,1998,3267.29168225457,import,224225.51979042,0.0145714532641443
gvcmix,gvc: mixed,1973,138.134822802778,import,23617.8989285624,0.0058487346067742
gvcmix,gvc: mixed,1986,908.705927224118,import,88612.0800453382,0.0102548763865963
gvcmix,gvc: mixed,1988,1309.79850099009,import,137760.616471476,0.0095077862929083
gvcmix,gvc: mixed,1993,1669.74474166346,import,180242.739318891,0.00926386687182609
gvcmix,gvc: mixed,1994,2164.76846283659,import,215790.887849701,0.0100317881093495
gvcmix,gvc: mixed,1968,48.4932601888144,import,8622.56288005918,0.00562399612080087
gvcmix,gvc: mixed,1967,42.6970979877677,import,7722.05699712836,0.00552923890663403
gvcmix,gvc: mixed,1991,1703.53855994696,import,178146.495908704,0.00956257124933844
gvcmix,gvc: mixed,1990,1665.46266967852,import,170541.324556861,0.00976574254953217
gvcmix,gvc: mixed,1983,691.35007052089,import,56290.0158701714,0.0122819306378495
gvcmix,gvc: mixed,1985,999.446887940995,import,76417.9223366628,0.0130786974754153
gvcmix,gvc: mixed,1982,688.71781809101,import,54982.3739092498,0.0125261564593002
gvcmix,gvc: mixed,1980,660.308630197721,import,53099.8961950486,0.0124352150853977
gvcmix,gvc: mixed,1970,66.8212479287027,import,11314.6536059515,0.00590572634884329
gvcmix,gvc: mixed,1974,282.081213219855,import,27302.8024471432,0.0103315845970738
gvcmix,gvc: mixed,1979,525.385978122216,import,53130.69059838,0.00988855917747539
gvcmix,gvc: mixed,1978,346.792835417084,import,41305.1089508542,0.00839588235512722
gvcmix,gvc: mixed,1996,3207.01435794305,import,265006.367068285,0.0121016502109804
gvcmix,gvc: mixed,1971,75.7062636516647,import,11928.1463164709,0.00634685907123107
gvcmix,gvc: mixed,1981,785.450989269217,import,57286.4715874347,0.01371093327105
gvcmix,gvc: mixed,1969,56.5524309229825,import,9894.10633175384,0.00571576947192137
gvcmix,gvc: mixed,2000,5311.2267526406,import,263376.51111444,0.0201659089877336
gvcmix,gvc: mixed,1989,1488.67183729283,import,155345.229728727,0.00958299034925268
gvcmix,gvc: mixed,1984,1045.29430904142,import,72735.1380501526,0.0143712425254582
gvcmix,gvc: mixed,1997,3754.10422649253,import,257939.716721714,0.0145541922516057
gvcmix,gvc: mixed,1976,307.371918318829,import,32638.9688224043,0.00941732932775256
gvcmix,gvc: mixed,1966,33.3318383920384,import,6228.64899209112,0.00535137530375557
gvcmix,gvc: mixed,1975,223.895893956016,import,26814.3537948637,0.00834985230928457
gvcmix,gvc: mixed,1987,989.874272288126,import,106034.602384627,0.00933538910908994
gvcmix,gvc: mixed,1965,28.6921344797343,import,5302.50307585834,0.00541105475456793
gvcmix,gvc: mixed,1995,3047.91604374873,import,260180.564569409,0.011714618456582
gvcmix,gvc: mixed,1972,80.947357893966,import,14931.4154250772,0.00542127826394916
